{
    "inf": [
        0.49
    ],
    "2": [
        0.48
    ],
    "1.6": [
        0.47
    ],
    "1.5": [
        0.5
    ],
    "1.4": [
        0.4835164835164835
    ],
    "1.3": [
        0.5116279069767442
    ],
    "1.2": [
        0.4927536231884058
    ],
    "1.1": [
        0.4909090909090909
    ],
    "0.9": [
        0.5882352941176471
    ],
    "0.8": [
        0.48148148148148145
    ],
    "0.7": [
        0.5238095238095238
    ],
    "0.6": [
        0.6
    ],
    "0.5": [
        0.6666666666666666
    ],
    "0.4": [
        0.625
    ],
    "0.3": [
        0.6
    ],
    "0.2": [
        0.5
    ],
    "0.1": [
        0.0
    ]
}