{
    "inf": [
        0.47
    ],
    "2": [
        0.47
    ],
    "1.6": [
        0.47
    ],
    "1.5": [
        0.46938775510204084
    ],
    "1.4": [
        0.4835164835164835
    ],
    "1.3": [
        0.49411764705882355
    ],
    "1.2": [
        0.4794520547945205
    ],
    "1.1": [
        0.5
    ],
    "0.9": [
        0.5555555555555556
    ],
    "0.8": [
        0.5862068965517241
    ],
    "0.7": [
        0.6111111111111112
    ],
    "0.6": [
        0.75
    ],
    "0.5": [
        0.625
    ],
    "0.4": [
        0.5
    ],
    "0.3": [
        1.0
    ],
    "0.2": [
        1.0
    ],
    "0.1": [
        null
    ]
}