{
    "inf": [
        0.67
    ],
    "2": [
        0.69
    ],
    "1.6": [
        0.71
    ],
    "1.5": [
        0.66
    ],
    "1.4": [
        0.71875
    ],
    "1.3": [
        0.7303370786516854
    ],
    "1.2": [
        0.7160493827160493
    ],
    "1.1": [
        0.7536231884057971
    ],
    "0.9": [
        0.8085106382978723
    ],
    "0.8": [
        0.8421052631578947
    ],
    "0.7": [
        0.9333333333333333
    ],
    "0.6": [
        0.9615384615384616
    ],
    "0.5": [
        0.9523809523809523
    ],
    "0.4": [
        0.9411764705882353
    ],
    "0.3": [
        0.9333333333333333
    ],
    "0.2": [
        0.9285714285714286
    ],
    "0.1": [
        0.9
    ]
}