{
    "inf": [
        0.72
    ],
    "2": [
        0.68
    ],
    "1.6": [
        0.68
    ],
    "1.5": [
        0.7070707070707071
    ],
    "1.4": [
        0.7340425531914894
    ],
    "1.3": [
        0.7191011235955056
    ],
    "1.2": [
        0.7469879518072289
    ],
    "1.1": [
        0.8055555555555556
    ],
    "0.9": [
        0.875
    ],
    "0.8": [
        0.8536585365853658
    ],
    "0.7": [
        0.896551724137931
    ],
    "0.6": [
        0.9090909090909091
    ],
    "0.5": [
        0.9411764705882353
    ],
    "0.4": [
        0.9444444444444444
    ],
    "0.3": [
        0.9444444444444444
    ],
    "0.2": [
        0.9285714285714286
    ],
    "0.1": [
        0.9090909090909091
    ]
}