{
    "inf": [
        0.72
    ],
    "2": [
        0.7
    ],
    "1.6": [
        0.65
    ],
    "1.5": [
        0.6565656565656566
    ],
    "1.4": [
        0.7142857142857143
    ],
    "1.3": [
        0.6842105263157895
    ],
    "1.2": [
        0.6881720430107527
    ],
    "1.1": [
        0.7411764705882353
    ],
    "0.9": [
        0.8
    ],
    "0.8": [
        0.723404255319149
    ],
    "0.7": [
        0.8787878787878788
    ],
    "0.6": [
        0.8461538461538461
    ],
    "0.5": [
        0.875
    ],
    "0.4": [
        0.9444444444444444
    ],
    "0.3": [
        0.875
    ],
    "0.2": [
        0.9166666666666666
    ],
    "0.1": [
        0.8
    ]
}