{
    "inf": [
        0.41
    ],
    "2": [
        0.41
    ],
    "1.6": [
        0.42
    ],
    "1.5": [
        0.4329896907216495
    ],
    "1.4": [
        0.4157303370786517
    ],
    "1.3": [
        0.4125
    ],
    "1.2": [
        0.42424242424242425
    ],
    "1.1": [
        0.423728813559322
    ],
    "0.9": [
        0.42857142857142855
    ],
    "0.8": [
        0.4
    ],
    "0.7": [
        0.5
    ],
    "0.6": [
        0.42857142857142855
    ],
    "0.5": [
        0.6
    ],
    "0.4": [
        0.42857142857142855
    ],
    "0.3": [
        0.5
    ],
    "0.2": [
        0.6666666666666666
    ],
    "0.1": [
        1.0
    ]
}