{
    "inf": [
        0.47
    ],
    "2": [
        0.47
    ],
    "1.6": [
        0.45
    ],
    "1.5": [
        0.45
    ],
    "1.4": [
        0.5
    ],
    "1.3": [
        0.4659090909090909
    ],
    "1.2": [
        0.4864864864864865
    ],
    "1.1": [
        0.484375
    ],
    "0.9": [
        0.4146341463414634
    ],
    "0.8": [
        0.4375
    ],
    "0.7": [
        0.5238095238095238
    ],
    "0.6": [
        0.5454545454545454
    ],
    "0.5": [
        0.6
    ],
    "0.4": [
        0.625
    ],
    "0.3": [
        0.5
    ],
    "0.2": [
        0.0
    ],
    "0.1": [
        null
    ]
}