{
    "inf": [
        0.7
    ],
    "2": [
        0.71
    ],
    "1.6": [
        0.7
    ],
    "1.5": [
        0.7070707070707071
    ],
    "1.4": [
        0.7142857142857143
    ],
    "1.3": [
        0.7204301075268817
    ],
    "1.2": [
        0.6923076923076923
    ],
    "1.1": [
        0.7530864197530864
    ],
    "0.9": [
        0.7457627118644068
    ],
    "0.8": [
        0.7872340425531915
    ],
    "0.7": [
        0.9696969696969697
    ],
    "0.6": [
        0.9666666666666667
    ],
    "0.5": [
        0.95
    ],
    "0.4": [
        0.9473684210526315
    ],
    "0.3": [
        0.9333333333333333
    ],
    "0.2": [
        0.9166666666666666
    ],
    "0.1": [
        0.8333333333333334
    ]
}