{
    "inf": [
        0.42
    ],
    "2": [
        0.42
    ],
    "1.6": [
        0.42
    ],
    "1.5": [
        0.44
    ],
    "1.4": [
        0.425531914893617
    ],
    "1.3": [
        0.4318181818181818
    ],
    "1.2": [
        0.410958904109589
    ],
    "1.1": [
        0.43548387096774194
    ],
    "0.9": [
        0.475
    ],
    "0.8": [
        0.5
    ],
    "0.7": [
        0.5
    ],
    "0.6": [
        0.5625
    ],
    "0.5": [
        0.6
    ],
    "0.4": [
        0.6666666666666666
    ],
    "0.3": [
        0.6
    ],
    "0.2": [
        0.75
    ],
    "0.1": [
        null
    ]
}