{
    "inf": [
        0.67
    ],
    "2": [
        0.68
    ],
    "1.6": [
        0.65
    ],
    "1.5": [
        0.7
    ],
    "1.4": [
        0.7551020408163265
    ],
    "1.3": [
        0.6881720430107527
    ],
    "1.2": [
        0.675
    ],
    "1.1": [
        0.7123287671232876
    ],
    "0.9": [
        0.78
    ],
    "0.8": [
        0.8780487804878049
    ],
    "0.7": [
        0.8709677419354839
    ],
    "0.6": [
        0.896551724137931
    ],
    "0.5": [
        0.95
    ],
    "0.4": [
        0.9411764705882353
    ],
    "0.3": [
        0.9333333333333333
    ],
    "0.2": [
        0.9285714285714286
    ],
    "0.1": [
        0.9230769230769231
    ]
}