{
    "inf": [
        0.74
    ],
    "2": [
        0.69
    ],
    "1.6": [
        0.76
    ],
    "1.5": [
        0.74
    ],
    "1.4": [
        0.7628865979381443
    ],
    "1.3": [
        0.7659574468085106
    ],
    "1.2": [
        0.7951807228915663
    ],
    "1.1": [
        0.8333333333333334
    ],
    "0.9": [
        0.8979591836734694
    ],
    "0.8": [
        0.8571428571428571
    ],
    "0.7": [
        0.9375
    ],
    "0.6": [
        0.9565217391304348
    ],
    "0.5": [
        0.9523809523809523
    ],
    "0.4": [
        0.9411764705882353
    ],
    "0.3": [
        0.9230769230769231
    ],
    "0.2": [
        0.9230769230769231
    ],
    "0.1": [
        1.0
    ]
}