{
    "inf": [
        0.69
    ],
    "2": [
        0.71
    ],
    "1.6": [
        0.69
    ],
    "1.5": [
        0.6938775510204082
    ],
    "1.4": [
        0.711340206185567
    ],
    "1.3": [
        0.6781609195402298
    ],
    "1.2": [
        0.7407407407407407
    ],
    "1.1": [
        0.7671232876712328
    ],
    "0.9": [
        0.86
    ],
    "0.8": [
        0.8125
    ],
    "0.7": [
        0.9032258064516129
    ],
    "0.6": [
        0.9285714285714286
    ],
    "0.5": [
        0.9583333333333334
    ],
    "0.4": [
        0.9444444444444444
    ],
    "0.3": [
        0.9375
    ],
    "0.2": [
        0.9333333333333333
    ],
    "0.1": [
        0.875
    ]
}