{
    "inf": [
        0.7
    ],
    "2": [
        0.65
    ],
    "1.6": [
        0.68
    ],
    "1.5": [
        0.6428571428571429
    ],
    "1.4": [
        0.6842105263157895
    ],
    "1.3": [
        0.7159090909090909
    ],
    "1.2": [
        0.7105263157894737
    ],
    "1.1": [
        0.7183098591549296
    ],
    "0.9": [
        0.8163265306122449
    ],
    "0.8": [
        0.8
    ],
    "0.7": [
        0.8571428571428571
    ],
    "0.6": [
        0.8888888888888888
    ],
    "0.5": [
        0.8888888888888888
    ],
    "0.4": [
        0.8947368421052632
    ],
    "0.3": [
        0.8947368421052632
    ],
    "0.2": [
        0.9411764705882353
    ],
    "0.1": [
        0.9230769230769231
    ]
}