{
    "inf": [
        0.76
    ],
    "2": [
        0.73
    ],
    "1.6": [
        0.73
    ],
    "1.5": [
        0.7142857142857143
    ],
    "1.4": [
        0.7040816326530612
    ],
    "1.3": [
        0.7525773195876289
    ],
    "1.2": [
        0.7282608695652174
    ],
    "1.1": [
        0.7662337662337663
    ],
    "0.9": [
        0.8245614035087719
    ],
    "0.8": [
        0.8518518518518519
    ],
    "0.7": [
        0.813953488372093
    ],
    "0.6": [
        0.8947368421052632
    ],
    "0.5": [
        0.9285714285714286
    ],
    "0.4": [
        0.9090909090909091
    ],
    "0.3": [
        0.95
    ],
    "0.2": [
        0.9166666666666666
    ],
    "0.1": [
        0.8333333333333334
    ]
}