{
    "inf": [
        0.79
    ],
    "2": [
        0.73
    ],
    "1.6": [
        0.75
    ],
    "1.5": [
        0.7373737373737373
    ],
    "1.4": [
        0.7422680412371134
    ],
    "1.3": [
        0.7368421052631579
    ],
    "1.2": [
        0.797752808988764
    ],
    "1.1": [
        0.7368421052631579
    ],
    "0.9": [
        0.8035714285714286
    ],
    "0.8": [
        0.8235294117647058
    ],
    "0.7": [
        0.8888888888888888
    ],
    "0.6": [
        0.8846153846153846
    ],
    "0.5": [
        0.9523809523809523
    ],
    "0.4": [
        0.9411764705882353
    ],
    "0.3": [
        0.9333333333333333
    ],
    "0.2": [
        0.9285714285714286
    ],
    "0.1": [
        0.8888888888888888
    ]
}