{
    "inf": [
        0.8314720812182741
    ],
    "2": [
        0.8294416243654822
    ],
    "1.6": [
        0.8890290037831021
    ],
    "1.5": [
        0.9026798307475318
    ],
    "1.4": [
        0.9136577708006279
    ],
    "1.3": [
        0.9335664335664335
    ],
    "1.2": [
        0.9473684210526315
    ],
    "1.1": [
        0.9474835886214442
    ],
    "0.9": [
        0.9557522123893806
    ],
    "0.8": [
        0.950530035335689
    ],
    "0.7": [
        0.9572649572649573
    ],
    "0.6": [
        0.9790575916230366
    ],
    "0.5": [
        0.9932432432432432
    ],
    "0.4": [
        0.990990990990991
    ],
    "0.3": [
        0.9871794871794872
    ],
    "0.2": [
        1.0
    ],
    "0.1": [
        1.0
    ]
}