{
    "inf": [
        0.7654822335025381
    ],
    "2": [
        0.7776649746192893
    ],
    "1.6": [
        0.8267716535433071
    ],
    "1.5": [
        0.8547904191616766
    ],
    "1.4": [
        0.872791519434629
    ],
    "1.3": [
        0.8879668049792531
    ],
    "1.2": [
        0.9154589371980676
    ],
    "1.1": [
        0.9418604651162791
    ],
    "0.9": [
        0.9551569506726457
    ],
    "0.8": [
        0.975
    ],
    "0.7": [
        0.975
    ],
    "0.6": [
        1.0
    ],
    "0.5": [
        1.0
    ],
    "0.4": [
        1.0
    ],
    "0.3": [
        1.0
    ],
    "0.2": [
        1.0
    ],
    "0.1": [
        1.0
    ]
}