{
    "inf": [
        0.8436548223350254
    ],
    "2": [
        0.8467005076142132
    ],
    "1.6": [
        0.8474059003051883
    ],
    "1.5": [
        0.8530318602261048
    ],
    "1.4": [
        0.85625
    ],
    "1.3": [
        0.8593913955928646
    ],
    "1.2": [
        0.8636847710330139
    ],
    "1.1": [
        0.8657205240174672
    ],
    "0.9": [
        0.8860465116279069
    ],
    "0.8": [
        0.8990267639902676
    ],
    "0.7": [
        0.9162371134020618
    ],
    "0.6": [
        0.9181446111869032
    ],
    "0.5": [
        0.9232954545454546
    ],
    "0.4": [
        0.9304084720121029
    ],
    "0.3": [
        0.9425287356321839
    ],
    "0.2": [
        0.9492119089316988
    ],
    "0.1": [
        0.9490835030549898
    ]
}