{
    "inf": [
        0.8304568527918782
    ],
    "2": [
        0.8121827411167513
    ],
    "1.6": [
        0.8795483061480552
    ],
    "1.5": [
        0.8879432624113475
    ],
    "1.4": [
        0.9083728278041074
    ],
    "1.3": [
        0.9177101967799642
    ],
    "1.2": [
        0.9188118811881189
    ],
    "1.1": [
        0.9375
    ],
    "0.9": [
        0.9523809523809523
    ],
    "0.8": [
        0.9845559845559846
    ],
    "0.7": [
        0.9893048128342246
    ],
    "0.6": [
        0.99375
    ],
    "0.5": [
        0.9915966386554622
    ],
    "0.4": [
        0.9891304347826086
    ],
    "0.3": [
        1.0
    ],
    "0.2": [
        1.0
    ],
    "0.1": [
        1.0
    ]
}