{
    "inf": [
        0.7746192893401015
    ],
    "2": [
        0.7725888324873097
    ],
    "1.6": [
        0.7811518324607329
    ],
    "1.5": [
        0.7913907284768212
    ],
    "1.4": [
        0.8016147635524798
    ],
    "1.3": [
        0.8056580565805658
    ],
    "1.2": [
        0.836
    ],
    "1.1": [
        0.8377997179125529
    ],
    "0.9": [
        0.8675721561969439
    ],
    "0.8": [
        0.8846153846153846
    ],
    "0.7": [
        0.9133333333333333
    ],
    "0.6": [
        0.9219143576826196
    ],
    "0.5": [
        0.9275766016713092
    ],
    "0.4": [
        0.9344262295081968
    ],
    "0.3": [
        0.950381679389313
    ],
    "0.2": [
        0.958139534883721
    ],
    "0.1": [
        0.95625
    ]
}