{
    "inf": [
        0.7898477157360406
    ],
    "2": [
        0.8020304568527918
    ],
    "1.6": [
        0.8182807399347116
    ],
    "1.5": [
        0.8321995464852607
    ],
    "1.4": [
        0.84375
    ],
    "1.3": [
        0.8696774193548387
    ],
    "1.2": [
        0.8896457765667575
    ],
    "1.1": [
        0.8852223816355811
    ],
    "0.9": [
        0.912396694214876
    ],
    "0.8": [
        0.9219858156028369
    ],
    "0.7": [
        0.9341317365269461
    ],
    "0.6": [
        0.9517543859649122
    ],
    "0.5": [
        0.964200477326969
    ],
    "0.4": [
        0.9748603351955307
    ],
    "0.3": [
        0.9725609756097561
    ],
    "0.2": [
        0.9763779527559056
    ],
    "0.1": [
        0.9846938775510204
    ]
}