{
    "inf": [
        0.7888324873096447
    ],
    "2": [
        0.7888324873096447
    ],
    "1.6": [
        0.7873855544252288
    ],
    "1.5": [
        0.7930327868852459
    ],
    "1.4": [
        0.8010309278350516
    ],
    "1.3": [
        0.8041884816753927
    ],
    "1.2": [
        0.8191489361702128
    ],
    "1.1": [
        0.8144104803493449
    ],
    "0.9": [
        0.839766081871345
    ],
    "0.8": [
        0.8546583850931677
    ],
    "0.7": [
        0.8697916666666666
    ],
    "0.6": [
        0.8896457765667575
    ],
    "0.5": [
        0.9077380952380952
    ],
    "0.4": [
        0.9205607476635514
    ],
    "0.3": [
        0.9282051282051282
    ],
    "0.2": [
        0.9416195856873822
    ],
    "0.1": [
        0.9407894736842105
    ]
}