{
    "inf": [
        0.5522842639593909
    ],
    "2": [
        0.5279187817258884
    ],
    "1.6": [
        0.8766233766233766
    ],
    "1.5": [
        0.8910891089108911
    ],
    "1.4": [
        0.9850746268656716
    ],
    "1.3": [
        0.9047619047619048
    ],
    "1.2": [
        0.9696969696969697
    ],
    "1.1": [
        0.9259259259259259
    ],
    "0.9": [
        0.9285714285714286
    ],
    "0.8": [
        0.9
    ],
    "0.7": [
        0.9285714285714286
    ],
    "0.6": [
        0.8571428571428571
    ],
    "0.5": [
        1.0
    ],
    "0.4": [
        1.0
    ],
    "0.3": [
        1.0
    ],
    "0.2": [
        1.0
    ],
    "0.1": [
        1.0
    ]
}