{
    "inf": [
        0.8
    ],
    "2": [
        0.8050761421319796
    ],
    "1.6": [
        0.8602409638554217
    ],
    "1.5": [
        0.8804204993429697
    ],
    "1.4": [
        0.8979885057471264
    ],
    "1.3": [
        0.9145962732919255
    ],
    "1.2": [
        0.9373913043478261
    ],
    "1.1": [
        0.9446564885496184
    ],
    "0.9": [
        0.9553571428571429
    ],
    "0.8": [
        0.9607843137254902
    ],
    "0.7": [
        0.9635854341736695
    ],
    "0.6": [
        0.9612903225806452
    ],
    "0.5": [
        0.9688715953307393
    ],
    "0.4": [
        0.9712918660287081
    ],
    "0.3": [
        0.975
    ],
    "0.2": [
        0.9811320754716981
    ],
    "0.1": [
        0.9807692307692307
    ]
}