{
    "inf": [
        0.6639593908629442
    ],
    "2": [
        0.6842639593908629
    ],
    "1.6": [
        0.9782608695652174
    ],
    "1.5": [
        0.9565217391304348
    ],
    "1.4": [
        0.9285714285714286
    ],
    "1.3": [
        1.0
    ],
    "1.2": [
        1.0
    ],
    "1.1": [
        1.0
    ],
    "0.9": [
        1.0
    ],
    "0.8": [
        1.0
    ],
    "0.7": [
        1.0
    ],
    "0.6": [
        1.0
    ],
    "0.5": [
        null
    ],
    "0.4": [
        null
    ],
    "0.3": [
        null
    ],
    "0.2": [
        null
    ],
    "0.1": [
        null
    ]
}