{
    "inf": [
        0.7969543147208121
    ],
    "2": [
        0.7959390862944162
    ],
    "1.6": [
        0.8335287221570926
    ],
    "1.5": [
        0.8473282442748091
    ],
    "1.4": [
        0.871866295264624
    ],
    "1.3": [
        0.881619937694704
    ],
    "1.2": [
        0.8926056338028169
    ],
    "1.1": [
        0.9022403258655805
    ],
    "0.9": [
        0.9310344827586207
    ],
    "0.8": [
        0.9451219512195121
    ],
    "0.7": [
        0.946969696969697
    ],
    "0.6": [
        0.9551569506726457
    ],
    "0.5": [
        0.9772727272727273
    ],
    "0.4": [
        0.9689922480620154
    ],
    "0.3": [
        0.9787234042553191
    ],
    "0.2": [
        0.9661016949152542
    ],
    "0.1": [
        0.9696969696969697
    ]
}