{
    "inf": [
        0.7532994923857868
    ],
    "2": [
        0.7583756345177665
    ],
    "1.6": [
        0.9490445859872612
    ],
    "1.5": [
        0.974025974025974
    ],
    "1.4": [
        0.9795918367346939
    ],
    "1.3": [
        1.0
    ],
    "1.2": [
        1.0
    ],
    "1.1": [
        1.0
    ],
    "0.9": [
        1.0
    ],
    "0.8": [
        1.0
    ],
    "0.7": [
        1.0
    ],
    "0.6": [
        1.0
    ],
    "0.5": [
        1.0
    ],
    "0.4": [
        1.0
    ],
    "0.3": [
        1.0
    ],
    "0.2": [
        null
    ],
    "0.1": [
        null
    ]
}