{
    "inf": [
        0.7908629441624365
    ],
    "2": [
        0.7857868020304568
    ],
    "1.6": [
        0.8183934807916181
    ],
    "1.5": [
        0.8417721518987342
    ],
    "1.4": [
        0.8484848484848485
    ],
    "1.3": [
        0.8731343283582089
    ],
    "1.2": [
        0.8927392739273927
    ],
    "1.1": [
        0.9131238447319778
    ],
    "0.9": [
        0.9310344827586207
    ],
    "0.8": [
        0.94
    ],
    "0.7": [
        0.9602272727272727
    ],
    "0.6": [
        0.9742765273311897
    ],
    "0.5": [
        0.9765625
    ],
    "0.4": [
        0.9906542056074766
    ],
    "0.3": [
        0.9936305732484076
    ],
    "0.2": [
        1.0
    ],
    "0.1": [
        1.0
    ]
}