{
    "inf": [
        0.8446700507614213
    ],
    "2": [
        0.8375634517766497
    ],
    "1.6": [
        0.8364197530864198
    ],
    "1.5": [
        0.8506224066390041
    ],
    "1.4": [
        0.8544102019128587
    ],
    "1.3": [
        0.8560523446019629
    ],
    "1.2": [
        0.8614864864864865
    ],
    "1.1": [
        0.876905041031653
    ],
    "0.9": [
        0.9029374201787995
    ],
    "0.8": [
        0.9245541838134431
    ],
    "0.7": [
        0.9320809248554913
    ],
    "0.6": [
        0.9561128526645768
    ],
    "0.5": [
        0.9636963696369637
    ],
    "0.4": [
        0.9625668449197861
    ],
    "0.3": [
        0.9641509433962264
    ],
    "0.2": [
        0.9705263157894737
    ],
    "0.1": [
        0.9751243781094527
    ]
}