{
    "inf": [
        0.8467005076142132
    ],
    "2": [
        0.8406091370558376
    ],
    "1.6": [
        0.8466257668711656
    ],
    "1.5": [
        0.8589211618257261
    ],
    "1.4": [
        0.8583420776495279
    ],
    "1.3": [
        0.8653846153846154
    ],
    "1.2": [
        0.8766519823788547
    ],
    "1.1": [
        0.8796821793416572
    ],
    "0.9": [
        0.8982630272952854
    ],
    "0.8": [
        0.9228758169934641
    ],
    "0.7": [
        0.9327731092436975
    ],
    "0.6": [
        0.9459459459459459
    ],
    "0.5": [
        0.9557661927330173
    ],
    "0.4": [
        0.9592529711375212
    ],
    "0.3": [
        0.9663551401869159
    ],
    "0.2": [
        0.9729166666666667
    ],
    "0.1": [
        0.9847715736040609
    ]
}