{
    "inf": [
        0.749238578680203
    ],
    "2": [
        0.7441624365482233
    ],
    "1.6": [
        0.8148148148148148
    ],
    "1.5": [
        0.8274706867671692
    ],
    "1.4": [
        0.8356713426853707
    ],
    "1.3": [
        0.8568019093078759
    ],
    "1.2": [
        0.8845070422535212
    ],
    "1.1": [
        0.9014084507042254
    ],
    "0.9": [
        0.9121951219512195
    ],
    "0.8": [
        0.9299363057324841
    ],
    "0.7": [
        0.9153846153846154
    ],
    "0.6": [
        0.9375
    ],
    "0.5": [
        0.961038961038961
    ],
    "0.4": [
        0.9672131147540983
    ],
    "0.3": [
        0.9545454545454546
    ],
    "0.2": [
        0.9230769230769231
    ],
    "0.1": [
        0.9090909090909091
    ]
}