{
    "inf": [
        0.7979695431472081
    ],
    "2": [
        0.7979695431472081
    ],
    "1.6": [
        0.8517587939698492
    ],
    "1.5": [
        0.8633193863319386
    ],
    "1.4": [
        0.8862928348909658
    ],
    "1.3": [
        0.9042016806722689
    ],
    "1.2": [
        0.9124087591240876
    ],
    "1.1": [
        0.9266802443991853
    ],
    "0.9": [
        0.9588688946015425
    ],
    "0.8": [
        0.9654178674351584
    ],
    "0.7": [
        0.9746031746031746
    ],
    "0.6": [
        0.9774436090225563
    ],
    "0.5": [
        0.9908675799086758
    ],
    "0.4": [
        0.9943820224719101
    ],
    "0.3": [
        0.9925925925925926
    ],
    "0.2": [
        1.0
    ],
    "0.1": [
        1.0
    ]
}