{
    "inf": [
        0.8456852791878172
    ],
    "2": [
        0.8406091370558376
    ],
    "1.6": [
        0.8514750762970499
    ],
    "1.5": [
        0.8486707566462167
    ],
    "1.4": [
        0.8521199586349535
    ],
    "1.3": [
        0.8598326359832636
    ],
    "1.2": [
        0.8618490967056323
    ],
    "1.1": [
        0.8704103671706264
    ],
    "0.9": [
        0.8931475029036005
    ],
    "0.8": [
        0.9063625450180072
    ],
    "0.7": [
        0.9116161616161617
    ],
    "0.6": [
        0.9289544235924933
    ],
    "0.5": [
        0.9396914446002805
    ],
    "0.4": [
        0.9469026548672567
    ],
    "0.3": [
        0.9594155844155844
    ],
    "0.2": [
        0.9616724738675958
    ],
    "0.1": [
        0.967741935483871
    ]
}