{
    "inf": [
        0.8142131979695432
    ],
    "2": [
        0.8213197969543147
    ],
    "1.6": [
        0.8249744114636642
    ],
    "1.5": [
        0.8245614035087719
    ],
    "1.4": [
        0.8303477344573235
    ],
    "1.3": [
        0.8392664509169363
    ],
    "1.2": [
        0.8535242290748899
    ],
    "1.1": [
        0.8581314878892734
    ],
    "0.9": [
        0.8924870466321243
    ],
    "0.8": [
        0.9074829931972789
    ],
    "0.7": [
        0.9329446064139941
    ],
    "0.6": [
        0.9424342105263158
    ],
    "0.5": [
        0.9577464788732394
    ],
    "0.4": [
        0.957169459962756
    ],
    "0.3": [
        0.960167714884696
    ],
    "0.2": [
        0.9582366589327146
    ],
    "0.1": [
        0.9798850574712644
    ]
}