{
    "inf": [
        0.8101522842639594
    ],
    "2": [
        0.7969543147208121
    ],
    "1.6": [
        0.8132780082987552
    ],
    "1.5": [
        0.8264984227129337
    ],
    "1.4": [
        0.8317152103559871
    ],
    "1.3": [
        0.8298800436205016
    ],
    "1.2": [
        0.8488636363636364
    ],
    "1.1": [
        0.8520710059171598
    ],
    "0.9": [
        0.8784810126582279
    ],
    "0.8": [
        0.8926174496644296
    ],
    "0.7": [
        0.896551724137931
    ],
    "0.6": [
        0.9162995594713657
    ],
    "0.5": [
        0.9298245614035088
    ],
    "0.4": [
        0.9362416107382551
    ],
    "0.3": [
        0.945054945054945
    ],
    "0.2": [
        0.9510763209393346
    ],
    "0.1": [
        0.9584295612009238
    ]
}