{
    "inf": [
        0.7725888324873097
    ],
    "2": [
        0.7654822335025381
    ],
    "1.6": [
        0.7863340563991323
    ],
    "1.5": [
        0.7914252607184241
    ],
    "1.4": [
        0.8049382716049382
    ],
    "1.3": [
        0.8151595744680851
    ],
    "1.2": [
        0.8354792560801144
    ],
    "1.1": [
        0.8519685039370078
    ],
    "0.9": [
        0.8859470468431772
    ],
    "0.8": [
        0.9164785553047404
    ],
    "0.7": [
        0.9422572178477691
    ],
    "0.6": [
        0.9378698224852071
    ],
    "0.5": [
        0.9475409836065574
    ],
    "0.4": [
        0.9678714859437751
    ],
    "0.3": [
        0.9671361502347418
    ],
    "0.2": [
        0.9741935483870968
    ],
    "0.1": [
        0.9827586206896551
    ]
}