{
    "inf": [
        0.7939086294416243
    ],
    "2": [
        0.7878172588832487
    ],
    "1.6": [
        0.9335347432024169
    ],
    "1.5": [
        0.9532710280373832
    ],
    "1.4": [
        0.9545454545454546
    ],
    "1.3": [
        0.99
    ],
    "1.2": [
        1.0
    ],
    "1.1": [
        1.0
    ],
    "0.9": [
        1.0
    ],
    "0.8": [
        1.0
    ],
    "0.7": [
        1.0
    ],
    "0.6": [
        1.0
    ],
    "0.5": [
        1.0
    ],
    "0.4": [
        1.0
    ],
    "0.3": [
        1.0
    ],
    "0.2": [
        1.0
    ],
    "0.1": [
        null
    ]
}