{
    "inf": [
        0.8060913705583757
    ],
    "2": [
        0.8
    ],
    "1.6": [
        0.8412698412698413
    ],
    "1.5": [
        0.8592233009708737
    ],
    "1.4": [
        0.869281045751634
    ],
    "1.3": [
        0.8778735632183908
    ],
    "1.2": [
        0.892018779342723
    ],
    "1.1": [
        0.9039451114922813
    ],
    "0.9": [
        0.913135593220339
    ],
    "0.8": [
        0.9238095238095239
    ],
    "0.7": [
        0.927027027027027
    ],
    "0.6": [
        0.9347181008902077
    ],
    "0.5": [
        0.9452554744525548
    ],
    "0.4": [
        0.9478672985781991
    ],
    "0.3": [
        0.975
    ],
    "0.2": [
        0.968
    ],
    "0.1": [
        1.0
    ]
}