{
    "inf": [
        0.7766497461928934
    ],
    "2": [
        0.7888324873096447
    ],
    "1.6": [
        0.8738317757009346
    ],
    "1.5": [
        0.911864406779661
    ],
    "1.4": [
        0.9174757281553398
    ],
    "1.3": [
        0.9387755102040817
    ],
    "1.2": [
        0.9523809523809523
    ],
    "1.1": [
        1.0
    ],
    "0.9": [
        1.0
    ],
    "0.8": [
        1.0
    ],
    "0.7": [
        1.0
    ],
    "0.6": [
        1.0
    ],
    "0.5": [
        1.0
    ],
    "0.4": [
        1.0
    ],
    "0.3": [
        null
    ],
    "0.2": [
        null
    ],
    "0.1": [
        null
    ]
}