{
    "inf": [
        0.8060913705583757
    ],
    "2": [
        0.8081218274111676
    ],
    "1.6": [
        0.8254963427377221
    ],
    "1.5": [
        0.821505376344086
    ],
    "1.4": [
        0.8263274336283186
    ],
    "1.3": [
        0.8388195232690124
    ],
    "1.2": [
        0.8602409638554217
    ],
    "1.1": [
        0.867080745341615
    ],
    "0.9": [
        0.8885832187070152
    ],
    "0.8": [
        0.8972099853157122
    ],
    "0.7": [
        0.9167974882260597
    ],
    "0.6": [
        0.9245283018867925
    ],
    "0.5": [
        0.9314079422382672
    ],
    "0.4": [
        0.9412955465587044
    ],
    "0.3": [
        0.9447983014861996
    ],
    "0.2": [
        0.9589371980676329
    ],
    "0.1": [
        0.9661016949152542
    ]
}