{
    "inf": [
        0.750253807106599
    ],
    "2": [
        0.7390862944162436
    ],
    "1.6": [
        0.7929354445797807
    ],
    "1.5": [
        0.8084815321477428
    ],
    "1.4": [
        0.843167701863354
    ],
    "1.3": [
        0.8581560283687943
    ],
    "1.2": [
        0.8956692913385826
    ],
    "1.1": [
        0.9050925925925926
    ],
    "0.9": [
        0.9253731343283582
    ],
    "0.8": [
        0.9312714776632303
    ],
    "0.7": [
        0.9541666666666667
    ],
    "0.6": [
        0.9698492462311558
    ],
    "0.5": [
        0.9625
    ],
    "0.4": [
        0.9712230215827338
    ],
    "0.3": [
        0.9622641509433962
    ],
    "0.2": [
        0.9594594594594594
    ],
    "0.1": [
        0.9591836734693877
    ]
}