{
    "inf": [
        0.8121827411167513
    ],
    "2": [
        0.8111675126903554
    ],
    "1.6": [
        0.8576598311218335
    ],
    "1.5": [
        0.8731642189586115
    ],
    "1.4": [
        0.8798219584569733
    ],
    "1.3": [
        0.8873949579831932
    ],
    "1.2": [
        0.9003690036900369
    ],
    "1.1": [
        0.9201680672268907
    ],
    "0.9": [
        0.9385474860335196
    ],
    "0.8": [
        0.9449838187702265
    ],
    "0.7": [
        0.9490196078431372
    ],
    "0.6": [
        0.9539170506912442
    ],
    "0.5": [
        0.9585798816568047
    ],
    "0.4": [
        0.9758064516129032
    ],
    "0.3": [
        0.967032967032967
    ],
    "0.2": [
        0.9591836734693877
    ],
    "0.1": [
        0.9
    ]
}