{
    "inf": [
        0.6588832487309645
    ],
    "2": [
        0.6436548223350254
    ],
    "1.6": [
        0.8805555555555555
    ],
    "1.5": [
        0.9026845637583892
    ],
    "1.4": [
        0.9148936170212766
    ],
    "1.3": [
        0.9105263157894737
    ],
    "1.2": [
        0.9403973509933775
    ],
    "1.1": [
        0.9609375
    ],
    "0.9": [
        0.9634146341463414
    ],
    "0.8": [
        0.9552238805970149
    ],
    "0.7": [
        0.9473684210526315
    ],
    "0.6": [
        0.9565217391304348
    ],
    "0.5": [
        0.975609756097561
    ],
    "0.4": [
        0.9642857142857143
    ],
    "0.3": [
        0.9444444444444444
    ],
    "0.2": [
        0.9333333333333333
    ],
    "0.1": [
        1.0
    ]
}