{
    "inf": [
        0.849746192893401
    ],
    "2": [
        0.8446700507614213
    ],
    "1.6": [
        0.8505154639175257
    ],
    "1.5": [
        0.8475103734439834
    ],
    "1.4": [
        0.8632478632478633
    ],
    "1.3": [
        0.8691384950926936
    ],
    "1.2": [
        0.8717948717948718
    ],
    "1.1": [
        0.8857142857142857
    ],
    "0.9": [
        0.8969849246231156
    ],
    "0.8": [
        0.9072847682119205
    ],
    "0.7": [
        0.9151599443671766
    ],
    "0.6": [
        0.9336283185840708
    ],
    "0.5": [
        0.9380804953560371
    ],
    "0.4": [
        0.9442622950819672
    ],
    "0.3": [
        0.9451327433628318
    ],
    "0.2": [
        0.9539078156312625
    ],
    "0.1": [
        0.9672897196261683
    ]
}