{
    "inf": [
        0.7695431472081218
    ],
    "2": [
        0.7634517766497462
    ],
    "1.6": [
        0.7926167209554832
    ],
    "1.5": [
        0.79841449603624
    ],
    "1.4": [
        0.8004778972520908
    ],
    "1.3": [
        0.81282722513089
    ],
    "1.2": [
        0.8363136176066025
    ],
    "1.1": [
        0.8431372549019608
    ],
    "0.9": [
        0.8665413533834586
    ],
    "0.8": [
        0.8779443254817987
    ],
    "0.7": [
        0.8810679611650486
    ],
    "0.6": [
        0.9349112426035503
    ],
    "0.5": [
        0.9143835616438356
    ],
    "0.4": [
        0.9310344827586207
    ],
    "0.3": [
        0.9365853658536586
    ],
    "0.2": [
        0.9407894736842105
    ],
    "0.1": [
        0.9508196721311475
    ]
}