{
    "inf": [
        0.8284263959390863
    ],
    "2": [
        0.8284263959390863
    ],
    "1.6": [
        0.8336734693877551
    ],
    "1.5": [
        0.8285420944558521
    ],
    "1.4": [
        0.842159916926272
    ],
    "1.3": [
        0.8428270042194093
    ],
    "1.2": [
        0.8444206008583691
    ],
    "1.1": [
        0.8460698689956332
    ],
    "0.9": [
        0.8599088838268792
    ],
    "0.8": [
        0.866822429906542
    ],
    "0.7": [
        0.8817073170731707
    ],
    "0.6": [
        0.8908857509627728
    ],
    "0.5": [
        0.9010695187165776
    ],
    "0.4": [
        0.9206798866855525
    ],
    "0.3": [
        0.9335347432024169
    ],
    "0.2": [
        0.9393442622950819
    ],
    "0.1": [
        0.955637707948244
    ]
}