{
    "inf": [
        0.8101522842639594
    ],
    "2": [
        0.8071065989847716
    ],
    "1.6": [
        0.8176100628930818
    ],
    "1.5": [
        0.8326133909287257
    ],
    "1.4": [
        0.8457207207207207
    ],
    "1.3": [
        0.8588098016336057
    ],
    "1.2": [
        0.8631840796019901
    ],
    "1.1": [
        0.8764783180026281
    ],
    "0.9": [
        0.9033232628398792
    ],
    "0.8": [
        0.9073170731707317
    ],
    "0.7": [
        0.9236111111111112
    ],
    "0.6": [
        0.9291187739463601
    ],
    "0.5": [
        0.9352818371607515
    ],
    "0.4": [
        0.9382422802850356
    ],
    "0.3": [
        0.9357541899441341
    ],
    "0.2": [
        0.9389830508474576
    ],
    "0.1": [
        0.9594594594594594
    ]
}