{
    "inf": [
        0.8050761421319796
    ],
    "2": [
        0.8010152284263959
    ],
    "1.6": [
        0.8323765786452354
    ],
    "1.5": [
        0.8498759305210918
    ],
    "1.4": [
        0.8666666666666667
    ],
    "1.3": [
        0.8895612708018155
    ],
    "1.2": [
        0.8960817717206133
    ],
    "1.1": [
        0.9213709677419355
    ],
    "0.9": [
        0.9507772020725389
    ],
    "0.8": [
        0.9536231884057971
    ],
    "0.7": [
        0.9589552238805971
    ],
    "0.6": [
        0.9777777777777777
    ],
    "0.5": [
        0.9725274725274725
    ],
    "0.4": [
        0.9925925925925926
    ],
    "0.3": [
        0.9775280898876404
    ],
    "0.2": [
        0.9803921568627451
    ],
    "0.1": [
        1.0
    ]
}