{
    "inf": [
        0.5695431472081218
    ],
    "2": [
        0.5928934010152285
    ],
    "1.6": [
        1.0
    ],
    "1.5": [
        1.0
    ],
    "1.4": [
        0.6666666666666666
    ],
    "1.3": [
        1.0
    ],
    "1.2": [
        1.0
    ],
    "1.1": [
        null
    ],
    "0.9": [
        null
    ],
    "0.8": [
        null
    ],
    "0.7": [
        null
    ],
    "0.6": [
        null
    ],
    "0.5": [
        null
    ],
    "0.4": [
        null
    ],
    "0.3": [
        null
    ],
    "0.2": [
        null
    ],
    "0.1": [
        null
    ]
}