{
    "inf": [
        0.817258883248731
    ],
    "2": [
        0.8071065989847716
    ],
    "1.6": [
        0.8535414165666266
    ],
    "1.5": [
        0.8629242819843342
    ],
    "1.4": [
        0.8826086956521739
    ],
    "1.3": [
        0.8881685575364667
    ],
    "1.2": [
        0.9117117117117117
    ],
    "1.1": [
        0.9259259259259259
    ],
    "0.9": [
        0.941031941031941
    ],
    "0.8": [
        0.9534246575342465
    ],
    "0.7": [
        0.953125
    ],
    "0.6": [
        0.9537366548042705
    ],
    "0.5": [
        0.9707112970711297
    ],
    "0.4": [
        0.968421052631579
    ],
    "0.3": [
        0.9640718562874252
    ],
    "0.2": [
        0.9621212121212122
    ],
    "0.1": [
        0.979381443298969
    ]
}