{
    "inf": [
        0.7959390862944162
    ],
    "2": [
        0.7949238578680203
    ],
    "1.6": [
        0.8554216867469879
    ],
    "1.5": [
        0.8682476943346509
    ],
    "1.4": [
        0.9008620689655172
    ],
    "1.3": [
        0.9128367670364501
    ],
    "1.2": [
        0.9233449477351916
    ],
    "1.1": [
        0.926923076923077
    ],
    "0.9": [
        0.9350348027842227
    ],
    "0.8": [
        0.9417989417989417
    ],
    "0.7": [
        0.9567901234567902
    ],
    "0.6": [
        0.9702602230483272
    ],
    "0.5": [
        0.9869565217391304
    ],
    "0.4": [
        0.9887640449438202
    ],
    "0.3": [
        0.9920634920634921
    ],
    "0.2": [
        1.0
    ],
    "0.1": [
        1.0
    ]
}