{
    "inf": [
        0.783756345177665
    ],
    "2": [
        0.7776649746192893
    ],
    "1.6": [
        0.896969696969697
    ],
    "1.5": [
        0.92
    ],
    "1.4": [
        0.9530685920577617
    ],
    "1.3": [
        0.971830985915493
    ],
    "1.2": [
        0.9808917197452229
    ],
    "1.1": [
        0.9770992366412213
    ],
    "0.9": [
        0.9848484848484849
    ],
    "0.8": [
        1.0
    ],
    "0.7": [
        1.0
    ],
    "0.6": [
        1.0
    ],
    "0.5": [
        1.0
    ],
    "0.4": [
        1.0
    ],
    "0.3": [
        1.0
    ],
    "0.2": [
        1.0
    ],
    "0.1": [
        1.0
    ]
}