{
    "inf": [
        0.8294416243654822
    ],
    "2": [
        0.8203045685279188
    ],
    "1.6": [
        0.8313891834570519
    ],
    "1.5": [
        0.8324324324324325
    ],
    "1.4": [
        0.8489932885906041
    ],
    "1.3": [
        0.8640661938534279
    ],
    "1.2": [
        0.8776529338327091
    ],
    "1.1": [
        0.8793565683646113
    ],
    "0.9": [
        0.9191290824261276
    ],
    "0.8": [
        0.9253731343283582
    ],
    "0.7": [
        0.9412844036697248
    ],
    "0.6": [
        0.9539078156312625
    ],
    "0.5": [
        0.9550321199143469
    ],
    "0.4": [
        0.9556650246305419
    ],
    "0.3": [
        0.9754768392370572
    ],
    "0.2": [
        0.9672131147540983
    ],
    "0.1": [
        0.9768339768339769
    ]
}