{
    "inf": [
        0.6477157360406092
    ],
    "2": [
        0.6548223350253807
    ],
    "1.6": [
        0.9772727272727273
    ],
    "1.5": [
        1.0
    ],
    "1.4": [
        1.0
    ],
    "1.3": [
        1.0
    ],
    "1.2": [
        1.0
    ],
    "1.1": [
        1.0
    ],
    "0.9": [
        null
    ],
    "0.8": [
        null
    ],
    "0.7": [
        null
    ],
    "0.6": [
        null
    ],
    "0.5": [
        null
    ],
    "0.4": [
        null
    ],
    "0.3": [
        null
    ],
    "0.2": [
        null
    ],
    "0.1": [
        null
    ]
}