{
    "inf": [
        0.7959390862944162
    ],
    "2": [
        0.7868020304568528
    ],
    "1.6": [
        0.8086763070077865
    ],
    "1.5": [
        0.839622641509434
    ],
    "1.4": [
        0.8540880503144654
    ],
    "1.3": [
        0.8761776581426649
    ],
    "1.2": [
        0.8924418604651163
    ],
    "1.1": [
        0.9039087947882736
    ],
    "0.9": [
        0.9291497975708503
    ],
    "0.8": [
        0.9392523364485982
    ],
    "0.7": [
        0.9493333333333334
    ],
    "0.6": [
        0.968944099378882
    ],
    "0.5": [
        0.9689655172413794
    ],
    "0.4": [
        0.9689922480620154
    ],
    "0.3": [
        0.9627906976744186
    ],
    "0.2": [
        0.9712643678160919
    ],
    "0.1": [
        0.9769230769230769
    ]
}