{
    "inf": [
        0.8
    ],
    "2": [
        0.7918781725888325
    ],
    "1.6": [
        0.8016359918200409
    ],
    "1.5": [
        0.8078512396694215
    ],
    "1.4": [
        0.8008342022940563
    ],
    "1.3": [
        0.8044397463002114
    ],
    "1.2": [
        0.8122977346278317
    ],
    "1.1": [
        0.834619625137817
    ],
    "0.9": [
        0.8469750889679716
    ],
    "0.8": [
        0.865211810012837
    ],
    "0.7": [
        0.8799472295514512
    ],
    "0.6": [
        0.8961593172119487
    ],
    "0.5": [
        0.9107413010590015
    ],
    "0.4": [
        0.9180064308681672
    ],
    "0.3": [
        0.9267015706806283
    ],
    "0.2": [
        0.9352941176470588
    ],
    "0.1": [
        0.9411764705882353
    ]
}