{
    "inf": [
        0.8010152284263959
    ],
    "2": [
        0.8101522842639594
    ],
    "1.6": [
        0.8368479467258602
    ],
    "1.5": [
        0.851335656213705
    ],
    "1.4": [
        0.8583850931677018
    ],
    "1.3": [
        0.8741633199464525
    ],
    "1.2": [
        0.8874458874458875
    ],
    "1.1": [
        0.89937106918239
    ],
    "0.9": [
        0.9255725190839694
    ],
    "0.8": [
        0.9440860215053763
    ],
    "0.7": [
        0.9579207920792079
    ],
    "0.6": [
        0.9769452449567724
    ],
    "0.5": [
        0.9702970297029703
    ],
    "0.4": [
        0.975
    ],
    "0.3": [
        0.9824561403508771
    ],
    "0.2": [
        0.983739837398374
    ],
    "0.1": [
        1.0
    ]
}