{
    "inf": [
        0.7370558375634517
    ],
    "2": [
        0.7319796954314721
    ],
    "1.6": [
        0.9444444444444444
    ],
    "1.5": [
        0.9538461538461539
    ],
    "1.4": [
        0.972972972972973
    ],
    "1.3": [
        1.0
    ],
    "1.2": [
        1.0
    ],
    "1.1": [
        1.0
    ],
    "0.9": [
        1.0
    ],
    "0.8": [
        1.0
    ],
    "0.7": [
        1.0
    ],
    "0.6": [
        1.0
    ],
    "0.5": [
        null
    ],
    "0.4": [
        null
    ],
    "0.3": [
        null
    ],
    "0.2": [
        null
    ],
    "0.1": [
        null
    ]
}