{
    "inf": [
        0.233502538071066
    ],
    "2": [
        0.23045685279187816
    ],
    "1.6": [
        0.4069767441860465
    ],
    "1.5": [
        0.55
    ],
    "1.4": [
        0.6363636363636364
    ],
    "1.3": [
        0.8
    ],
    "1.2": [
        1.0
    ],
    "1.1": [
        1.0
    ],
    "0.9": [
        1.0
    ],
    "0.8": [
        null
    ],
    "0.7": [
        null
    ],
    "0.6": [
        null
    ],
    "0.5": [
        null
    ],
    "0.4": [
        null
    ],
    "0.3": [
        null
    ],
    "0.2": [
        null
    ],
    "0.1": [
        null
    ]
}