{
    "inf": [
        0.8142131979695432
    ],
    "2": [
        0.8192893401015229
    ],
    "1.6": [
        0.8700696055684455
    ],
    "1.5": [
        0.8929016189290162
    ],
    "1.4": [
        0.907608695652174
    ],
    "1.3": [
        0.922962962962963
    ],
    "1.2": [
        0.9399684044233807
    ],
    "1.1": [
        0.9484536082474226
    ],
    "0.9": [
        0.9647302904564315
    ],
    "0.8": [
        0.9747706422018348
    ],
    "0.7": [
        0.9768637532133676
    ],
    "0.6": [
        0.9828571428571429
    ],
    "0.5": [
        0.9833333333333333
    ],
    "0.4": [
        0.9802371541501976
    ],
    "0.3": [
        0.9845360824742269
    ],
    "0.2": [
        0.9797297297297297
    ],
    "0.1": [
        0.9861111111111112
    ]
}