{
    "inf": [
        0.4862944162436548
    ],
    "2": [
        0.4446700507614213
    ],
    "1.6": [
        0.8227848101265823
    ],
    "1.5": [
        0.8085106382978723
    ],
    "1.4": [
        0.8333333333333334
    ],
    "1.3": [
        0.9285714285714286
    ],
    "1.2": [
        0.95
    ],
    "1.1": [
        0.9375
    ],
    "0.9": [
        0.75
    ],
    "0.8": [
        1.0
    ],
    "0.7": [
        1.0
    ],
    "0.6": [
        1.0
    ],
    "0.5": [
        1.0
    ],
    "0.4": [
        1.0
    ],
    "0.3": [
        1.0
    ],
    "0.2": [
        1.0
    ],
    "0.1": [
        1.0
    ]
}