{
    "inf": [
        0.8142131979695432
    ],
    "2": [
        0.8111675126903554
    ],
    "1.6": [
        0.8079673135852911
    ],
    "1.5": [
        0.8224974200206399
    ],
    "1.4": [
        0.8194154488517745
    ],
    "1.3": [
        0.8333333333333334
    ],
    "1.2": [
        0.8315450643776824
    ],
    "1.1": [
        0.8386388583973655
    ],
    "0.9": [
        0.8601895734597157
    ],
    "0.8": [
        0.8787128712871287
    ],
    "0.7": [
        0.8894736842105263
    ],
    "0.6": [
        0.9101123595505618
    ],
    "0.5": [
        0.9136690647482014
    ],
    "0.4": [
        0.9253499222395023
    ],
    "0.3": [
        0.9410774410774411
    ],
    "0.2": [
        0.9390681003584229
    ],
    "0.1": [
        0.9602510460251046
    ]
}