{
    "inf": [
        0.8071065989847716
    ],
    "2": [
        0.8111675126903554
    ],
    "1.6": [
        0.8870558375634517
    ],
    "1.5": [
        0.9092159559834938
    ],
    "1.4": [
        0.9263622974963182
    ],
    "1.3": [
        0.9381107491856677
    ],
    "1.2": [
        0.9410714285714286
    ],
    "1.1": [
        0.9498997995991983
    ],
    "0.9": [
        0.9644670050761421
    ],
    "0.8": [
        0.9623188405797102
    ],
    "0.7": [
        0.9633333333333334
    ],
    "0.6": [
        0.9619771863117871
    ],
    "0.5": [
        0.9766355140186916
    ],
    "0.4": [
        0.9759036144578314
    ],
    "0.3": [
        0.9836065573770492
    ],
    "0.2": [
        0.9859154929577465
    ],
    "0.1": [
        0.9615384615384616
    ]
}