{
    "inf": [
        0.8263959390862944
    ],
    "2": [
        0.8253807106598985
    ],
    "1.6": [
        0.8604651162790697
    ],
    "1.5": [
        0.8822733423545331
    ],
    "1.4": [
        0.8947368421052632
    ],
    "1.3": [
        0.9235880398671097
    ],
    "1.2": [
        0.9347014925373134
    ],
    "1.1": [
        0.939203354297694
    ],
    "0.9": [
        0.9416445623342176
    ],
    "0.8": [
        0.9610778443113772
    ],
    "0.7": [
        0.9635036496350365
    ],
    "0.6": [
        0.9596412556053812
    ],
    "0.5": [
        0.9723756906077348
    ],
    "0.4": [
        0.9772727272727273
    ],
    "0.3": [
        0.9896907216494846
    ],
    "0.2": [
        0.9836065573770492
    ],
    "0.1": [
        1.0
    ]
}