{
    "inf": [
        0.8284263959390863
    ],
    "2": [
        0.8263959390862944
    ],
    "1.6": [
        0.8309426229508197
    ],
    "1.5": [
        0.8450261780104712
    ],
    "1.4": [
        0.8360128617363344
    ],
    "1.3": [
        0.8492849284928493
    ],
    "1.2": [
        0.8537142857142858
    ],
    "1.1": [
        0.8571428571428571
    ],
    "0.9": [
        0.8907103825136612
    ],
    "0.8": [
        0.9090909090909091
    ],
    "0.7": [
        0.9142394822006472
    ],
    "0.6": [
        0.9425925925925925
    ],
    "0.5": [
        0.9502982107355865
    ],
    "0.4": [
        0.9513274336283186
    ],
    "0.3": [
        0.9619289340101523
    ],
    "0.2": [
        0.9613095238095238
    ],
    "0.1": [
        0.9628252788104089
    ]
}