{
    "inf": [
        0.8375634517766497
    ],
    "2": [
        0.8385786802030457
    ],
    "1.6": [
        0.8411885245901639
    ],
    "1.5": [
        0.8474226804123711
    ],
    "1.4": [
        0.859538784067086
    ],
    "1.3": [
        0.8577494692144374
    ],
    "1.2": [
        0.8721560130010835
    ],
    "1.1": [
        0.8793296089385475
    ],
    "0.9": [
        0.8957345971563981
    ],
    "0.8": [
        0.8966789667896679
    ],
    "0.7": [
        0.9092105263157895
    ],
    "0.6": [
        0.918194640338505
    ],
    "0.5": [
        0.9271916790490342
    ],
    "0.4": [
        0.9442622950819672
    ],
    "0.3": [
        0.9476439790575916
    ],
    "0.2": [
        0.9585798816568047
    ],
    "0.1": [
        0.9693396226415094
    ]
}