{
    "inf": [
        0.8385786802030457
    ],
    "2": [
        0.8345177664974619
    ],
    "1.6": [
        0.8396711202466598
    ],
    "1.5": [
        0.84472049689441
    ],
    "1.4": [
        0.8459915611814346
    ],
    "1.3": [
        0.854389721627409
    ],
    "1.2": [
        0.8632385120350109
    ],
    "1.1": [
        0.8653198653198653
    ],
    "0.9": [
        0.8798133022170361
    ],
    "0.8": [
        0.8852657004830918
    ],
    "0.7": [
        0.9003831417624522
    ],
    "0.6": [
        0.9176788124156545
    ],
    "0.5": [
        0.9294781382228491
    ],
    "0.4": [
        0.9387144992526159
    ],
    "0.3": [
        0.9431818181818182
    ],
    "0.2": [
        0.9618874773139746
    ],
    "0.1": [
        0.9657387580299786
    ]
}