{
    "inf": [
        0.6710659898477157
    ],
    "2": [
        0.6680203045685279
    ],
    "1.6": [
        0.6951631046119235
    ],
    "1.5": [
        0.7085308056872038
    ],
    "1.4": [
        0.7278645833333334
    ],
    "1.3": [
        0.7388888888888889
    ],
    "1.2": [
        0.7635239567233385
    ],
    "1.1": [
        0.7865748709122203
    ],
    "0.9": [
        0.8092105263157895
    ],
    "0.8": [
        0.8285714285714286
    ],
    "0.7": [
        0.84
    ],
    "0.6": [
        0.8509316770186336
    ],
    "0.5": [
        0.8657718120805369
    ],
    "0.4": [
        0.8735177865612648
    ],
    "0.3": [
        0.8805309734513275
    ],
    "0.2": [
        0.9065934065934066
    ],
    "0.1": [
        0.9117647058823529
    ]
}