{
    "inf": [
        0.817258883248731
    ],
    "2": [
        0.8111675126903554
    ],
    "1.6": [
        0.8243654822335026
    ],
    "1.5": [
        0.8105906313645621
    ],
    "1.4": [
        0.8237704918032787
    ],
    "1.3": [
        0.8171487603305785
    ],
    "1.2": [
        0.8272251308900523
    ],
    "1.1": [
        0.8387096774193549
    ],
    "0.9": [
        0.8529411764705882
    ],
    "0.8": [
        0.859338061465721
    ],
    "0.7": [
        0.8678304239401496
    ],
    "0.6": [
        0.8888888888888888
    ],
    "0.5": [
        0.8940027894002789
    ],
    "0.4": [
        0.9178082191780822
    ],
    "0.3": [
        0.9320388349514563
    ],
    "0.2": [
        0.9449378330373002
    ],
    "0.1": [
        0.9537223340040242
    ]
}