{
    "inf": [
        0.7807106598984772
    ],
    "2": [
        0.7786802030456853
    ],
    "1.6": [
        0.8453738910012675
    ],
    "1.5": [
        0.8591749644381224
    ],
    "1.4": [
        0.8873015873015873
    ],
    "1.3": [
        0.9125874125874126
    ],
    "1.2": [
        0.9250936329588015
    ],
    "1.1": [
        0.9474789915966386
    ],
    "0.9": [
        0.9641943734015346
    ],
    "0.8": [
        0.9713467048710601
    ],
    "0.7": [
        0.9746031746031746
    ],
    "0.6": [
        0.9772727272727273
    ],
    "0.5": [
        0.9819004524886877
    ],
    "0.4": [
        0.9763313609467456
    ],
    "0.3": [
        0.9754098360655737
    ],
    "0.2": [
        1.0
    ],
    "0.1": [
        1.0
    ]
}