{
    "inf": [
        0.7949238578680203
    ],
    "2": [
        0.7908629441624365
    ],
    "1.6": [
        0.8396572827417381
    ],
    "1.5": [
        0.8642951251646904
    ],
    "1.4": [
        0.8742857142857143
    ],
    "1.3": [
        0.8858024691358025
    ],
    "1.2": [
        0.9005145797598628
    ],
    "1.1": [
        0.9284332688588007
    ],
    "0.9": [
        0.9464720194647201
    ],
    "0.8": [
        0.9527777777777777
    ],
    "0.7": [
        0.9554140127388535
    ],
    "0.6": [
        0.9731800766283525
    ],
    "0.5": [
        0.9768518518518519
    ],
    "0.4": [
        0.9884393063583815
    ],
    "0.3": [
        0.9849624060150376
    ],
    "0.2": [
        1.0
    ],
    "0.1": [
        1.0
    ]
}