{
    "inf": [
        0.8527918781725888
    ],
    "2": [
        0.848730964467005
    ],
    "1.6": [
        0.860655737704918
    ],
    "1.5": [
        0.8596673596673596
    ],
    "1.4": [
        0.8637803590285111
    ],
    "1.3": [
        0.8767567567567568
    ],
    "1.2": [
        0.8827433628318584
    ],
    "1.1": [
        0.8941311852704258
    ],
    "0.9": [
        0.905982905982906
    ],
    "0.8": [
        0.9193341869398207
    ],
    "0.7": [
        0.9335142469470827
    ],
    "0.6": [
        0.9425287356321839
    ],
    "0.5": [
        0.95
    ],
    "0.4": [
        0.9590163934426229
    ],
    "0.3": [
        0.9599303135888502
    ],
    "0.2": [
        0.9606299212598425
    ],
    "0.1": [
        0.9701834862385321
    ]
}