{
    "inf": [
        0.650761421319797
    ],
    "2": [
        0.6456852791878173
    ],
    "1.6": [
        0.668141592920354
    ],
    "1.5": [
        0.7045454545454546
    ],
    "1.4": [
        0.7329032258064516
    ],
    "1.3": [
        0.745269286754003
    ],
    "1.2": [
        0.7717041800643086
    ],
    "1.1": [
        0.7913669064748201
    ],
    "0.9": [
        0.8433734939759037
    ],
    "0.8": [
        0.8848314606741573
    ],
    "0.7": [
        0.89937106918239
    ],
    "0.6": [
        0.9007352941176471
    ],
    "0.5": [
        0.9170305676855895
    ],
    "0.4": [
        0.9213483146067416
    ],
    "0.3": [
        0.9241379310344827
    ],
    "0.2": [
        0.9142857142857143
    ],
    "0.1": [
        0.927536231884058
    ]
}