{
    "inf": [
        0.7360406091370558
    ],
    "2": [
        0.7472081218274111
    ],
    "1.6": [
        0.7583892617449665
    ],
    "1.5": [
        0.7728365384615384
    ],
    "1.4": [
        0.7844155844155845
    ],
    "1.3": [
        0.802275960170697
    ],
    "1.2": [
        0.8255451713395638
    ],
    "1.1": [
        0.8191126279863481
    ],
    "0.9": [
        0.8585858585858586
    ],
    "0.8": [
        0.8881431767337807
    ],
    "0.7": [
        0.912718204488778
    ],
    "0.6": [
        0.9168831168831169
    ],
    "0.5": [
        0.9263456090651558
    ],
    "0.4": [
        0.9404388714733543
    ],
    "0.3": [
        0.9357142857142857
    ],
    "0.2": [
        0.9437751004016064
    ],
    "0.1": [
        0.9336734693877551
    ]
}