{
    "inf": [
        0.8304568527918782
    ],
    "2": [
        0.8294416243654822
    ],
    "1.6": [
        0.8724137931034482
    ],
    "1.5": [
        0.891358024691358
    ],
    "1.4": [
        0.8891855807743658
    ],
    "1.3": [
        0.9105339105339105
    ],
    "1.2": [
        0.9154704944178629
    ],
    "1.1": [
        0.9285714285714286
    ],
    "0.9": [
        0.9740566037735849
    ],
    "0.8": [
        0.9833333333333333
    ],
    "0.7": [
        0.9837133550488599
    ],
    "0.6": [
        0.9838709677419355
    ],
    "0.5": [
        0.9904306220095693
    ],
    "0.4": [
        1.0
    ],
    "0.3": [
        1.0
    ],
    "0.2": [
        1.0
    ],
    "0.1": [
        1.0
    ]
}