{
    "inf": [
        0.8060913705583757
    ],
    "2": [
        0.8101522842639594
    ],
    "1.6": [
        0.874189364461738
    ],
    "1.5": [
        0.8928046989720999
    ],
    "1.4": [
        0.9039087947882736
    ],
    "1.3": [
        0.9236363636363636
    ],
    "1.2": [
        0.9333333333333333
    ],
    "1.1": [
        0.9485458612975392
    ],
    "0.9": [
        0.9721448467966574
    ],
    "0.8": [
        0.9809523809523809
    ],
    "0.7": [
        0.9891696750902527
    ],
    "0.6": [
        0.9956896551724138
    ],
    "0.5": [
        0.9946808510638298
    ],
    "0.4": [
        0.99375
    ],
    "0.3": [
        1.0
    ],
    "0.2": [
        1.0
    ],
    "0.1": [
        1.0
    ]
}