{
    "inf": [
        0.8385786802030457
    ],
    "2": [
        0.8284263959390863
    ],
    "1.6": [
        0.8343558282208589
    ],
    "1.5": [
        0.8475103734439834
    ],
    "1.4": [
        0.8464773922187171
    ],
    "1.3": [
        0.8560687432867884
    ],
    "1.2": [
        0.8580931263858093
    ],
    "1.1": [
        0.873589164785553
    ],
    "0.9": [
        0.9013732833957553
    ],
    "0.8": [
        0.9140211640211641
    ],
    "0.7": [
        0.9319148936170213
    ],
    "0.6": [
        0.9337349397590361
    ],
    "0.5": [
        0.9446254071661238
    ],
    "0.4": [
        0.9498269896193772
    ],
    "0.3": [
        0.9588785046728971
    ],
    "0.2": [
        0.9589322381930184
    ],
    "0.1": [
        0.9685230024213075
    ]
}