{
    "inf": [
        0.8101522842639594
    ],
    "2": [
        0.8071065989847716
    ],
    "1.6": [
        0.852760736196319
    ],
    "1.5": [
        0.8712737127371274
    ],
    "1.4": [
        0.8681818181818182
    ],
    "1.3": [
        0.9066427289048474
    ],
    "1.2": [
        0.9202453987730062
    ],
    "1.1": [
        0.9387254901960784
    ],
    "0.9": [
        0.9713261648745519
    ],
    "0.8": [
        0.9864253393665159
    ],
    "0.7": [
        1.0
    ],
    "0.6": [
        1.0
    ],
    "0.5": [
        1.0
    ],
    "0.4": [
        1.0
    ],
    "0.3": [
        1.0
    ],
    "0.2": [
        1.0
    ],
    "0.1": [
        1.0
    ]
}