{
    "inf": [
        0.8010152284263959
    ],
    "2": [
        0.7949238578680203
    ],
    "1.6": [
        0.8576923076923076
    ],
    "1.5": [
        0.8724035608308606
    ],
    "1.4": [
        0.8978583196046128
    ],
    "1.3": [
        0.9087523277467412
    ],
    "1.2": [
        0.9214876033057852
    ],
    "1.1": [
        0.9294117647058824
    ],
    "0.9": [
        0.9601226993865031
    ],
    "0.8": [
        0.9750889679715302
    ],
    "0.7": [
        0.9793388429752066
    ],
    "0.6": [
        0.9854368932038835
    ],
    "0.5": [
        0.9940119760479041
    ],
    "0.4": [
        0.9921259842519685
    ],
    "0.3": [
        0.9894736842105263
    ],
    "0.2": [
        0.9848484848484849
    ],
    "0.1": [
        1.0
    ]
}