{
    "inf": [
        0.849746192893401
    ],
    "2": [
        0.8426395939086294
    ],
    "1.6": [
        0.842479674796748
    ],
    "1.5": [
        0.8448979591836735
    ],
    "1.4": [
        0.8489208633093526
    ],
    "1.3": [
        0.85625
    ],
    "1.2": [
        0.8514225500526871
    ],
    "1.1": [
        0.8624733475479744
    ],
    "0.9": [
        0.8882488479262672
    ],
    "0.8": [
        0.8939393939393939
    ],
    "0.7": [
        0.8986402966625463
    ],
    "0.6": [
        0.9108527131782945
    ],
    "0.5": [
        0.931787175989086
    ],
    "0.4": [
        0.9413489736070382
    ],
    "0.3": [
        0.9485627836611196
    ],
    "0.2": [
        0.9567307692307693
    ],
    "0.1": [
        0.9628975265017667
    ]
}