{
    "inf": [
        0.7725888324873097
    ],
    "2": [
        0.7736040609137056
    ],
    "1.6": [
        0.9532374100719424
    ],
    "1.5": [
        0.9666666666666667
    ],
    "1.4": [
        0.9583333333333334
    ],
    "1.3": [
        0.9701492537313433
    ],
    "1.2": [
        0.9655172413793104
    ],
    "1.1": [
        1.0
    ],
    "0.9": [
        1.0
    ],
    "0.8": [
        1.0
    ],
    "0.7": [
        1.0
    ],
    "0.6": [
        1.0
    ],
    "0.5": [
        1.0
    ],
    "0.4": [
        1.0
    ],
    "0.3": [
        1.0
    ],
    "0.2": [
        1.0
    ],
    "0.1": [
        1.0
    ]
}