{
    "inf": [
        0.7725888324873097
    ],
    "2": [
        0.7685279187817259
    ],
    "1.6": [
        0.8469945355191257
    ],
    "1.5": [
        0.8443017656500803
    ],
    "1.4": [
        0.8638941398865785
    ],
    "1.3": [
        0.891832229580574
    ],
    "1.2": [
        0.8984771573604061
    ],
    "1.1": [
        0.9203539823008849
    ],
    "0.9": [
        0.943089430894309
    ],
    "0.8": [
        0.9458128078817734
    ],
    "0.7": [
        0.9393939393939394
    ],
    "0.6": [
        0.9436619718309859
    ],
    "0.5": [
        0.9439252336448598
    ],
    "0.4": [
        0.9545454545454546
    ],
    "0.3": [
        0.9466666666666667
    ],
    "0.2": [
        0.9423076923076923
    ],
    "0.1": [
        0.9375
    ]
}