{
    "inf": [
        0.7959390862944162
    ],
    "2": [
        0.7908629441624365
    ],
    "1.6": [
        0.8356643356643356
    ],
    "1.5": [
        0.8490566037735849
    ],
    "1.4": [
        0.8653061224489796
    ],
    "1.3": [
        0.8933933933933934
    ],
    "1.2": [
        0.9075907590759076
    ],
    "1.1": [
        0.9261261261261261
    ],
    "0.9": [
        0.9472527472527472
    ],
    "0.8": [
        0.9582309582309583
    ],
    "0.7": [
        0.9772079772079773
    ],
    "0.6": [
        0.9864406779661017
    ],
    "0.5": [
        0.9830508474576272
    ],
    "0.4": [
        0.9849246231155779
    ],
    "0.3": [
        1.0
    ],
    "0.2": [
        1.0
    ],
    "0.1": [
        1.0
    ]
}