{
    "inf": [
        0.8203045685279188
    ],
    "2": [
        0.8223350253807107
    ],
    "1.6": [
        0.8247422680412371
    ],
    "1.5": [
        0.8286604361370716
    ],
    "1.4": [
        0.834920634920635
    ],
    "1.3": [
        0.8365800865800865
    ],
    "1.2": [
        0.8385300668151447
    ],
    "1.1": [
        0.8507972665148064
    ],
    "0.9": [
        0.8648648648648649
    ],
    "0.8": [
        0.8775773195876289
    ],
    "0.7": [
        0.8935879945429741
    ],
    "0.6": [
        0.9035971223021583
    ],
    "0.5": [
        0.9125766871165644
    ],
    "0.4": [
        0.9088
    ],
    "0.3": [
        0.9200680272108843
    ],
    "0.2": [
        0.9166666666666666
    ],
    "0.1": [
        0.9307359307359307
    ]
}