{
    "inf": [
        0.8060913705583757
    ],
    "2": [
        0.8040609137055837
    ],
    "1.6": [
        0.804902962206333
    ],
    "1.5": [
        0.8105046343975283
    ],
    "1.4": [
        0.8206465067778936
    ],
    "1.3": [
        0.8186638388123012
    ],
    "1.2": [
        0.8286334056399133
    ],
    "1.1": [
        0.832967032967033
    ],
    "0.9": [
        0.8518957345971564
    ],
    "0.8": [
        0.8587360594795539
    ],
    "0.7": [
        0.8748353096179183
    ],
    "0.6": [
        0.8910891089108911
    ],
    "0.5": [
        0.8992481203007519
    ],
    "0.4": [
        0.9133986928104575
    ],
    "0.3": [
        0.9267857142857143
    ],
    "0.2": [
        0.9315068493150684
    ],
    "0.1": [
        0.9413092550790068
    ]
}