{
    "inf": [
        0.7857868020304568
    ],
    "2": [
        0.7857868020304568
    ],
    "1.6": [
        0.8423028785982478
    ],
    "1.5": [
        0.8642659279778393
    ],
    "1.4": [
        0.8769230769230769
    ],
    "1.3": [
        0.8902229845626072
    ],
    "1.2": [
        0.896484375
    ],
    "1.1": [
        0.9232505643340858
    ],
    "0.9": [
        0.95
    ],
    "0.8": [
        0.9517241379310345
    ],
    "0.7": [
        0.9698275862068966
    ],
    "0.6": [
        0.9947368421052631
    ],
    "0.5": [
        0.9931972789115646
    ],
    "0.4": [
        1.0
    ],
    "0.3": [
        1.0
    ],
    "0.2": [
        1.0
    ],
    "0.1": [
        1.0
    ]
}