{
    "inf": [
        0.7583756345177665
    ],
    "2": [
        0.7593908629441625
    ],
    "1.6": [
        0.9501915708812261
    ],
    "1.5": [
        0.9588235294117647
    ],
    "1.4": [
        0.9583333333333334
    ],
    "1.3": [
        0.9759036144578314
    ],
    "1.2": [
        0.9807692307692307
    ],
    "1.1": [
        1.0
    ],
    "0.9": [
        1.0
    ],
    "0.8": [
        1.0
    ],
    "0.7": [
        1.0
    ],
    "0.6": [
        1.0
    ],
    "0.5": [
        1.0
    ],
    "0.4": [
        1.0
    ],
    "0.3": [
        1.0
    ],
    "0.2": [
        1.0
    ],
    "0.1": [
        1.0
    ]
}