{
    "inf": [
        0.7969543147208121
    ],
    "2": [
        0.8101522842639594
    ],
    "1.6": [
        0.9102564102564102
    ],
    "1.5": [
        0.9122807017543859
    ],
    "1.4": [
        0.9168591224018475
    ],
    "1.3": [
        0.9342857142857143
    ],
    "1.2": [
        0.9518518518518518
    ],
    "1.1": [
        0.9547511312217195
    ],
    "0.9": [
        0.9920634920634921
    ],
    "0.8": [
        1.0
    ],
    "0.7": [
        1.0
    ],
    "0.6": [
        1.0
    ],
    "0.5": [
        1.0
    ],
    "0.4": [
        1.0
    ],
    "0.3": [
        1.0
    ],
    "0.2": [
        1.0
    ],
    "0.1": [
        null
    ]
}