{
    "inf": [
        0.8
    ],
    "2": [
        0.8050761421319796
    ],
    "1.6": [
        0.9144144144144144
    ],
    "1.5": [
        0.9416666666666667
    ],
    "1.4": [
        0.9296875
    ],
    "1.3": [
        0.973404255319149
    ],
    "1.2": [
        0.9712230215827338
    ],
    "1.1": [
        0.9824561403508771
    ],
    "0.9": [
        1.0
    ],
    "0.8": [
        1.0
    ],
    "0.7": [
        1.0
    ],
    "0.6": [
        1.0
    ],
    "0.5": [
        1.0
    ],
    "0.4": [
        1.0
    ],
    "0.3": [
        1.0
    ],
    "0.2": [
        1.0
    ],
    "0.1": [
        1.0
    ]
}