{
    "inf": [
        0.8071065989847716
    ],
    "2": [
        0.7939086294416243
    ],
    "1.6": [
        0.8614232209737828
    ],
    "1.5": [
        0.8852005532503457
    ],
    "1.4": [
        0.8998435054773083
    ],
    "1.3": [
        0.9229422066549913
    ],
    "1.2": [
        0.9329501915708812
    ],
    "1.1": [
        0.9373601789709173
    ],
    "0.9": [
        0.9546827794561934
    ],
    "0.8": [
        0.9690721649484536
    ],
    "0.7": [
        0.9661016949152542
    ],
    "0.6": [
        0.979381443298969
    ],
    "0.5": [
        0.9785714285714285
    ],
    "0.4": [
        0.9702970297029703
    ],
    "0.3": [
        0.9705882352941176
    ],
    "0.2": [
        1.0
    ],
    "0.1": [
        1.0
    ]
}