{
    "inf": [
        0.7116751269035533
    ],
    "2": [
        0.7015228426395939
    ],
    "1.6": [
        0.7849624060150376
    ],
    "1.5": [
        0.8358490566037736
    ],
    "1.4": [
        0.8505747126436781
    ],
    "1.3": [
        0.8586387434554974
    ],
    "1.2": [
        0.8993506493506493
    ],
    "1.1": [
        0.9060150375939849
    ],
    "0.9": [
        0.9356435643564357
    ],
    "0.8": [
        0.9367816091954023
    ],
    "0.7": [
        0.9240506329113924
    ],
    "0.6": [
        0.926829268292683
    ],
    "0.5": [
        0.954954954954955
    ],
    "0.4": [
        0.9468085106382979
    ],
    "0.3": [
        0.96
    ],
    "0.2": [
        0.9482758620689655
    ],
    "0.1": [
        0.9512195121951219
    ]
}