{
    "inf": [
        0.8294416243654822
    ],
    "2": [
        0.8324873096446701
    ],
    "1.6": [
        0.84
    ],
    "1.5": [
        0.8409090909090909
    ],
    "1.4": [
        0.8440463645943098
    ],
    "1.3": [
        0.8490364025695931
    ],
    "1.2": [
        0.8536853685368537
    ],
    "1.1": [
        0.8627450980392157
    ],
    "0.9": [
        0.88875
    ],
    "0.8": [
        0.8929503916449086
    ],
    "0.7": [
        0.9138888888888889
    ],
    "0.6": [
        0.93026706231454
    ],
    "0.5": [
        0.937799043062201
    ],
    "0.4": [
        0.9439728353140917
    ],
    "0.3": [
        0.9457943925233645
    ],
    "0.2": [
        0.955193482688391
    ],
    "0.1": [
        0.9663461538461539
    ]
}