{
    "inf": [
        0.7766497461928934
    ],
    "2": [
        0.7898477157360406
    ],
    "1.6": [
        0.8624813153961136
    ],
    "1.5": [
        0.8791593695271454
    ],
    "1.4": [
        0.8997955010224948
    ],
    "1.3": [
        0.9225
    ],
    "1.2": [
        0.9390243902439024
    ],
    "1.1": [
        0.9595588235294118
    ],
    "0.9": [
        0.9826589595375722
    ],
    "0.8": [
        0.9855072463768116
    ],
    "0.7": [
        0.9903846153846154
    ],
    "0.6": [
        1.0
    ],
    "0.5": [
        1.0
    ],
    "0.4": [
        1.0
    ],
    "0.3": [
        1.0
    ],
    "0.2": [
        1.0
    ],
    "0.1": [
        1.0
    ]
}