{
    "inf": [
        0.6944162436548224
    ],
    "2": [
        0.6934010152284263
    ],
    "1.6": [
        0.9680851063829787
    ],
    "1.5": [
        1.0
    ],
    "1.4": [
        0.9629629629629629
    ],
    "1.3": [
        1.0
    ],
    "1.2": [
        1.0
    ],
    "1.1": [
        1.0
    ],
    "0.9": [
        1.0
    ],
    "0.8": [
        1.0
    ],
    "0.7": [
        1.0
    ],
    "0.6": [
        1.0
    ],
    "0.5": [
        null
    ],
    "0.4": [
        null
    ],
    "0.3": [
        null
    ],
    "0.2": [
        null
    ],
    "0.1": [
        null
    ]
}