{
    "inf": [
        0.16129032258064516
    ],
    "2": [
        0.16612903225806452
    ],
    "1.6": [
        null
    ],
    "1.5": [
        null
    ],
    "1.4": [
        null
    ],
    "1.3": [
        null
    ],
    "1.2": [
        null
    ],
    "1.1": [
        null
    ],
    "0.9": [
        null
    ],
    "0.8": [
        null
    ],
    "0.7": [
        null
    ],
    "0.6": [
        null
    ],
    "0.5": [
        null
    ],
    "0.4": [
        null
    ],
    "0.3": [
        null
    ],
    "0.2": [
        null
    ],
    "0.1": [
        null
    ]
}