{
    "inf": [
        0.5491573804687929
    ],
    "2": [
        0.5491573804687929
    ],
    "1.6": [
        0.5491573804687929
    ],
    "1.5": [
        0.5491573804687929
    ],
    "1.4": [
        0.5491573804687929
    ],
    "1.3": [
        0.5491573804687929
    ],
    "1.2": [
        0.5491573804687929
    ],
    "1.1": [
        0.5491573804687929
    ],
    "0.9": [
        0.5491573804687929
    ],
    "0.8": [
        0.5491573804687929
    ],
    "0.7": [
        0.5491573804687929
    ],
    "0.6": [
        0.6866764275256223
    ],
    "0.5": [
        0.717948717948718
    ],
    "0.4": [
        0.6470588235294118
    ],
    "0.3": [
        0.75
    ],
    "0.2": [
        null
    ],
    "0.1": [
        null
    ]
}