{
    "inf": [
        0.5345007410660372
    ],
    "2": [
        0.5345007410660372
    ],
    "1.6": [
        0.5345007410660372
    ],
    "1.5": [
        0.5345007410660372
    ],
    "1.4": [
        0.5345007410660372
    ],
    "1.3": [
        0.5345007410660372
    ],
    "1.2": [
        0.5345007410660372
    ],
    "1.1": [
        0.5345007410660372
    ],
    "0.9": [
        0.5345007410660372
    ],
    "0.8": [
        0.5345007410660372
    ],
    "0.7": [
        0.5345007410660372
    ],
    "0.6": [
        0.7120075046904315
    ],
    "0.5": [
        0.8020833333333334
    ],
    "0.4": [
        0.0
    ],
    "0.3": [
        null
    ],
    "0.2": [
        null
    ],
    "0.1": [
        null
    ]
}