{
    "inf": [
        0.5505846187626942
    ],
    "2": [
        0.5505846187626942
    ],
    "1.6": [
        0.5505846187626942
    ],
    "1.5": [
        0.5505846187626942
    ],
    "1.4": [
        0.5505846187626942
    ],
    "1.3": [
        0.5505846187626942
    ],
    "1.2": [
        0.5505846187626942
    ],
    "1.1": [
        0.5505846187626942
    ],
    "0.9": [
        0.5505846187626942
    ],
    "0.8": [
        0.5505846187626942
    ],
    "0.7": [
        0.5505846187626942
    ],
    "0.6": [
        0.633146887159533
    ],
    "0.5": [
        0.6575342465753424
    ],
    "0.4": [
        0.6817813765182186
    ],
    "0.3": [
        0.6737044145873321
    ],
    "0.2": [
        0.6338797814207651
    ],
    "0.1": [
        0.6818181818181818
    ]
}