{
    "inf": [
        0.5457539660756436
    ],
    "2": [
        0.5457539660756436
    ],
    "1.6": [
        0.5457539660756436
    ],
    "1.5": [
        0.5457539660756436
    ],
    "1.4": [
        0.5457539660756436
    ],
    "1.3": [
        0.5457539660756436
    ],
    "1.2": [
        0.5457539660756436
    ],
    "1.1": [
        0.5457539660756436
    ],
    "0.9": [
        0.5457539660756436
    ],
    "0.8": [
        0.5457539660756436
    ],
    "0.7": [
        0.5457539660756436
    ],
    "0.6": [
        0.6125827814569537
    ],
    "0.5": [
        0.5697674418604651
    ],
    "0.4": [
        0.5833333333333334
    ],
    "0.3": [
        0.6
    ],
    "0.2": [
        null
    ],
    "0.1": [
        null
    ]
}