{
    "inf": [
        0.7777899763956744
    ],
    "2": [
        0.7797112587143876
    ],
    "1.6": [
        0.7805895592029423
    ],
    "1.5": [
        0.7758686940769611
    ],
    "1.4": [
        0.7771312510292584
    ],
    "1.3": [
        0.7788878520063677
    ],
    "1.2": [
        0.779162320909041
    ],
    "1.1": [
        0.7780644452983477
    ],
    "0.9": [
        0.8358759667920244
    ],
    "0.8": [
        0.8625392552714222
    ],
    "0.7": [
        0.8891938250428817
    ],
    "0.6": [
        0.9056016597510373
    ],
    "0.5": [
        0.9217442086821102
    ],
    "0.4": [
        0.9357292759706191
    ],
    "0.3": [
        0.9495671810312383
    ],
    "0.2": [
        0.9634949132256134
    ],
    "0.1": [
        0.9724770642201835
    ]
}