{
    "inf": [
        0.5409782071691277
    ],
    "2": [
        0.5409782071691277
    ],
    "1.6": [
        0.5409782071691277
    ],
    "1.5": [
        0.5409782071691277
    ],
    "1.4": [
        0.5409782071691277
    ],
    "1.3": [
        0.5409782071691277
    ],
    "1.2": [
        0.5409782071691277
    ],
    "1.1": [
        0.5409782071691277
    ],
    "0.9": [
        0.5409782071691277
    ],
    "0.8": [
        0.5409782071691277
    ],
    "0.7": [
        0.5409782071691277
    ],
    "0.6": [
        0.6149914821124361
    ],
    "0.5": [
        0.6515151515151515
    ],
    "0.4": [
        0.5454545454545454
    ],
    "0.3": [
        0.5
    ],
    "0.2": [
        null
    ],
    "0.1": [
        null
    ]
}