{
    "inf": [
        0.5436680024153263
    ],
    "2": [
        0.5436680024153263
    ],
    "1.6": [
        0.5436680024153263
    ],
    "1.5": [
        0.5436680024153263
    ],
    "1.4": [
        0.5436680024153263
    ],
    "1.3": [
        0.5436680024153263
    ],
    "1.2": [
        0.5436680024153263
    ],
    "1.1": [
        0.5436680024153263
    ],
    "0.9": [
        0.5436680024153263
    ],
    "0.8": [
        0.5436680024153263
    ],
    "0.7": [
        0.5436680024153263
    ],
    "0.6": [
        0.6263718128558462
    ],
    "0.5": [
        0.6506874767744333
    ],
    "0.4": [
        0.6710254645560908
    ],
    "0.3": [
        0.6723565670934092
    ],
    "0.2": [
        0.6709539121114684
    ],
    "0.1": [
        0.6784140969162996
    ]
}