{
    "inf": [
        0.7966185431190647
    ],
    "2": [
        0.7979359938518966
    ],
    "1.6": [
        0.7968930120217379
    ],
    "1.5": [
        0.7966185431190647
    ],
    "1.4": [
        0.7957951364110446
    ],
    "1.3": [
        0.7976615249492233
    ],
    "1.2": [
        0.7963440742163913
    ],
    "1.1": [
        0.7955206675083712
    ],
    "0.9": [
        0.8464285714285714
    ],
    "0.8": [
        0.8691072353652219
    ],
    "0.7": [
        0.8887804878048781
    ],
    "0.6": [
        0.9030303030303031
    ],
    "0.5": [
        0.9125710464727516
    ],
    "0.4": [
        0.9194788551900897
    ],
    "0.3": [
        0.9254727474972191
    ],
    "0.2": [
        0.9242788461538461
    ],
    "0.1": [
        0.9243002544529262
    ]
}