{
    "inf": [
        0.5320305209419772
    ],
    "2": [
        0.5320305209419772
    ],
    "1.6": [
        0.5320305209419772
    ],
    "1.5": [
        0.5320305209419772
    ],
    "1.4": [
        0.5320305209419772
    ],
    "1.3": [
        0.5320305209419772
    ],
    "1.2": [
        0.5320305209419772
    ],
    "1.1": [
        0.5320305209419772
    ],
    "0.9": [
        0.5320305209419772
    ],
    "0.8": [
        0.5320305209419772
    ],
    "0.7": [
        0.5320305209419772
    ],
    "0.6": [
        0.5795275590551181
    ],
    "0.5": [
        0.5714285714285714
    ],
    "0.4": [
        0.46153846153846156
    ],
    "0.3": [
        0.6666666666666666
    ],
    "0.2": [
        null
    ],
    "0.1": [
        null
    ]
}