{
    "inf": [
        0.5467420541252677
    ],
    "2": [
        0.5467420541252677
    ],
    "1.6": [
        0.5467420541252677
    ],
    "1.5": [
        0.5467420541252677
    ],
    "1.4": [
        0.5467420541252677
    ],
    "1.3": [
        0.5467420541252677
    ],
    "1.2": [
        0.5467420541252677
    ],
    "1.1": [
        0.5467420541252677
    ],
    "0.9": [
        0.5467420541252677
    ],
    "0.8": [
        0.5467420541252677
    ],
    "0.7": [
        0.5467420541252677
    ],
    "0.6": [
        0.6953087601723312
    ],
    "0.5": [
        0.6754385964912281
    ],
    "0.4": [
        0.7013574660633484
    ],
    "0.3": [
        0.6802721088435374
    ],
    "0.2": [
        0.7037037037037037
    ],
    "0.1": [
        0.6666666666666666
    ]
}