{
    "inf": [
        0.5480595048580996
    ],
    "2": [
        0.5480595048580996
    ],
    "1.6": [
        0.5480595048580996
    ],
    "1.5": [
        0.5480595048580996
    ],
    "1.4": [
        0.5480595048580996
    ],
    "1.3": [
        0.5480595048580996
    ],
    "1.2": [
        0.5480595048580996
    ],
    "1.1": [
        0.5480595048580996
    ],
    "0.9": [
        0.5480595048580996
    ],
    "0.8": [
        0.5480595048580996
    ],
    "0.7": [
        0.5480595048580996
    ],
    "0.6": [
        0.7763401109057301
    ],
    "0.5": [
        0.8125
    ],
    "0.4": [
        0.8461538461538461
    ],
    "0.3": [
        0.8
    ],
    "0.2": [
        null
    ],
    "0.1": [
        null
    ]
}