{
    "inf": [
        0.5475654608332876
    ],
    "2": [
        0.5475654608332876
    ],
    "1.6": [
        0.5475654608332876
    ],
    "1.5": [
        0.5475654608332876
    ],
    "1.4": [
        0.5475654608332876
    ],
    "1.3": [
        0.5475654608332876
    ],
    "1.2": [
        0.5475654608332876
    ],
    "1.1": [
        0.5475654608332876
    ],
    "0.9": [
        0.5475654608332876
    ],
    "0.8": [
        0.5475654608332876
    ],
    "0.7": [
        0.5475654608332876
    ],
    "0.6": [
        0.6155183202391712
    ],
    "0.5": [
        0.6519551229170104
    ],
    "0.4": [
        0.6844439859707036
    ],
    "0.3": [
        0.7176811594202899
    ],
    "0.2": [
        0.7347585114806018
    ],
    "0.1": [
        0.7404479578392622
    ]
}