{
    "inf": [
        0.5486084426634462
    ],
    "2": [
        0.5486084426634462
    ],
    "1.6": [
        0.5486084426634462
    ],
    "1.5": [
        0.5486084426634462
    ],
    "1.4": [
        0.5486084426634462
    ],
    "1.3": [
        0.5486084426634462
    ],
    "1.2": [
        0.5486084426634462
    ],
    "1.1": [
        0.5486084426634462
    ],
    "0.9": [
        0.5486084426634462
    ],
    "0.8": [
        0.5486084426634462
    ],
    "0.7": [
        0.5486084426634462
    ],
    "0.6": [
        0.6005298193180274
    ],
    "0.5": [
        0.6179042773095882
    ],
    "0.4": [
        0.6425627943485086
    ],
    "0.3": [
        0.6719749557642575
    ],
    "0.2": [
        0.7058543550690147
    ],
    "0.1": [
        0.7191283292978208
    ]
}