{
    "inf": [
        0.5504748312016249
    ],
    "2": [
        0.5504748312016249
    ],
    "1.6": [
        0.5504748312016249
    ],
    "1.5": [
        0.5504748312016249
    ],
    "1.4": [
        0.5504748312016249
    ],
    "1.3": [
        0.5504748312016249
    ],
    "1.2": [
        0.5504748312016249
    ],
    "1.1": [
        0.5504748312016249
    ],
    "0.9": [
        0.5504748312016249
    ],
    "0.8": [
        0.5504748312016249
    ],
    "0.7": [
        0.5504748312016249
    ],
    "0.6": [
        0.5950115710979687
    ],
    "0.5": [
        0.6144723760829428
    ],
    "0.4": [
        0.6296736375158428
    ],
    "0.3": [
        0.6460289960791465
    ],
    "0.2": [
        0.6701600829206495
    ],
    "0.1": [
        0.697754749568221
    ]
}