{
    "inf": [
        0.792775978481638
    ],
    "2": [
        0.7901410770159741
    ],
    "1.6": [
        0.7926661909205687
    ],
    "1.5": [
        0.7916232090904101
    ],
    "1.4": [
        0.7923917220178954
    ],
    "1.3": [
        0.7925015095789647
    ],
    "1.2": [
        0.7934895976285887
    ],
    "1.1": [
        0.796069605313718
    ],
    "0.9": [
        0.8536846615252784
    ],
    "0.8": [
        0.8846686277902751
    ],
    "0.7": [
        0.9107518547226221
    ],
    "0.6": [
        0.9238081923668391
    ],
    "0.5": [
        0.9332738626226583
    ],
    "0.4": [
        0.9418909264110502
    ],
    "0.3": [
        0.9451435947079703
    ],
    "0.2": [
        0.9443110897743638
    ],
    "0.1": [
        0.9595959595959596
    ]
}