{
    "inf": [
        0.5516276005928529
    ],
    "2": [
        0.5516276005928529
    ],
    "1.6": [
        0.5516276005928529
    ],
    "1.5": [
        0.5516276005928529
    ],
    "1.4": [
        0.5516276005928529
    ],
    "1.3": [
        0.5516276005928529
    ],
    "1.2": [
        0.5516276005928529
    ],
    "1.1": [
        0.5516276005928529
    ],
    "0.9": [
        0.5516276005928529
    ],
    "0.8": [
        0.5516276005928529
    ],
    "0.7": [
        0.5516276005928529
    ],
    "0.6": [
        0.6219512195121951
    ],
    "0.5": [
        0.6666666666666666
    ],
    "0.4": [
        null
    ],
    "0.3": [
        null
    ],
    "0.2": [
        null
    ],
    "0.1": [
        null
    ]
}