{
    "inf": [
        0.5387824559477411
    ],
    "2": [
        0.5387824559477411
    ],
    "1.6": [
        0.5387824559477411
    ],
    "1.5": [
        0.5387824559477411
    ],
    "1.4": [
        0.5387824559477411
    ],
    "1.3": [
        0.5387824559477411
    ],
    "1.2": [
        0.5387824559477411
    ],
    "1.1": [
        0.5387824559477411
    ],
    "0.9": [
        0.5387824559477411
    ],
    "0.8": [
        0.5387824559477411
    ],
    "0.7": [
        0.5387824559477411
    ],
    "0.6": [
        0.6767943637164244
    ],
    "0.5": [
        0.6521739130434783
    ],
    "0.4": [
        0.75
    ],
    "0.3": [
        0.8
    ],
    "0.2": [
        0.5
    ],
    "0.1": [
        null
    ]
}