{
    "inf": [
        0.7911840588461327
    ],
    "2": [
        0.7883295822583302
    ],
    "1.6": [
        0.7899215018938355
    ],
    "1.5": [
        0.7883844760388647
    ],
    "1.4": [
        0.7900312894549048
    ],
    "1.3": [
        0.7889334138442115
    ],
    "1.2": [
        0.7900861832354394
    ],
    "1.1": [
        0.7886589449415381
    ],
    "0.9": [
        0.8301633903497575
    ],
    "0.8": [
        0.8556654336830981
    ],
    "0.7": [
        0.8833427335965407
    ],
    "0.6": [
        0.8993578517221249
    ],
    "0.5": [
        0.9050263004091175
    ],
    "0.4": [
        0.9129451667608819
    ],
    "0.3": [
        0.9212974603972844
    ],
    "0.2": [
        0.9204052098408104
    ],
    "0.1": [
        0.9262589928057554
    ]
}