{
    "inf": [
        0.5466322665641983
    ],
    "2": [
        0.5466322665641983
    ],
    "1.6": [
        0.5466322665641983
    ],
    "1.5": [
        0.5466322665641983
    ],
    "1.4": [
        0.5466322665641983
    ],
    "1.3": [
        0.5466322665641983
    ],
    "1.2": [
        0.5466322665641983
    ],
    "1.1": [
        0.5466322665641983
    ],
    "0.9": [
        0.5466322665641983
    ],
    "0.8": [
        0.5466322665641983
    ],
    "0.7": [
        0.5466322665641983
    ],
    "0.6": [
        0.5686007230486576
    ],
    "0.5": [
        0.580944666001994
    ],
    "0.4": [
        0.5912906610703043
    ],
    "0.3": [
        0.6034107656677662
    ],
    "0.2": [
        0.6188030196902483
    ],
    "0.1": [
        0.6431372549019608
    ]
}