{
    "inf": [
        0.7707086787067026
    ],
    "2": [
        0.7714222978536531
    ],
    "1.6": [
        0.7719163418784651
    ],
    "1.5": [
        0.7699950595597519
    ],
    "1.4": [
        0.7718065543173959
    ],
    "1.3": [
        0.7702146346818906
    ],
    "1.2": [
        0.7713674040731185
    ],
    "1.1": [
        0.7725201734643465
    ],
    "0.9": [
        0.8201721683725344
    ],
    "0.8": [
        0.8549959382615759
    ],
    "0.7": [
        0.8877918337961535
    ],
    "0.6": [
        0.9160254709472009
    ],
    "0.5": [
        0.9279409115474689
    ],
    "0.4": [
        0.9413827655310621
    ],
    "0.3": [
        0.9471603163191948
    ],
    "0.2": [
        0.9557135046473483
    ],
    "0.1": [
        0.9645922746781116
    ]
}