{
    "inf": [
        0.5263215677663721
    ],
    "2": [
        0.5263215677663721
    ],
    "1.6": [
        0.5263215677663721
    ],
    "1.5": [
        0.5263215677663721
    ],
    "1.4": [
        0.5263215677663721
    ],
    "1.3": [
        0.5263215677663721
    ],
    "1.2": [
        0.5263215677663721
    ],
    "1.1": [
        0.5263215677663721
    ],
    "0.9": [
        0.5263215677663721
    ],
    "0.8": [
        0.5263215677663721
    ],
    "0.7": [
        0.5263215677663721
    ],
    "0.6": [
        0.5182072829131653
    ],
    "0.5": [
        0.42857142857142855
    ],
    "0.4": [
        0.0
    ],
    "0.3": [
        null
    ],
    "0.2": [
        null
    ],
    "0.1": [
        null
    ]
}