{
    "inf": [
        0.7595103474776308
    ],
    "2": [
        0.76209035516276
    ],
    "1.6": [
        0.7597848163803042
    ],
    "1.5": [
        0.7603337541856507
    ],
    "1.4": [
        0.7602239666245815
    ],
    "1.3": [
        0.7624197178459681
    ],
    "1.2": [
        0.7608277982104628
    ],
    "1.1": [
        0.7617060986990174
    ],
    "0.9": [
        0.8219216880266232
    ],
    "0.8": [
        0.85837023914969
    ],
    "0.7": [
        0.8832234940455544
    ],
    "0.6": [
        0.9065304859176726
    ],
    "0.5": [
        0.9203688181056161
    ],
    "0.4": [
        0.9310751104565538
    ],
    "0.3": [
        0.9400164338537387
    ],
    "0.2": [
        0.9478827361563518
    ],
    "0.1": [
        0.9574209245742092
    ]
}