{
    "inf": [
        0.544875665587089
    ],
    "2": [
        0.544875665587089
    ],
    "1.6": [
        0.544875665587089
    ],
    "1.5": [
        0.544875665587089
    ],
    "1.4": [
        0.544875665587089
    ],
    "1.3": [
        0.544875665587089
    ],
    "1.2": [
        0.544875665587089
    ],
    "1.1": [
        0.544875665587089
    ],
    "0.9": [
        0.544875665587089
    ],
    "0.8": [
        0.544875665587089
    ],
    "0.7": [
        0.544875665587089
    ],
    "0.6": [
        0.7033898305084746
    ],
    "0.5": [
        0.6363636363636364
    ],
    "0.4": [
        1.0
    ],
    "0.3": [
        null
    ],
    "0.2": [
        null
    ],
    "0.1": [
        null
    ]
}