{
    "inf": [
        0.5325794587473239
    ],
    "2": [
        0.5325794587473239
    ],
    "1.6": [
        0.5325794587473239
    ],
    "1.5": [
        0.5325794587473239
    ],
    "1.4": [
        0.5325794587473239
    ],
    "1.3": [
        0.5325794587473239
    ],
    "1.2": [
        0.5325794587473239
    ],
    "1.1": [
        0.5325794587473239
    ],
    "0.9": [
        0.5325794587473239
    ],
    "0.8": [
        0.5325794587473239
    ],
    "0.7": [
        0.5325794587473239
    ],
    "0.6": [
        0.7312531454453951
    ],
    "0.5": [
        0.73
    ],
    "0.4": [
        0.7945205479452054
    ],
    "0.3": [
        0.4444444444444444
    ],
    "0.2": [
        null
    ],
    "0.1": [
        null
    ]
}