{
    "inf": [
        0.557501235110062
    ],
    "2": [
        0.557501235110062
    ],
    "1.6": [
        0.557501235110062
    ],
    "1.5": [
        0.557501235110062
    ],
    "1.4": [
        0.557501235110062
    ],
    "1.3": [
        0.557501235110062
    ],
    "1.2": [
        0.557501235110062
    ],
    "1.1": [
        0.557501235110062
    ],
    "0.9": [
        0.557501235110062
    ],
    "0.8": [
        0.557501235110062
    ],
    "0.7": [
        0.557501235110062
    ],
    "0.6": [
        0.6252563226247437
    ],
    "0.5": [
        0.6509714934051908
    ],
    "0.4": [
        0.6740979759460253
    ],
    "0.3": [
        0.6624764299182904
    ],
    "0.2": [
        0.6855600539811066
    ],
    "0.1": [
        0.6962025316455697
    ]
}