{
    "inf": [
        0.547839929735961
    ],
    "2": [
        0.547839929735961
    ],
    "1.6": [
        0.547839929735961
    ],
    "1.5": [
        0.547839929735961
    ],
    "1.4": [
        0.547839929735961
    ],
    "1.3": [
        0.547839929735961
    ],
    "1.2": [
        0.547839929735961
    ],
    "1.1": [
        0.547839929735961
    ],
    "0.9": [
        0.547839929735961
    ],
    "0.8": [
        0.547839929735961
    ],
    "0.7": [
        0.547839929735961
    ],
    "0.6": [
        0.6996466431095406
    ],
    "0.5": [
        0.631578947368421
    ],
    "0.4": [
        0.6666666666666666
    ],
    "0.3": [
        1.0
    ],
    "0.2": [
        null
    ],
    "0.1": [
        null
    ]
}