{
    "inf": [
        0.7587967283306801
    ],
    "2": [
        0.7594005599165614
    ],
    "1.6": [
        0.7570401273535708
    ],
    "1.5": [
        0.7586320469890762
    ],
    "1.4": [
        0.7571499149146401
    ],
    "1.3": [
        0.7586320469890762
    ],
    "1.2": [
        0.7567656584508975
    ],
    "1.1": [
        0.7608826919909975
    ],
    "0.9": [
        0.7981633192389006
    ],
    "0.8": [
        0.8232434485377896
    ],
    "0.7": [
        0.8469258589511754
    ],
    "0.6": [
        0.866986155484558
    ],
    "0.5": [
        0.8841580360567702
    ],
    "0.4": [
        0.9010120177103099
    ],
    "0.3": [
        0.9136917261654767
    ],
    "0.2": [
        0.9224368499257058
    ],
    "0.1": [
        0.9325616507297433
    ]
}