{
    "inf": [
        0.5419662952187517
    ],
    "2": [
        0.5419662952187517
    ],
    "1.6": [
        0.5419662952187517
    ],
    "1.5": [
        0.5419662952187517
    ],
    "1.4": [
        0.5419662952187517
    ],
    "1.3": [
        0.5419662952187517
    ],
    "1.2": [
        0.5419662952187517
    ],
    "1.1": [
        0.5419662952187517
    ],
    "0.9": [
        0.5419662952187517
    ],
    "0.8": [
        0.5419662952187517
    ],
    "0.7": [
        0.5419662952187517
    ],
    "0.6": [
        0.5972350230414747
    ],
    "0.5": [
        0.5554834523036989
    ],
    "0.4": [
        0.49901768172888017
    ],
    "0.3": [
        0.46511627906976744
    ],
    "0.2": [
        0.5
    ],
    "0.1": [
        0.6666666666666666
    ]
}