{
    "inf": [
        0.7440303013668551
    ],
    "2": [
        0.7450183894164791
    ],
    "1.6": [
        0.7458417961244991
    ],
    "1.5": [
        0.7437009386836472
    ],
    "1.4": [
        0.7423834879508152
    ],
    "1.3": [
        0.7440303013668551
    ],
    "1.2": [
        0.7432068946588352
    ],
    "1.1": [
        0.7447439205138058
    ],
    "0.9": [
        0.7863081668231192
    ],
    "0.8": [
        0.8192071924805885
    ],
    "0.7": [
        0.8457183297947629
    ],
    "0.6": [
        0.8664361634012038
    ],
    "0.5": [
        0.8808746736292428
    ],
    "0.4": [
        0.8954895489548955
    ],
    "0.3": [
        0.9072292894818492
    ],
    "0.2": [
        0.9121557454890789
    ],
    "0.1": [
        0.9339055793991416
    ]
}