{
    "inf": [
        0.7596201350387001
    ],
    "2": [
        0.7589065158917495
    ],
    "1.6": [
        0.7573694900367788
    ],
    "1.5": [
        0.7594005599165614
    ],
    "1.4": [
        0.7578635340615908
    ],
    "1.3": [
        0.7563265082066202
    ],
    "1.2": [
        0.7594005599165614
    ],
    "1.1": [
        0.7581380029642641
    ],
    "0.9": [
        0.8232384775284926
    ],
    "0.8": [
        0.850838179952104
    ],
    "0.7": [
        0.8742391416486124
    ],
    "0.6": [
        0.8908702750219767
    ],
    "0.5": [
        0.9018691588785047
    ],
    "0.4": [
        0.9089116719242902
    ],
    "0.3": [
        0.9151915455746368
    ],
    "0.2": [
        0.9180451127819549
    ],
    "0.1": [
        0.9175324675324675
    ]
}