{
    "inf": [
        0.5376296865565131
    ],
    "2": [
        0.5376296865565131
    ],
    "1.6": [
        0.5376296865565131
    ],
    "1.5": [
        0.5376296865565131
    ],
    "1.4": [
        0.5376296865565131
    ],
    "1.3": [
        0.5376296865565131
    ],
    "1.2": [
        0.5376296865565131
    ],
    "1.1": [
        0.5376296865565131
    ],
    "0.9": [
        0.5376296865565131
    ],
    "0.8": [
        0.5376296865565131
    ],
    "0.7": [
        0.5376296865565131
    ],
    "0.6": [
        0.592051352089593
    ],
    "0.5": [
        0.623320189909069
    ],
    "0.4": [
        0.6450259688373952
    ],
    "0.3": [
        0.6604651162790698
    ],
    "0.2": [
        0.6572995202193284
    ],
    "0.1": [
        0.6309081253319172
    ]
}