{
    "inf": [
        0.8079266619092057
    ],
    "2": [
        0.8048526101992645
    ],
    "1.6": [
        0.806060273371027
    ],
    "1.5": [
        0.8052917604435418
    ],
    "1.4": [
        0.8067738925179777
    ],
    "1.3": [
        0.8073228303233244
    ],
    "1.2": [
        0.8064994236153044
    ],
    "1.1": [
        0.807213042762255
    ],
    "0.9": [
        0.8511546014762646
    ],
    "0.8": [
        0.8807599029911075
    ],
    "0.7": [
        0.9124288039056143
    ],
    "0.6": [
        0.9293485384716215
    ],
    "0.5": [
        0.9388532825220856
    ],
    "0.4": [
        0.9465903671912256
    ],
    "0.3": [
        0.9505794137695979
    ],
    "0.2": [
        0.9627630868861305
    ],
    "0.1": [
        0.9682203389830508
    ]
}