{
    "inf": [
        0.5517373881539221
    ],
    "2": [
        0.5517373881539221
    ],
    "1.6": [
        0.5517373881539221
    ],
    "1.5": [
        0.5517373881539221
    ],
    "1.4": [
        0.5517373881539221
    ],
    "1.3": [
        0.5517373881539221
    ],
    "1.2": [
        0.5517373881539221
    ],
    "1.1": [
        0.5517373881539221
    ],
    "0.9": [
        0.5517373881539221
    ],
    "0.8": [
        0.5517373881539221
    ],
    "0.7": [
        0.5517373881539221
    ],
    "0.6": [
        0.5892890006748053
    ],
    "0.5": [
        0.607095926412615
    ],
    "0.4": [
        0.6222518789070731
    ],
    "0.3": [
        0.6385873719614737
    ],
    "0.2": [
        0.6607081174438687
    ],
    "0.1": [
        0.6938596491228071
    ]
}