{
    "inf": [
        0.5464675852225943
    ],
    "2": [
        0.5464675852225943
    ],
    "1.6": [
        0.5464675852225943
    ],
    "1.5": [
        0.5464675852225943
    ],
    "1.4": [
        0.5464675852225943
    ],
    "1.3": [
        0.5464675852225943
    ],
    "1.2": [
        0.5464675852225943
    ],
    "1.1": [
        0.5464675852225943
    ],
    "0.9": [
        0.5464675852225943
    ],
    "0.8": [
        0.5464675852225943
    ],
    "0.7": [
        0.5464675852225943
    ],
    "0.6": [
        0.6057891109579601
    ],
    "0.5": [
        0.5355450236966824
    ],
    "0.4": [
        0.5555555555555556
    ],
    "0.3": [
        0.0
    ],
    "0.2": [
        null
    ],
    "0.1": [
        null
    ]
}