{
    "inf": [
        0.5497612120546742
    ],
    "2": [
        0.5497612120546742
    ],
    "1.6": [
        0.5497612120546742
    ],
    "1.5": [
        0.5497612120546742
    ],
    "1.4": [
        0.5497612120546742
    ],
    "1.3": [
        0.5497612120546742
    ],
    "1.2": [
        0.5497612120546742
    ],
    "1.1": [
        0.5497612120546742
    ],
    "0.9": [
        0.5497612120546742
    ],
    "0.8": [
        0.5497612120546742
    ],
    "0.7": [
        0.5497612120546742
    ],
    "0.6": [
        0.580436788680406
    ],
    "0.5": [
        0.5975997878265482
    ],
    "0.4": [
        0.6146802325581395
    ],
    "0.3": [
        0.6351462372658561
    ],
    "0.2": [
        0.660959951085295
    ],
    "0.1": [
        0.7025380710659899
    ]
}