{
    "inf": [
        0.5535488829115661
    ],
    "2": [
        0.5535488829115661
    ],
    "1.6": [
        0.5535488829115661
    ],
    "1.5": [
        0.5535488829115661
    ],
    "1.4": [
        0.5535488829115661
    ],
    "1.3": [
        0.5535488829115661
    ],
    "1.2": [
        0.5535488829115661
    ],
    "1.1": [
        0.5535488829115661
    ],
    "0.9": [
        0.5535488829115661
    ],
    "0.8": [
        0.5535488829115661
    ],
    "0.7": [
        0.5535488829115661
    ],
    "0.6": [
        0.6078497601837466
    ],
    "0.5": [
        0.6337862247702819
    ],
    "0.4": [
        0.6621160409556314
    ],
    "0.3": [
        0.6891992090954029
    ],
    "0.2": [
        0.7105621474421319
    ],
    "0.1": [
        0.7254063301967494
    ]
}