{
    "inf": [
        0.5454246033924356
    ],
    "2": [
        0.5454246033924356
    ],
    "1.6": [
        0.5454246033924356
    ],
    "1.5": [
        0.5454246033924356
    ],
    "1.4": [
        0.5454246033924356
    ],
    "1.3": [
        0.5454246033924356
    ],
    "1.2": [
        0.5454246033924356
    ],
    "1.1": [
        0.5454246033924356
    ],
    "0.9": [
        0.5454246033924356
    ],
    "0.8": [
        0.5454246033924356
    ],
    "0.7": [
        0.5454246033924356
    ],
    "0.6": [
        0.5819036726394713
    ],
    "0.5": [
        0.6014239843640933
    ],
    "0.4": [
        0.620246301603284
    ],
    "0.3": [
        0.6423888002835372
    ],
    "0.2": [
        0.6685227644939404
    ],
    "0.1": [
        0.6980491942324003
    ]
}