{
    "inf": [
        0.5271998682549267
    ],
    "2": [
        0.5271998682549267
    ],
    "1.6": [
        0.5271998682549267
    ],
    "1.5": [
        0.5271998682549267
    ],
    "1.4": [
        0.5271998682549267
    ],
    "1.3": [
        0.5271998682549267
    ],
    "1.2": [
        0.5271998682549267
    ],
    "1.1": [
        0.5271998682549267
    ],
    "0.9": [
        0.5271998682549267
    ],
    "0.8": [
        0.5271998682549267
    ],
    "0.7": [
        0.5271998682549267
    ],
    "0.6": [
        0.6101398601398601
    ],
    "0.5": [
        0.7051282051282052
    ],
    "0.4": [
        0.8571428571428571
    ],
    "0.3": [
        0.0
    ],
    "0.2": [
        null
    ],
    "0.1": [
        null
    ]
}