{
    "inf": [
        0.545040346928693
    ],
    "2": [
        0.545040346928693
    ],
    "1.6": [
        0.545040346928693
    ],
    "1.5": [
        0.545040346928693
    ],
    "1.4": [
        0.545040346928693
    ],
    "1.3": [
        0.545040346928693
    ],
    "1.2": [
        0.545040346928693
    ],
    "1.1": [
        0.545040346928693
    ],
    "0.9": [
        0.545040346928693
    ],
    "0.8": [
        0.545040346928693
    ],
    "0.7": [
        0.545040346928693
    ],
    "0.6": [
        0.5660377358490566
    ],
    "0.5": [
        0.58
    ],
    "0.4": [
        0.5555555555555556
    ],
    "0.3": [
        null
    ],
    "0.2": [
        null
    ],
    "0.1": [
        null
    ]
}