{
    "inf": [
        0.7673052643135533
    ],
    "2": [
        0.7671405829719493
    ],
    "1.6": [
        0.7682933523631773
    ],
    "1.5": [
        0.7673052643135533
    ],
    "1.4": [
        0.765054619311632
    ],
    "1.3": [
        0.7669759016303452
    ],
    "1.2": [
        0.7679639896799693
    ],
    "1.1": [
        0.7673052643135533
    ],
    "0.9": [
        0.8159448118910462
    ],
    "0.8": [
        0.8450892857142858
    ],
    "0.7": [
        0.871560680442973
    ],
    "0.6": [
        0.8936542669584245
    ],
    "0.5": [
        0.9033250048049203
    ],
    "0.4": [
        0.9160246533127889
    ],
    "0.3": [
        0.929136690647482
    ],
    "0.2": [
        0.9537604456824512
    ],
    "0.1": [
        0.9591836734693877
    ]
}