{
    "inf": [
        0.776856782126585
    ],
    "2": [
        0.7765274194433771
    ],
    "1.6": [
        0.7772959323708624
    ],
    "1.5": [
        0.7785584893231597
    ],
    "1.4": [
        0.777680188834605
    ],
    "1.3": [
        0.7769665696876544
    ],
    "1.2": [
        0.7777899763956744
    ],
    "1.1": [
        0.778338914201021
    ],
    "0.9": [
        0.8148264587525151
    ],
    "0.8": [
        0.8402345705499535
    ],
    "0.7": [
        0.8674286667779075
    ],
    "0.6": [
        0.8842125868650289
    ],
    "0.5": [
        0.8993762504413322
    ],
    "0.4": [
        0.9119608714984437
    ],
    "0.3": [
        0.92358934169279
    ],
    "0.2": [
        0.9265646731571627
    ],
    "0.1": [
        0.9246861924686193
    ]
}