{
    "inf": [
        0.5393313937530878
    ],
    "2": [
        0.5393313937530878
    ],
    "1.6": [
        0.5393313937530878
    ],
    "1.5": [
        0.5393313937530878
    ],
    "1.4": [
        0.5393313937530878
    ],
    "1.3": [
        0.5393313937530878
    ],
    "1.2": [
        0.5393313937530878
    ],
    "1.1": [
        0.5393313937530878
    ],
    "0.9": [
        0.5393313937530878
    ],
    "0.8": [
        0.5393313937530878
    ],
    "0.7": [
        0.5393313937530878
    ],
    "0.6": [
        0.5698897951559678
    ],
    "0.5": [
        0.5821257666644201
    ],
    "0.4": [
        0.5944267869022101
    ],
    "0.3": [
        0.6069916133853691
    ],
    "0.2": [
        0.622463474025974
    ],
    "0.1": [
        0.6369647355163728
    ]
}