{
    "inf": [
        0.7882746884777955
    ],
    "2": [
        0.7859142559148049
    ],
    "1.6": [
        0.7887138387220728
    ],
    "1.5": [
        0.7874512817697755
    ],
    "1.4": [
        0.7869572377449635
    ],
    "1.3": [
        0.7876159631113795
    ],
    "1.2": [
        0.7892078827468848
    ],
    "1.1": [
        0.7876159631113795
    ],
    "0.9": [
        0.8377260292253286
    ],
    "0.8": [
        0.8634576057888941
    ],
    "0.7": [
        0.8835081029551954
    ],
    "0.6": [
        0.8991034070531978
    ],
    "0.5": [
        0.9111876591283511
    ],
    "0.4": [
        0.9196966750923585
    ],
    "0.3": [
        0.9283614006950013
    ],
    "0.2": [
        0.9288888888888889
    ],
    "0.1": [
        0.9397849462365592
    ]
}