{
    "inf": [
        0.7556677828402042
    ],
    "2": [
        0.7542954383268375
    ],
    "1.6": [
        0.7535269253993523
    ],
    "1.5": [
        0.7526486249107976
    ],
    "1.4": [
        0.7534171378382829
    ],
    "1.3": [
        0.7535269253993523
    ],
    "1.2": [
        0.7544601196684416
    ],
    "1.1": [
        0.7552286325959269
    ],
    "0.9": [
        0.7980130271728403
    ],
    "0.8": [
        0.8278644432490586
    ],
    "0.7": [
        0.8502411063597489
    ],
    "0.6": [
        0.8705611573871109
    ],
    "0.5": [
        0.8878900052882073
    ],
    "0.4": [
        0.9015675037923478
    ],
    "0.3": [
        0.914046595792807
    ],
    "0.2": [
        0.9221635883905013
    ],
    "0.1": [
        0.9420697412823397
    ]
}