{
    "inf": [
        0.5428994894878411
    ],
    "2": [
        0.5428994894878411
    ],
    "1.6": [
        0.5428994894878411
    ],
    "1.5": [
        0.5428994894878411
    ],
    "1.4": [
        0.5428994894878411
    ],
    "1.3": [
        0.5428994894878411
    ],
    "1.2": [
        0.5428994894878411
    ],
    "1.1": [
        0.5428994894878411
    ],
    "0.9": [
        0.5428994894878411
    ],
    "0.8": [
        0.5428994894878411
    ],
    "0.7": [
        0.5428994894878411
    ],
    "0.6": [
        0.566228332337119
    ],
    "0.5": [
        0.5788383045525902
    ],
    "0.4": [
        0.5888690594223015
    ],
    "0.3": [
        0.599358527402036
    ],
    "0.2": [
        0.6155952833777102
    ],
    "0.1": [
        0.6439393939393939
    ]
}