{
    "inf": [
        0.5429543832683756
    ],
    "2": [
        0.5429543832683756
    ],
    "1.6": [
        0.5429543832683756
    ],
    "1.5": [
        0.5429543832683756
    ],
    "1.4": [
        0.5429543832683756
    ],
    "1.3": [
        0.5429543832683756
    ],
    "1.2": [
        0.5429543832683756
    ],
    "1.1": [
        0.5429543832683756
    ],
    "0.9": [
        0.5429543832683756
    ],
    "0.8": [
        0.5429543832683756
    ],
    "0.7": [
        0.5429543832683756
    ],
    "0.6": [
        0.6189098302963948
    ],
    "0.5": [
        0.6431269674711437
    ],
    "0.4": [
        0.6511511511511512
    ],
    "0.3": [
        0.6650863528614968
    ],
    "0.2": [
        0.6554564172958133
    ],
    "0.1": [
        0.6589698046181173
    ]
}