{
    "inf": [
        0.7920074655541527
    ],
    "2": [
        0.7941483229950047
    ],
    "1.6": [
        0.7933249162869846
    ],
    "1.5": [
        0.7934895976285887
    ],
    "1.4": [
        0.7937091727507274
    ],
    "1.3": [
        0.7943130043366087
    ],
    "1.2": [
        0.7926661909205687
    ],
    "1.1": [
        0.7930504473843114
    ],
    "0.9": [
        0.8449706537138231
    ],
    "0.8": [
        0.8705403463963605
    ],
    "0.7": [
        0.8901894653308203
    ],
    "0.6": [
        0.9042647994907702
    ],
    "0.5": [
        0.9122541603630863
    ],
    "0.4": [
        0.9185994647636039
    ],
    "0.3": [
        0.9253914645379183
    ],
    "0.2": [
        0.920018281535649
    ],
    "0.1": [
        0.9222408026755853
    ]
}