{
    "inf": [
        0.542570126804633
    ],
    "2": [
        0.542570126804633
    ],
    "1.6": [
        0.542570126804633
    ],
    "1.5": [
        0.542570126804633
    ],
    "1.4": [
        0.542570126804633
    ],
    "1.3": [
        0.542570126804633
    ],
    "1.2": [
        0.542570126804633
    ],
    "1.1": [
        0.542570126804633
    ],
    "0.9": [
        0.542570126804633
    ],
    "0.8": [
        0.542570126804633
    ],
    "0.7": [
        0.542570126804633
    ],
    "0.6": [
        0.5742149165848871
    ],
    "0.5": [
        0.589384010484928
    ],
    "0.4": [
        0.6052298608182202
    ],
    "0.3": [
        0.623216203774743
    ],
    "0.2": [
        0.6439058292068456
    ],
    "0.1": [
        0.6757529127280721
    ]
}