{
    "inf": [
        0.7739474117582478
    ],
    "2": [
        0.7729593237086239
    ],
    "1.6": [
        0.7740023055387825
    ],
    "1.5": [
        0.7727397485864852
    ],
    "1.4": [
        0.7721359170006038
    ],
    "1.3": [
        0.7713674040731185
    ],
    "1.2": [
        0.7732886863918318
    ],
    "1.1": [
        0.7743316682219904
    ],
    "0.9": [
        0.8092906465787821
    ],
    "0.8": [
        0.8320132488479263
    ],
    "0.7": [
        0.8637151273609427
    ],
    "0.6": [
        0.8867041198501873
    ],
    "0.5": [
        0.9035500699834584
    ],
    "0.4": [
        0.9163226421086059
    ],
    "0.3": [
        0.9275272802141239
    ],
    "0.2": [
        0.9293702177751618
    ],
    "0.1": [
        0.9399903984637542
    ]
}