{
    "inf": [
        0.7503430861283417
    ],
    "2": [
        0.7513311741779657
    ],
    "1.6": [
        0.751276280397431
    ],
    "1.5": [
        0.7508371301531537
    ],
    "1.4": [
        0.751111599055827
    ],
    "1.3": [
        0.7520447933249162
    ],
    "1.2": [
        0.750782236372619
    ],
    "1.1": [
        0.7500137234451336
    ],
    "0.9": [
        0.7988561190738699
    ],
    "0.8": [
        0.8236354273944387
    ],
    "0.7": [
        0.8434595329857175
    ],
    "0.6": [
        0.8612937758066983
    ],
    "0.5": [
        0.8706271993376112
    ],
    "0.4": [
        0.8866304036644718
    ],
    "0.3": [
        0.898936170212766
    ],
    "0.2": [
        0.9109034267912772
    ],
    "0.1": [
        0.910950661853189
    ]
}