{
    "inf": [
        0.5547016523027941
    ],
    "2": [
        0.5547016523027941
    ],
    "1.6": [
        0.5547016523027941
    ],
    "1.5": [
        0.5547016523027941
    ],
    "1.4": [
        0.5547016523027941
    ],
    "1.3": [
        0.5547016523027941
    ],
    "1.2": [
        0.5547016523027941
    ],
    "1.1": [
        0.5547016523027941
    ],
    "0.9": [
        0.5547016523027941
    ],
    "0.8": [
        0.5547016523027941
    ],
    "0.7": [
        0.5547016523027941
    ],
    "0.6": [
        0.6145243683556537
    ],
    "0.5": [
        0.6465531492808728
    ],
    "0.4": [
        0.6750077873533382
    ],
    "0.3": [
        0.6994964454976303
    ],
    "0.2": [
        0.7150409727729315
    ],
    "0.1": [
        0.7197975964579381
    ]
}