{
    "inf": [
        0.5438326837569304
    ],
    "2": [
        0.5438326837569304
    ],
    "1.6": [
        0.5438326837569304
    ],
    "1.5": [
        0.5438326837569304
    ],
    "1.4": [
        0.5438326837569304
    ],
    "1.3": [
        0.5438326837569304
    ],
    "1.2": [
        0.5438326837569304
    ],
    "1.1": [
        0.5438326837569304
    ],
    "0.9": [
        0.5438326837569304
    ],
    "0.8": [
        0.5438326837569304
    ],
    "0.7": [
        0.5438326837569304
    ],
    "0.6": [
        0.599514235595736
    ],
    "0.5": [
        0.626703645007924
    ],
    "0.4": [
        0.646798465624078
    ],
    "0.3": [
        0.662947984939339
    ],
    "0.2": [
        0.6565402962591012
    ],
    "0.1": [
        0.6229034123770966
    ]
}