{
    "inf": [
        0.7814678596914969
    ],
    "2": [
        0.7807542405445463
    ],
    "1.6": [
        0.7785584893231597
    ],
    "1.5": [
        0.779656364933853
    ],
    "1.4": [
        0.7814129659109623
    ],
    "1.3": [
        0.7800406213975957
    ],
    "1.2": [
        0.7813580721304276
    ],
    "1.1": [
        0.7802053027391996
    ],
    "0.9": [
        0.8275537000875361
    ],
    "0.8": [
        0.8609792041919109
    ],
    "0.7": [
        0.8927803379416283
    ],
    "0.6": [
        0.9154477803438542
    ],
    "0.5": [
        0.928261916225325
    ],
    "0.4": [
        0.939146800501882
    ],
    "0.3": [
        0.9481820784425995
    ],
    "0.2": [
        0.9578494623655914
    ],
    "0.1": [
        0.9654919236417033
    ]
}