{
    "inf": [
        0.5335126530164133
    ],
    "2": [
        0.5335126530164133
    ],
    "1.6": [
        0.5335126530164133
    ],
    "1.5": [
        0.5335126530164133
    ],
    "1.4": [
        0.5335126530164133
    ],
    "1.3": [
        0.5335126530164133
    ],
    "1.2": [
        0.5335126530164133
    ],
    "1.1": [
        0.5335126530164133
    ],
    "0.9": [
        0.5335126530164133
    ],
    "0.8": [
        0.5335126530164133
    ],
    "0.7": [
        0.5335126530164133
    ],
    "0.6": [
        0.7079953650057937
    ],
    "0.5": [
        0.8591549295774648
    ],
    "0.4": [
        0.0
    ],
    "0.3": [
        null
    ],
    "0.2": [
        null
    ],
    "0.1": [
        null
    ]
}