{
    "inf": [
        0.5515178130317835
    ],
    "2": [
        0.5515178130317835
    ],
    "1.6": [
        0.5515178130317835
    ],
    "1.5": [
        0.5515178130317835
    ],
    "1.4": [
        0.5515178130317835
    ],
    "1.3": [
        0.5515178130317835
    ],
    "1.2": [
        0.5515178130317835
    ],
    "1.1": [
        0.5515178130317835
    ],
    "0.9": [
        0.5515178130317835
    ],
    "0.8": [
        0.5515178130317835
    ],
    "0.7": [
        0.5515178130317835
    ],
    "0.6": [
        0.7445887445887446
    ],
    "0.5": [
        0.7964601769911505
    ],
    "0.4": [
        0.9523809523809523
    ],
    "0.3": [
        0.8333333333333334
    ],
    "0.2": [
        null
    ],
    "0.1": [
        null
    ]
}