{
    "inf": [
        0.5488280177855849
    ],
    "2": [
        0.5488280177855849
    ],
    "1.6": [
        0.5488280177855849
    ],
    "1.5": [
        0.5488280177855849
    ],
    "1.4": [
        0.5488280177855849
    ],
    "1.3": [
        0.5488280177855849
    ],
    "1.2": [
        0.5488280177855849
    ],
    "1.1": [
        0.5488280177855849
    ],
    "0.9": [
        0.5488280177855849
    ],
    "0.8": [
        0.5488280177855849
    ],
    "0.7": [
        0.5488280177855849
    ],
    "0.6": [
        0.5906908252769063
    ],
    "0.5": [
        0.6095401313910311
    ],
    "0.4": [
        0.628814935064935
    ],
    "0.3": [
        0.6502061653249558
    ],
    "0.2": [
        0.6728920626201593
    ],
    "0.1": [
        0.6798029556650246
    ]
}