{
    "inf": [
        0.5525059010814075
    ],
    "2": [
        0.5525059010814075
    ],
    "1.6": [
        0.5525059010814075
    ],
    "1.5": [
        0.5525059010814075
    ],
    "1.4": [
        0.5525059010814075
    ],
    "1.3": [
        0.5525059010814075
    ],
    "1.2": [
        0.5525059010814075
    ],
    "1.1": [
        0.5525059010814075
    ],
    "0.9": [
        0.5525059010814075
    ],
    "0.8": [
        0.5525059010814075
    ],
    "0.7": [
        0.5525059010814075
    ],
    "0.6": [
        0.5892595307917888
    ],
    "0.5": [
        0.6092650508209538
    ],
    "0.4": [
        0.6263958682300391
    ],
    "0.3": [
        0.6412549257350713
    ],
    "0.2": [
        0.6612917059782143
    ],
    "0.1": [
        0.6849056603773584
    ]
}