{
    "inf": [
        0.5282428500850853
    ],
    "2": [
        0.5282428500850853
    ],
    "1.6": [
        0.5282428500850853
    ],
    "1.5": [
        0.5282428500850853
    ],
    "1.4": [
        0.5282428500850853
    ],
    "1.3": [
        0.5282428500850853
    ],
    "1.2": [
        0.5282428500850853
    ],
    "1.1": [
        0.5282428500850853
    ],
    "0.9": [
        0.5282428500850853
    ],
    "0.8": [
        0.5282428500850853
    ],
    "0.7": [
        0.5282428500850853
    ],
    "0.6": [
        0.6199304750869061
    ],
    "0.5": [
        0.7195121951219512
    ],
    "0.4": [
        0.0
    ],
    "0.3": [
        null
    ],
    "0.2": [
        null
    ],
    "0.1": [
        null
    ]
}