{
    "inf": [
        0.7725201734643465
    ],
    "2": [
        0.7712027227315145
    ],
    "1.6": [
        0.7718065543173959
    ],
    "1.5": [
        0.7729593237086239
    ],
    "1.4": [
        0.7718614480979306
    ],
    "1.3": [
        0.7725201734643465
    ],
    "1.2": [
        0.7714222978536531
    ],
    "1.1": [
        0.7734533677334358
    ],
    "0.9": [
        0.8236208236208237
    ],
    "0.8": [
        0.8556719491449548
    ],
    "0.7": [
        0.8910842183255124
    ],
    "0.6": [
        0.9273473759371653
    ],
    "0.5": [
        0.9468804810824355
    ],
    "0.4": [
        0.955523149835946
    ],
    "0.3": [
        0.964324917672887
    ],
    "0.2": [
        0.9704524469067405
    ],
    "0.1": [
        0.9843444227005871
    ]
}