{
    "inf": [
        0.5322500960641159
    ],
    "2": [
        0.5322500960641159
    ],
    "1.6": [
        0.5322500960641159
    ],
    "1.5": [
        0.5322500960641159
    ],
    "1.4": [
        0.5322500960641159
    ],
    "1.3": [
        0.5322500960641159
    ],
    "1.2": [
        0.5322500960641159
    ],
    "1.1": [
        0.5322500960641159
    ],
    "0.9": [
        0.5322500960641159
    ],
    "0.8": [
        0.5322500960641159
    ],
    "0.7": [
        0.5322500960641159
    ],
    "0.6": [
        0.6062430011198209
    ],
    "0.5": [
        0.6400740621478023
    ],
    "0.4": [
        0.6630618769983073
    ],
    "0.3": [
        0.6829633038076613
    ],
    "0.2": [
        0.7004667632383712
    ],
    "0.1": [
        0.7034938621340887
    ]
}