{
    "inf": [
        0.7617609924795521
    ],
    "2": [
        0.7604984355272547
    ],
    "1.6": [
        0.763407805895592
    ],
    "1.5": [
        0.7628588680902454
    ],
    "1.4": [
        0.7615963111379481
    ],
    "1.3": [
        0.7613218422352748
    ],
    "1.2": [
        0.7615414173574134
    ],
    "1.1": [
        0.7642861063841466
    ],
    "0.9": [
        0.8095860566448801
    ],
    "0.8": [
        0.8343937628819786
    ],
    "0.7": [
        0.8606101091071031
    ],
    "0.6": [
        0.8863444787861758
    ],
    "0.5": [
        0.9025185722051097
    ],
    "0.4": [
        0.914257954821472
    ],
    "0.3": [
        0.9253012048192771
    ],
    "0.2": [
        0.9361924686192469
    ],
    "0.1": [
        0.9507537688442211
    ]
}