{
    "inf": [
        0.7758138002964264
    ],
    "2": [
        0.7787780644452984
    ],
    "1.6": [
        0.7774057199319317
    ],
    "1.5": [
        0.7779546577372783
    ],
    "1.4": [
        0.7778448701762091
    ],
    "1.3": [
        0.7755393313937531
    ],
    "1.2": [
        0.7779546577372783
    ],
    "1.1": [
        0.7749354998078718
    ],
    "0.9": [
        0.8201573123583522
    ],
    "0.8": [
        0.8535982264665757
    ],
    "0.7": [
        0.8914121037463977
    ],
    "0.6": [
        0.9192636848054255
    ],
    "0.5": [
        0.929656969170647
    ],
    "0.4": [
        0.9484066767830045
    ],
    "0.3": [
        0.9522757401679187
    ],
    "0.2": [
        0.9569743233865371
    ],
    "0.1": [
        0.959404600811908
    ]
}