{
    "inf": [
        0.792940659823242
    ],
    "2": [
        0.7916781028709448
    ],
    "1.6": [
        0.7913487401877367
    ],
    "1.5": [
        0.7936542789701927
    ],
    "1.4": [
        0.79244661579843
    ],
    "1.3": [
        0.79244661579843
    ],
    "1.2": [
        0.7925015095789647
    ],
    "1.1": [
        0.7910193775045288
    ],
    "0.9": [
        0.8555289540625468
    ],
    "0.8": [
        0.8873751135331517
    ],
    "0.7": [
        0.9106333187070352
    ],
    "0.6": [
        0.9257500539607166
    ],
    "0.5": [
        0.9309169764560099
    ],
    "0.4": [
        0.9388407120036513
    ],
    "0.3": [
        0.947261663286004
    ],
    "0.2": [
        0.9469613259668508
    ],
    "0.1": [
        0.9574468085106383
    ]
}