{
    "inf": [
        0.7594554536970961
    ],
    "2": [
        0.7621452489432947
    ],
    "1.6": [
        0.7612120546742054
    ],
    "1.5": [
        0.7623648240654334
    ],
    "1.4": [
        0.7612669484547401
    ],
    "1.3": [
        0.7599494977219081
    ],
    "1.2": [
        0.7626392929681067
    ],
    "1.1": [
        0.7598946039413734
    ],
    "0.9": [
        0.8133164770332912
    ],
    "0.8": [
        0.8364276286845579
    ],
    "0.7": [
        0.8585835948005379
    ],
    "0.6": [
        0.8770730288041897
    ],
    "0.5": [
        0.8850393700787401
    ],
    "0.4": [
        0.8941869809804447
    ],
    "0.3": [
        0.9070380127963868
    ],
    "0.2": [
        0.9185185185185185
    ],
    "0.1": [
        0.9188900747065102
    ]
}