{
    "inf": [
        0.5501454685184168
    ],
    "2": [
        0.5501454685184168
    ],
    "1.6": [
        0.5501454685184168
    ],
    "1.5": [
        0.5501454685184168
    ],
    "1.4": [
        0.5501454685184168
    ],
    "1.3": [
        0.5501454685184168
    ],
    "1.2": [
        0.5501454685184168
    ],
    "1.1": [
        0.5501454685184168
    ],
    "0.9": [
        0.5501454685184168
    ],
    "0.8": [
        0.5501454685184168
    ],
    "0.7": [
        0.5501454685184168
    ],
    "0.6": [
        0.5849870578084556
    ],
    "0.5": [
        0.6056422170594092
    ],
    "0.4": [
        0.6226307131106502
    ],
    "0.3": [
        0.6439827518620149
    ],
    "0.2": [
        0.6700667990612024
    ],
    "0.1": [
        0.7151816353094308
    ]
}