{
    "inf": [
        0.7541856507657683
    ],
    "2": [
        0.7584124718669375
    ],
    "1.6": [
        0.7556677828402042
    ],
    "1.5": [
        0.7549541636932535
    ],
    "1.4": [
        0.7560520393039468
    ],
    "1.3": [
        0.7551188450348576
    ],
    "1.2": [
        0.7564911895482241
    ],
    "1.1": [
        0.7520447933249162
    ],
    "0.9": [
        0.7872593893034046
    ],
    "0.8": [
        0.8195876288659794
    ],
    "0.7": [
        0.8562482733216686
    ],
    "0.6": [
        0.8834827144686299
    ],
    "0.5": [
        0.9016442902398552
    ],
    "0.4": [
        0.913820811570912
    ],
    "0.3": [
        0.9291248206599713
    ],
    "0.2": [
        0.9407216494845361
    ],
    "0.1": [
        0.9494195688225538
    ]
}