{
    "inf": [
        0.7730142174891584
    ],
    "2": [
        0.7714222978536531
    ],
    "1.6": [
        0.7731240050502278
    ],
    "1.5": [
        0.7717516605368612
    ],
    "1.4": [
        0.7724652796838118
    ],
    "1.3": [
        0.7743865620025251
    ],
    "1.2": [
        0.7715320854147225
    ],
    "1.1": [
        0.7737278366361091
    ],
    "0.9": [
        0.8240992403651822
    ],
    "0.8": [
        0.8567618719889883
    ],
    "0.7": [
        0.8811248402215595
    ],
    "0.6": [
        0.9017025804735302
    ],
    "0.5": [
        0.9139954457873533
    ],
    "0.4": [
        0.9235225955967555
    ],
    "0.3": [
        0.9337467362924282
    ],
    "0.2": [
        0.948170731707317
    ],
    "0.1": [
        0.9475247524752475
    ]
}