{
    "inf": [
        0.5583795355986166
    ],
    "2": [
        0.5583795355986166
    ],
    "1.6": [
        0.5583795355986166
    ],
    "1.5": [
        0.5583795355986166
    ],
    "1.4": [
        0.5583795355986166
    ],
    "1.3": [
        0.5583795355986166
    ],
    "1.2": [
        0.5583795355986166
    ],
    "1.1": [
        0.5583795355986166
    ],
    "0.9": [
        0.5583795355986166
    ],
    "0.8": [
        0.5583795355986166
    ],
    "0.7": [
        0.5583795355986166
    ],
    "0.6": [
        null
    ],
    "0.5": [
        null
    ],
    "0.4": [
        null
    ],
    "0.3": [
        null
    ],
    "0.2": [
        null
    ],
    "0.1": [
        null
    ]
}