{
    "inf": [
        0.5434484272931877
    ],
    "2": [
        0.5434484272931877
    ],
    "1.6": [
        0.5434484272931877
    ],
    "1.5": [
        0.5434484272931877
    ],
    "1.4": [
        0.5434484272931877
    ],
    "1.3": [
        0.5434484272931877
    ],
    "1.2": [
        0.5434484272931877
    ],
    "1.1": [
        0.5434484272931877
    ],
    "0.9": [
        0.5434484272931877
    ],
    "0.8": [
        0.5434484272931877
    ],
    "0.7": [
        0.5434484272931877
    ],
    "0.6": [
        0.6512820512820513
    ],
    "0.5": [
        0.92
    ],
    "0.4": [
        null
    ],
    "0.3": [
        null
    ],
    "0.2": [
        null
    ],
    "0.1": [
        null
    ]
}