{
    "inf": [
        0.5513531316901795
    ],
    "2": [
        0.5513531316901795
    ],
    "1.6": [
        0.5513531316901795
    ],
    "1.5": [
        0.5513531316901795
    ],
    "1.4": [
        0.5513531316901795
    ],
    "1.3": [
        0.5513531316901795
    ],
    "1.2": [
        0.5513531316901795
    ],
    "1.1": [
        0.5513531316901795
    ],
    "0.9": [
        0.5513531316901795
    ],
    "0.8": [
        0.5513531316901795
    ],
    "0.7": [
        0.5513531316901795
    ],
    "0.6": [
        0.593832998639632
    ],
    "0.5": [
        0.620187759260607
    ],
    "0.4": [
        0.6474961545035037
    ],
    "0.3": [
        0.6678155967255494
    ],
    "0.2": [
        0.6818325935320229
    ],
    "0.1": [
        0.685003274394237
    ]
}