{
    "inf": [
        0.7651095130921667
    ],
    "2": [
        0.7658780260196519
    ],
    "1.6": [
        0.7644507877257507
    ],
    "1.5": [
        0.7660976011417906
    ],
    "1.4": [
        0.7647801504089586
    ],
    "1.3": [
        0.7657682384585827
    ],
    "1.2": [
        0.7632980183345227
    ],
    "1.1": [
        0.7664269638249986
    ],
    "0.9": [
        0.8294636296840558
    ],
    "0.8": [
        0.8652496099843994
    ],
    "0.7": [
        0.8909534789095348
    ],
    "0.6": [
        0.9097570381797146
    ],
    "0.5": [
        0.9146049481245012
    ],
    "0.4": [
        0.9244011976047904
    ],
    "0.3": [
        0.9326027397260274
    ],
    "0.2": [
        0.9309749784296808
    ],
    "0.1": [
        0.9358288770053476
    ]
}