{
    "inf": [
        0.5474007794916836
    ],
    "2": [
        0.5474007794916836
    ],
    "1.6": [
        0.5474007794916836
    ],
    "1.5": [
        0.5474007794916836
    ],
    "1.4": [
        0.5474007794916836
    ],
    "1.3": [
        0.5474007794916836
    ],
    "1.2": [
        0.5474007794916836
    ],
    "1.1": [
        0.5474007794916836
    ],
    "0.9": [
        0.5474007794916836
    ],
    "0.8": [
        0.5474007794916836
    ],
    "0.7": [
        0.5474007794916836
    ],
    "0.6": [
        0.573310972688069
    ],
    "0.5": [
        0.5870511768789045
    ],
    "0.4": [
        0.6036168787675821
    ],
    "0.3": [
        0.621645210560768
    ],
    "0.2": [
        0.6421261142291185
    ],
    "0.1": [
        0.6763966327757734
    ]
}