{
    "inf": [
        0.8026568589778778
    ],
    "2": [
        0.8036998408080365
    ],
    "1.6": [
        0.8037547345885712
    ],
    "1.5": [
        0.8032057967832245
    ],
    "1.4": [
        0.8041938848328485
    ],
    "1.3": [
        0.8045781412965911
    ],
    "1.2": [
        0.8051270791019377
    ],
    "1.1": [
        0.8035351594664325
    ],
    "0.9": [
        0.8487428762990278
    ],
    "0.8": [
        0.8769706092054187
    ],
    "0.7": [
        0.8994897467988833
    ],
    "0.6": [
        0.9142722005439281
    ],
    "0.5": [
        0.9250073811632713
    ],
    "0.4": [
        0.9318268862504787
    ],
    "0.3": [
        0.937941473259334
    ],
    "0.2": [
        0.9428674092705713
    ],
    "0.1": [
        0.9645476772616137
    ]
}