{
    "inf": [
        0.5354339353351265
    ],
    "2": [
        0.5354339353351265
    ],
    "1.6": [
        0.5354339353351265
    ],
    "1.5": [
        0.5354339353351265
    ],
    "1.4": [
        0.5354339353351265
    ],
    "1.3": [
        0.5354339353351265
    ],
    "1.2": [
        0.5354339353351265
    ],
    "1.1": [
        0.5354339353351265
    ],
    "0.9": [
        0.5354339353351265
    ],
    "0.8": [
        0.5354339353351265
    ],
    "0.7": [
        0.5354339353351265
    ],
    "0.6": [
        0.6155861165684349
    ],
    "0.5": [
        0.6290322580645161
    ],
    "0.4": [
        0.5
    ],
    "0.3": [
        null
    ],
    "0.2": [
        null
    ],
    "0.1": [
        null
    ]
}