{
    "inf": [
        0.7718065543173959
    ],
    "2": [
        0.7720810232200692
    ],
    "1.6": [
        0.7740023055387825
    ],
    "1.5": [
        0.7698852719986825
    ],
    "1.4": [
        0.7712576165120492
    ],
    "1.3": [
        0.7706537849261679
    ],
    "1.2": [
        0.7703793160234945
    ],
    "1.1": [
        0.7702146346818906
    ],
    "0.9": [
        0.8178799149840595
    ],
    "0.8": [
        0.8455062935941634
    ],
    "0.7": [
        0.8725586900769382
    ],
    "0.6": [
        0.8895478131949592
    ],
    "0.5": [
        0.9024733876017533
    ],
    "0.4": [
        0.9078275086858778
    ],
    "0.3": [
        0.9185122089721749
    ],
    "0.2": [
        0.9247541684480547
    ],
    "0.1": [
        0.9225512528473804
    ]
}