{
    "inf": [
        0.7758138002964264
    ],
    "2": [
        0.776362738101773
    ],
    "1.6": [
        0.7752648624910797
    ],
    "1.5": [
        0.7751550749300105
    ],
    "1.4": [
        0.7766921007849811
    ],
    "1.3": [
        0.7765823132239117
    ],
    "1.2": [
        0.7770763572487237
    ],
    "1.1": [
        0.7766372070044464
    ],
    "0.9": [
        0.8180150671470685
    ],
    "0.8": [
        0.843249961162032
    ],
    "0.7": [
        0.8698010849909584
    ],
    "0.6": [
        0.8925484699836487
    ],
    "0.5": [
        0.9083514887436456
    ],
    "0.4": [
        0.9242878560719641
    ],
    "0.3": [
        0.9336431706687323
    ],
    "0.2": [
        0.9451676528599605
    ],
    "0.1": [
        0.9512566641279513
    ]
}