{
    "inf": [
        0.5528352637646154
    ],
    "2": [
        0.5528352637646154
    ],
    "1.6": [
        0.5528352637646154
    ],
    "1.5": [
        0.5528352637646154
    ],
    "1.4": [
        0.5528352637646154
    ],
    "1.3": [
        0.5528352637646154
    ],
    "1.2": [
        0.5528352637646154
    ],
    "1.1": [
        0.5528352637646154
    ],
    "0.9": [
        0.5528352637646154
    ],
    "0.8": [
        0.5528352637646154
    ],
    "0.7": [
        0.5528352637646154
    ],
    "0.6": [
        0.6650124069478908
    ],
    "0.5": [
        0.6610169491525424
    ],
    "0.4": [
        0.8333333333333334
    ],
    "0.3": [
        null
    ],
    "0.2": [
        null
    ],
    "0.1": [
        null
    ]
}