{
    "inf": [
        0.52912115057364
    ],
    "2": [
        0.5413075698523357
    ],
    "1.6": [
        0.4968436076192567
    ],
    "1.5": [
        0.5414722511939397
    ],
    "1.4": [
        0.5282428500850853
    ],
    "1.3": [
        0.42334083548333973
    ],
    "1.2": [
        0.398199483998463
    ],
    "1.1": [
        0.5272547620354614
    ],
    "0.9": [
        0.3681176922654663
    ],
    "0.8": [
        0.42410934841082504
    ],
    "0.7": [
        0.5336224405774825
    ],
    "0.6": [
        1.0
    ],
    "0.5": [
        null
    ],
    "0.4": [
        null
    ],
    "0.3": [
        null
    ],
    "0.2": [
        null
    ],
    "0.1": [
        null
    ]
}