{
    "inf": [
        0.7888236262831421
    ],
    "2": [
        0.7883295822583302
    ],
    "1.6": [
        0.7875610693308448
    ],
    "1.5": [
        0.7896470329911621
    ],
    "1.4": [
        0.7884393698193994
    ],
    "1.3": [
        0.7875610693308448
    ],
    "1.2": [
        0.7894274578690235
    ],
    "1.1": [
        0.7869572377449635
    ],
    "0.9": [
        0.8376398779247203
    ],
    "0.8": [
        0.8675975773889637
    ],
    "0.7": [
        0.8977015215280026
    ],
    "0.6": [
        0.9151506923703503
    ],
    "0.5": [
        0.927166033828098
    ],
    "0.4": [
        0.9383715699505173
    ],
    "0.3": [
        0.9465273509526736
    ],
    "0.2": [
        0.959221501390176
    ],
    "0.1": [
        0.9635627530364372
    ]
}