{
    "inf": [
        0.547181204369545
    ],
    "2": [
        0.547181204369545
    ],
    "1.6": [
        0.547181204369545
    ],
    "1.5": [
        0.547181204369545
    ],
    "1.4": [
        0.547181204369545
    ],
    "1.3": [
        0.547181204369545
    ],
    "1.2": [
        0.547181204369545
    ],
    "1.1": [
        0.547181204369545
    ],
    "0.9": [
        0.547181204369545
    ],
    "0.8": [
        0.547181204369545
    ],
    "0.7": [
        0.547181204369545
    ],
    "0.6": [
        0.635995464117933
    ],
    "0.5": [
        0.6623981373690337
    ],
    "0.4": [
        0.6814507772020726
    ],
    "0.3": [
        0.6794979079497908
    ],
    "0.2": [
        0.6461668070766639
    ],
    "0.1": [
        0.5972222222222222
    ]
}