{
    "inf": [
        0.7602239666245815
    ],
    "2": [
        0.7590711972333535
    ],
    "1.6": [
        0.7609924795520667
    ],
    "1.5": [
        0.761431629796344
    ],
    "1.4": [
        0.7625295054070373
    ],
    "1.3": [
        0.7619805676016908
    ],
    "1.2": [
        0.7618158862600868
    ],
    "1.1": [
        0.7609924795520667
    ],
    "0.9": [
        0.8139501980758348
    ],
    "0.8": [
        0.8453662842012356
    ],
    "0.7": [
        0.8856410853615931
    ],
    "0.6": [
        0.9110754414125201
    ],
    "0.5": [
        0.930085701398286
    ],
    "0.4": [
        0.9345063538611925
    ],
    "0.3": [
        0.9441502166586423
    ],
    "0.2": [
        0.9527687296416938
    ],
    "0.1": [
        0.9627831715210357
    ]
}