{
    "inf": [
        0.5402645880221771
    ],
    "2": [
        0.5402645880221771
    ],
    "1.6": [
        0.5402645880221771
    ],
    "1.5": [
        0.5402645880221771
    ],
    "1.4": [
        0.5402645880221771
    ],
    "1.3": [
        0.5402645880221771
    ],
    "1.2": [
        0.5402645880221771
    ],
    "1.1": [
        0.5402645880221771
    ],
    "0.9": [
        0.5402645880221771
    ],
    "0.8": [
        0.5402645880221771
    ],
    "0.7": [
        0.5402645880221771
    ],
    "0.6": [
        0.63059849385652
    ],
    "0.5": [
        0.6833259127337489
    ],
    "0.4": [
        0.7175410704822469
    ],
    "0.3": [
        0.7377944691020826
    ],
    "0.2": [
        0.7580524344569288
    ],
    "0.1": [
        0.7725321888412017
    ]
}