{
    "inf": [
        0.5512433441291101
    ],
    "2": [
        0.5512433441291101
    ],
    "1.6": [
        0.5512433441291101
    ],
    "1.5": [
        0.5512433441291101
    ],
    "1.4": [
        0.5512433441291101
    ],
    "1.3": [
        0.5512433441291101
    ],
    "1.2": [
        0.5512433441291101
    ],
    "1.1": [
        0.5512433441291101
    ],
    "0.9": [
        0.5512433441291101
    ],
    "0.8": [
        0.5512433441291101
    ],
    "0.7": [
        0.5512433441291101
    ],
    "0.6": [
        0.7232546459065796
    ],
    "0.5": [
        0.7123695976154992
    ],
    "0.4": [
        0.7468354430379747
    ],
    "0.3": [
        0.8
    ],
    "0.2": [
        0.6923076923076923
    ],
    "0.1": [
        1.0
    ]
}