{
    "inf": [
        0.5454246033924356
    ],
    "2": [
        0.5454246033924356
    ],
    "1.6": [
        0.5454246033924356
    ],
    "1.5": [
        0.5454246033924356
    ],
    "1.4": [
        0.5454246033924356
    ],
    "1.3": [
        0.5454246033924356
    ],
    "1.2": [
        0.5454246033924356
    ],
    "1.1": [
        0.5454246033924356
    ],
    "0.9": [
        0.5454246033924356
    ],
    "0.8": [
        0.5454246033924356
    ],
    "0.7": [
        0.5454246033924356
    ],
    "0.6": [
        0.6238698010849909
    ],
    "0.5": [
        0.6375
    ],
    "0.4": [
        0.6153846153846154
    ],
    "0.3": [
        1.0
    ],
    "0.2": [
        null
    ],
    "0.1": [
        null
    ]
}