{
    "inf": [
        0.544875665587089
    ],
    "2": [
        0.544875665587089
    ],
    "1.6": [
        0.544875665587089
    ],
    "1.5": [
        0.544875665587089
    ],
    "1.4": [
        0.544875665587089
    ],
    "1.3": [
        0.544875665587089
    ],
    "1.2": [
        0.544875665587089
    ],
    "1.1": [
        0.544875665587089
    ],
    "0.9": [
        0.544875665587089
    ],
    "0.8": [
        0.544875665587089
    ],
    "0.7": [
        0.544875665587089
    ],
    "0.6": [
        0.59721300597213
    ],
    "0.5": [
        0.6254246244432702
    ],
    "0.4": [
        0.6521322889469103
    ],
    "0.3": [
        0.6751693480101609
    ],
    "0.2": [
        0.6984150065435509
    ],
    "0.1": [
        0.701796728345401
    ]
}