{
    "inf": [
        0.5476203546138223
    ],
    "2": [
        0.5476203546138223
    ],
    "1.6": [
        0.5476203546138223
    ],
    "1.5": [
        0.5476203546138223
    ],
    "1.4": [
        0.5476203546138223
    ],
    "1.3": [
        0.5476203546138223
    ],
    "1.2": [
        0.5476203546138223
    ],
    "1.1": [
        0.5476203546138223
    ],
    "0.9": [
        0.5476203546138223
    ],
    "0.8": [
        0.5476203546138223
    ],
    "0.7": [
        0.5476203546138223
    ],
    "0.6": [
        0.6053206722435752
    ],
    "0.5": [
        0.6312889070313298
    ],
    "0.4": [
        0.6582728255831917
    ],
    "0.3": [
        0.6542537954740762
    ],
    "0.2": [
        0.6378378378378379
    ],
    "0.1": [
        0.608130081300813
    ]
}