{
    "inf": [
        0.5534939891310314
    ],
    "2": [
        0.5534939891310314
    ],
    "1.6": [
        0.5534939891310314
    ],
    "1.5": [
        0.5534939891310314
    ],
    "1.4": [
        0.5534939891310314
    ],
    "1.3": [
        0.5534939891310314
    ],
    "1.2": [
        0.5534939891310314
    ],
    "1.1": [
        0.5534939891310314
    ],
    "0.9": [
        0.5534939891310314
    ],
    "0.8": [
        0.5534939891310314
    ],
    "0.7": [
        0.5534939891310314
    ],
    "0.6": [
        0.6037127246395892
    ],
    "0.5": [
        0.6307342922028766
    ],
    "0.4": [
        0.6594295058139535
    ],
    "0.3": [
        0.6860322896281801
    ],
    "0.2": [
        0.7022804054054054
    ],
    "0.1": [
        0.6902307314678449
    ]
}