{
    "inf": [
        0.5476203546138223
    ],
    "2": [
        0.5476203546138223
    ],
    "1.6": [
        0.5476203546138223
    ],
    "1.5": [
        0.5476203546138223
    ],
    "1.4": [
        0.5476203546138223
    ],
    "1.3": [
        0.5476203546138223
    ],
    "1.2": [
        0.5476203546138223
    ],
    "1.1": [
        0.5476203546138223
    ],
    "0.9": [
        0.5476203546138223
    ],
    "0.8": [
        0.5476203546138223
    ],
    "0.7": [
        0.5476203546138223
    ],
    "0.6": [
        0.6661676646706587
    ],
    "0.5": [
        0.6583333333333333
    ],
    "0.4": [
        0.6666666666666666
    ],
    "0.3": [
        0.6666666666666666
    ],
    "0.2": [
        null
    ],
    "0.1": [
        null
    ]
}