{
    "inf": [
        0.5509688752264369
    ],
    "2": [
        0.5509688752264369
    ],
    "1.6": [
        0.5509688752264369
    ],
    "1.5": [
        0.5509688752264369
    ],
    "1.4": [
        0.5509688752264369
    ],
    "1.3": [
        0.5509688752264369
    ],
    "1.2": [
        0.5509688752264369
    ],
    "1.1": [
        0.5509688752264369
    ],
    "0.9": [
        0.5509688752264369
    ],
    "0.8": [
        0.5509688752264369
    ],
    "0.7": [
        0.5509688752264369
    ],
    "0.6": [
        0.59861882018846
    ],
    "0.5": [
        0.6222701149425287
    ],
    "0.4": [
        0.6417129517829832
    ],
    "0.3": [
        0.6664139499620925
    ],
    "0.2": [
        0.6905627271587919
    ],
    "0.1": [
        0.713523544421248
    ]
}