{
    "inf": [
        0.7847614865235769
    ],
    "2": [
        0.7858593621342702
    ],
    "1.6": [
        0.7865729812812209
    ],
    "1.5": [
        0.7866827688422902
    ],
    "1.4": [
        0.7868474501838941
    ],
    "1.3": [
        0.7873963879892408
    ],
    "1.2": [
        0.7860240434758742
    ],
    "1.1": [
        0.7876708568919142
    ],
    "0.9": [
        0.838635618235487
    ],
    "0.8": [
        0.8661313981317069
    ],
    "0.7": [
        0.8904135162886213
    ],
    "0.6": [
        0.9083486660533578
    ],
    "0.5": [
        0.9212481426448736
    ],
    "0.4": [
        0.926291352292513
    ],
    "0.3": [
        0.9344744584113399
    ],
    "0.2": [
        0.937007874015748
    ],
    "0.1": [
        0.9400386847195358
    ]
}