{
    "inf": [
        0.5482790799802383
    ],
    "2": [
        0.5482790799802383
    ],
    "1.6": [
        0.5482790799802383
    ],
    "1.5": [
        0.5482790799802383
    ],
    "1.4": [
        0.5482790799802383
    ],
    "1.3": [
        0.5482790799802383
    ],
    "1.2": [
        0.5482790799802383
    ],
    "1.1": [
        0.5482790799802383
    ],
    "0.9": [
        0.5482790799802383
    ],
    "0.8": [
        0.5482790799802383
    ],
    "0.7": [
        0.5482790799802383
    ],
    "0.6": [
        0.6117764471057884
    ],
    "0.5": [
        0.6463458755426917
    ],
    "0.4": [
        0.66823499491353
    ],
    "0.3": [
        0.6505766766339172
    ],
    "0.2": [
        0.6111354669004823
    ],
    "0.1": [
        0.5504291845493562
    ]
}