{
    "inf": [
        0.546028434978317
    ],
    "2": [
        0.546028434978317
    ],
    "1.6": [
        0.546028434978317
    ],
    "1.5": [
        0.546028434978317
    ],
    "1.4": [
        0.546028434978317
    ],
    "1.3": [
        0.546028434978317
    ],
    "1.2": [
        0.546028434978317
    ],
    "1.1": [
        0.546028434978317
    ],
    "0.9": [
        0.546028434978317
    ],
    "0.8": [
        0.546028434978317
    ],
    "0.7": [
        0.546028434978317
    ],
    "0.6": [
        0.6203154391549703
    ],
    "0.5": [
        0.6634963768115942
    ],
    "0.4": [
        0.6935246504782928
    ],
    "0.3": [
        0.7118007511365883
    ],
    "0.2": [
        0.7073267326732673
    ],
    "0.1": [
        0.6974874371859296
    ]
}