{
    "inf": [
        0.7662622824833947
    ],
    "2": [
        0.7660976011417906
    ],
    "1.6": [
        0.7664818576055333
    ],
    "1.5": [
        0.7659329198001866
    ],
    "1.4": [
        0.7658780260196519
    ],
    "1.3": [
        0.76620738870286
    ],
    "1.2": [
        0.7677993083383653
    ],
    "1.1": [
        0.765713344678048
    ],
    "0.9": [
        0.8115770042194093
    ],
    "0.8": [
        0.8351528384279476
    ],
    "0.7": [
        0.8525775156933613
    ],
    "0.6": [
        0.8707499111479683
    ],
    "0.5": [
        0.8851443252229106
    ],
    "0.4": [
        0.8932333873581848
    ],
    "0.3": [
        0.9041570438799076
    ],
    "0.2": [
        0.9198028673835126
    ],
    "0.1": [
        0.929042904290429
    ]
}