{
    "inf": [
        0.5452050282702969
    ],
    "2": [
        0.5452050282702969
    ],
    "1.6": [
        0.5452050282702969
    ],
    "1.5": [
        0.5452050282702969
    ],
    "1.4": [
        0.5452050282702969
    ],
    "1.3": [
        0.5452050282702969
    ],
    "1.2": [
        0.5452050282702969
    ],
    "1.1": [
        0.5452050282702969
    ],
    "0.9": [
        0.5452050282702969
    ],
    "0.8": [
        0.5452050282702969
    ],
    "0.7": [
        0.5452050282702969
    ],
    "0.6": [
        0.6575917859365277
    ],
    "0.5": [
        0.6295913088463528
    ],
    "0.4": [
        0.5843793584379359
    ],
    "0.3": [
        0.4623115577889447
    ],
    "0.2": [
        0.53125
    ],
    "0.1": [
        0.625
    ]
}