{
    "inf": [
        0.527639018499204
    ],
    "2": [
        0.527639018499204
    ],
    "1.6": [
        0.527639018499204
    ],
    "1.5": [
        0.527639018499204
    ],
    "1.4": [
        0.527639018499204
    ],
    "1.3": [
        0.527639018499204
    ],
    "1.2": [
        0.527639018499204
    ],
    "1.1": [
        0.527639018499204
    ],
    "0.9": [
        0.527639018499204
    ],
    "0.8": [
        0.527639018499204
    ],
    "0.7": [
        0.527639018499204
    ],
    "0.6": [
        0.636078431372549
    ],
    "0.5": [
        0.7076023391812866
    ],
    "0.4": [
        0.7857142857142857
    ],
    "0.3": [
        0.0
    ],
    "0.2": [
        null
    ],
    "0.1": [
        null
    ]
}