{
    "inf": [
        0.5568974035241807
    ],
    "2": [
        0.5568974035241807
    ],
    "1.6": [
        0.5568974035241807
    ],
    "1.5": [
        0.5568974035241807
    ],
    "1.4": [
        0.5568974035241807
    ],
    "1.3": [
        0.5568974035241807
    ],
    "1.2": [
        0.5568974035241807
    ],
    "1.1": [
        0.5568974035241807
    ],
    "0.9": [
        0.5568974035241807
    ],
    "0.8": [
        0.5568974035241807
    ],
    "0.7": [
        0.5568974035241807
    ],
    "0.6": [
        0.7138873396542108
    ],
    "0.5": [
        0.7615176151761518
    ],
    "0.4": [
        0.8051948051948052
    ],
    "0.3": [
        0.6923076923076923
    ],
    "0.2": [
        0.5
    ],
    "0.1": [
        1.0
    ]
}