{
    "inf": [
        0.5283526376461547
    ],
    "2": [
        0.5283526376461547
    ],
    "1.6": [
        0.5283526376461547
    ],
    "1.5": [
        0.5283526376461547
    ],
    "1.4": [
        0.5283526376461547
    ],
    "1.3": [
        0.5283526376461547
    ],
    "1.2": [
        0.5283526376461547
    ],
    "1.1": [
        0.5283526376461547
    ],
    "0.9": [
        0.5283526376461547
    ],
    "0.8": [
        0.5283526376461547
    ],
    "0.7": [
        0.5283526376461547
    ],
    "0.6": [
        0.5766500131475151
    ],
    "0.5": [
        0.6025420560747664
    ],
    "0.4": [
        0.6225677553856845
    ],
    "0.3": [
        0.640964118224452
    ],
    "0.2": [
        0.6577138289368505
    ],
    "0.1": [
        0.6520083102493075
    ]
}