{
    "inf": [
        0.5244551792281934
    ],
    "2": [
        0.5244551792281934
    ],
    "1.6": [
        0.5244551792281934
    ],
    "1.5": [
        0.5244551792281934
    ],
    "1.4": [
        0.5244551792281934
    ],
    "1.3": [
        0.5244551792281934
    ],
    "1.2": [
        0.5244551792281934
    ],
    "1.1": [
        0.5244551792281934
    ],
    "0.9": [
        0.5244551792281934
    ],
    "0.8": [
        0.5244551792281934
    ],
    "0.7": [
        0.5244551792281934
    ],
    "0.6": [
        0.6268714011516314
    ],
    "0.5": [
        0.5072765072765073
    ],
    "0.4": [
        0.5125
    ],
    "0.3": [
        0.25
    ],
    "0.2": [
        0.0
    ],
    "0.1": [
        null
    ]
}