{
    "inf": [
        0.5484437613218422
    ],
    "2": [
        0.5484437613218422
    ],
    "1.6": [
        0.5484437613218422
    ],
    "1.5": [
        0.5484437613218422
    ],
    "1.4": [
        0.5484437613218422
    ],
    "1.3": [
        0.5484437613218422
    ],
    "1.2": [
        0.5484437613218422
    ],
    "1.1": [
        0.5484437613218422
    ],
    "0.9": [
        0.5484437613218422
    ],
    "0.8": [
        0.5484437613218422
    ],
    "0.7": [
        0.5484437613218422
    ],
    "0.6": [
        0.7259978425026968
    ],
    "0.5": [
        0.726027397260274
    ],
    "0.4": [
        0.6
    ],
    "0.3": [
        null
    ],
    "0.2": [
        null
    ],
    "0.1": [
        null
    ]
}