{
    "inf": [
        0.7262996102541582
    ],
    "2": [
        0.7253664159850689
    ],
    "1.6": [
        0.7262996102541582
    ],
    "1.5": [
        0.7241587528133062
    ],
    "1.4": [
        0.7267936542789702
    ],
    "1.3": [
        0.7255310973266729
    ],
    "1.2": [
        0.7256957786682768
    ],
    "1.1": [
        0.7245979030575835
    ],
    "0.9": [
        0.7681764004767581
    ],
    "0.8": [
        0.8047922800130847
    ],
    "0.7": [
        0.8440328789928208
    ],
    "0.6": [
        0.880245923549853
    ],
    "0.5": [
        0.9019339380455246
    ],
    "0.4": [
        0.9150544807649544
    ],
    "0.3": [
        0.9272947591638897
    ],
    "0.2": [
        0.9320255474452555
    ],
    "0.1": [
        0.9487179487179487
    ]
}