{
    "inf": [
        0.5514629192512488
    ],
    "2": [
        0.5514629192512488
    ],
    "1.6": [
        0.5514629192512488
    ],
    "1.5": [
        0.5514629192512488
    ],
    "1.4": [
        0.5514629192512488
    ],
    "1.3": [
        0.5514629192512488
    ],
    "1.2": [
        0.5514629192512488
    ],
    "1.1": [
        0.5514629192512488
    ],
    "0.9": [
        0.5514629192512488
    ],
    "0.8": [
        0.5514629192512488
    ],
    "0.7": [
        0.5514629192512488
    ],
    "0.6": [
        0.6529037639453654
    ],
    "0.5": [
        0.6802278275020341
    ],
    "0.4": [
        0.6758620689655173
    ],
    "0.3": [
        0.6966618287373004
    ],
    "0.2": [
        0.7028112449799196
    ],
    "0.1": [
        0.8085106382978723
    ]
}