{
    "inf": [
        0.5295603008179174
    ],
    "2": [
        0.5295603008179174
    ],
    "1.6": [
        0.5295603008179174
    ],
    "1.5": [
        0.5295603008179174
    ],
    "1.4": [
        0.5295603008179174
    ],
    "1.3": [
        0.5295603008179174
    ],
    "1.2": [
        0.5295603008179174
    ],
    "1.1": [
        0.5295603008179174
    ],
    "0.9": [
        0.5295603008179174
    ],
    "0.8": [
        0.5295603008179174
    ],
    "0.7": [
        0.5295603008179174
    ],
    "0.6": [
        0.6506024096385542
    ],
    "0.5": [
        0.6595744680851063
    ],
    "0.4": [
        0.5555555555555556
    ],
    "0.3": [
        null
    ],
    "0.2": [
        null
    ],
    "0.1": [
        null
    ]
}