{
    "inf": [
        0.5380688368007904
    ],
    "2": [
        0.5380688368007904
    ],
    "1.6": [
        0.5380688368007904
    ],
    "1.5": [
        0.5380688368007904
    ],
    "1.4": [
        0.5380688368007904
    ],
    "1.3": [
        0.5380688368007904
    ],
    "1.2": [
        0.5380688368007904
    ],
    "1.1": [
        0.5380688368007904
    ],
    "0.9": [
        0.5380688368007904
    ],
    "0.8": [
        0.5380688368007904
    ],
    "0.7": [
        0.5380688368007904
    ],
    "0.6": [
        0.59491468718635
    ],
    "0.5": [
        0.627037319116527
    ],
    "0.4": [
        0.651377746773631
    ],
    "0.3": [
        0.671491045397751
    ],
    "0.2": [
        0.6973227909557498
    ],
    "0.1": [
        0.7164021164021164
    ]
}