{
    "inf": [
        0.5454794971729703
    ],
    "2": [
        0.5454794971729703
    ],
    "1.6": [
        0.5454794971729703
    ],
    "1.5": [
        0.5454794971729703
    ],
    "1.4": [
        0.5454794971729703
    ],
    "1.3": [
        0.5454794971729703
    ],
    "1.2": [
        0.5454794971729703
    ],
    "1.1": [
        0.5454794971729703
    ],
    "0.9": [
        0.5454794971729703
    ],
    "0.8": [
        0.5454794971729703
    ],
    "0.7": [
        0.5454794971729703
    ],
    "0.6": [
        0.6878172588832487
    ],
    "0.5": [
        0.6216216216216216
    ],
    "0.4": [
        0.5714285714285714
    ],
    "0.3": [
        null
    ],
    "0.2": [
        null
    ],
    "0.1": [
        null
    ]
}