{
    "inf": [
        0.7942032167755393
    ],
    "2": [
        0.7961793928747873
    ],
    "1.6": [
        0.7951364110446286
    ],
    "1.5": [
        0.796398967996926
    ],
    "1.4": [
        0.7971125871438766
    ],
    "1.3": [
        0.7955206675083712
    ],
    "1.2": [
        0.7960147115331833
    ],
    "1.1": [
        0.7961793928747873
    ],
    "0.9": [
        0.8382847156875924
    ],
    "0.8": [
        0.8665097511768661
    ],
    "0.7": [
        0.8909942041908159
    ],
    "0.6": [
        0.9059941520467836
    ],
    "0.5": [
        0.9147393179145433
    ],
    "0.4": [
        0.9233654876741694
    ],
    "0.3": [
        0.9271070615034168
    ],
    "0.2": [
        0.9367881548974943
    ],
    "0.1": [
        0.9447453954496208
    ]
}