{
    "inf": [
        0.7959598177526487
    ],
    "2": [
        0.7971674809244113
    ],
    "1.6": [
        0.7953010923862326
    ],
    "1.5": [
        0.7971125871438766
    ],
    "1.4": [
        0.7977713125102925
    ],
    "1.3": [
        0.79656364933853
    ],
    "1.2": [
        0.7978262062908272
    ],
    "1.1": [
        0.7962891804358566
    ],
    "0.9": [
        0.8389531957725214
    ],
    "0.8": [
        0.8650360340685739
    ],
    "0.7": [
        0.8905575694804074
    ],
    "0.6": [
        0.9151193633952255
    ],
    "0.5": [
        0.9254368932038834
    ],
    "0.4": [
        0.9319773257752584
    ],
    "0.3": [
        0.9353373702422145
    ],
    "0.2": [
        0.9444779722389861
    ],
    "0.1": [
        0.9495412844036697
    ]
}