{
    "inf": [
        0.5421858703408904
    ],
    "2": [
        0.5421858703408904
    ],
    "1.6": [
        0.5421858703408904
    ],
    "1.5": [
        0.5421858703408904
    ],
    "1.4": [
        0.5421858703408904
    ],
    "1.3": [
        0.5421858703408904
    ],
    "1.2": [
        0.5421858703408904
    ],
    "1.1": [
        0.5421858703408904
    ],
    "0.9": [
        0.5421858703408904
    ],
    "0.8": [
        0.5421858703408904
    ],
    "0.7": [
        0.5421858703408904
    ],
    "0.6": [
        0.5817087155963303
    ],
    "0.5": [
        0.5117096018735363
    ],
    "0.4": [
        0.43231441048034935
    ],
    "0.3": [
        0.45
    ],
    "0.2": [
        0.5714285714285714
    ],
    "0.1": [
        1.0
    ]
}