{
    "inf": [
        0.5522863259592689
    ],
    "2": [
        0.5522863259592689
    ],
    "1.6": [
        0.5522863259592689
    ],
    "1.5": [
        0.5522863259592689
    ],
    "1.4": [
        0.5522863259592689
    ],
    "1.3": [
        0.5522863259592689
    ],
    "1.2": [
        0.5522863259592689
    ],
    "1.1": [
        0.5522863259592689
    ],
    "0.9": [
        0.5522863259592689
    ],
    "0.8": [
        0.5522863259592689
    ],
    "0.7": [
        0.5522863259592689
    ],
    "0.6": [
        0.6583127426756089
    ],
    "0.5": [
        0.6829268292682927
    ],
    "0.4": [
        0.6974789915966386
    ],
    "0.3": [
        0.7142857142857143
    ],
    "0.2": [
        0.5
    ],
    "0.1": [
        null
    ]
}