{
    "inf": [
        0.5595871987703793
    ],
    "2": [
        0.5595871987703793
    ],
    "1.6": [
        0.5595871987703793
    ],
    "1.5": [
        0.5595871987703793
    ],
    "1.4": [
        0.5595871987703793
    ],
    "1.3": [
        0.5595871987703793
    ],
    "1.2": [
        0.5595871987703793
    ],
    "1.1": [
        0.5595871987703793
    ],
    "0.9": [
        0.5595871987703793
    ],
    "0.8": [
        0.5595871987703793
    ],
    "0.7": [
        0.5595871987703793
    ],
    "0.6": [
        0.6003308308945159
    ],
    "0.5": [
        0.6198225885311168
    ],
    "0.4": [
        0.6385345364032359
    ],
    "0.3": [
        0.6600288340241485
    ],
    "0.2": [
        0.6887981330221704
    ],
    "0.1": [
        0.7312952534191473
    ]
}