{
    "inf": [
        0.7877806444529835
    ],
    "2": [
        0.7867376626228249
    ],
    "1.6": [
        0.7882746884777955
    ],
    "1.5": [
        0.7876159631113795
    ],
    "1.4": [
        0.7886040511610034
    ],
    "1.3": [
        0.7867376626228249
    ],
    "1.2": [
        0.7874512817697755
    ],
    "1.1": [
        0.7872317066476369
    ],
    "0.9": [
        0.8289847235365688
    ],
    "0.8": [
        0.8543792343482165
    ],
    "0.7": [
        0.8750123995635354
    ],
    "0.6": [
        0.8856680766359791
    ],
    "0.5": [
        0.8981350885441154
    ],
    "0.4": [
        0.9045709703287891
    ],
    "0.3": [
        0.9103747963063552
    ],
    "0.2": [
        0.9135220125786163
    ],
    "0.1": [
        0.9095709570957096
    ]
}