{
    "inf": [
        0.5499807871768129
    ],
    "2": [
        0.5499807871768129
    ],
    "1.6": [
        0.5499807871768129
    ],
    "1.5": [
        0.5499807871768129
    ],
    "1.4": [
        0.5499807871768129
    ],
    "1.3": [
        0.5499807871768129
    ],
    "1.2": [
        0.5499807871768129
    ],
    "1.1": [
        0.5499807871768129
    ],
    "0.9": [
        0.5499807871768129
    ],
    "0.8": [
        0.5499807871768129
    ],
    "0.7": [
        0.5499807871768129
    ],
    "0.6": [
        0.6123851551761557
    ],
    "0.5": [
        0.6348739869979517
    ],
    "0.4": [
        0.650853003038093
    ],
    "0.3": [
        0.6610320284697508
    ],
    "0.2": [
        0.6740495867768596
    ],
    "0.1": [
        0.6728826728826729
    ]
}