{
    "inf": [
        0.5418565076576823
    ],
    "2": [
        0.5418565076576823
    ],
    "1.6": [
        0.5418565076576823
    ],
    "1.5": [
        0.5418565076576823
    ],
    "1.4": [
        0.5418565076576823
    ],
    "1.3": [
        0.5418565076576823
    ],
    "1.2": [
        0.5418565076576823
    ],
    "1.1": [
        0.5418565076576823
    ],
    "0.9": [
        0.5418565076576823
    ],
    "0.8": [
        0.5418565076576823
    ],
    "0.7": [
        0.5418565076576823
    ],
    "0.6": [
        0.7207263619286162
    ],
    "0.5": [
        0.7203579418344519
    ],
    "0.4": [
        0.710691823899371
    ],
    "0.3": [
        0.6764705882352942
    ],
    "0.2": [
        0.5
    ],
    "0.1": [
        null
    ]
}