{
    "inf": [
        0.7658780260196519
    ],
    "2": [
        0.767360158094088
    ],
    "1.6": [
        0.7643410001646813
    ],
    "1.5": [
        0.765054619311632
    ],
    "1.4": [
        0.763243124553988
    ],
    "1.3": [
        0.7645056815062853
    ],
    "1.2": [
        0.7645056815062853
    ],
    "1.1": [
        0.7658780260196519
    ],
    "0.9": [
        0.8086763774540848
    ],
    "0.8": [
        0.8361250090638822
    ],
    "0.7": [
        0.8614389369700148
    ],
    "0.6": [
        0.8730090860502405
    ],
    "0.5": [
        0.8837052062204191
    ],
    "0.4": [
        0.8947832217130772
    ],
    "0.3": [
        0.9020643302928468
    ],
    "0.2": [
        0.908997955010225
    ],
    "0.1": [
        0.9149057681324957
    ]
}