{
    "inf": [
        0.5442718340012077
    ],
    "2": [
        0.5442718340012077
    ],
    "1.6": [
        0.5442718340012077
    ],
    "1.5": [
        0.5442718340012077
    ],
    "1.4": [
        0.5442718340012077
    ],
    "1.3": [
        0.5442718340012077
    ],
    "1.2": [
        0.5442718340012077
    ],
    "1.1": [
        0.5442718340012077
    ],
    "0.9": [
        0.5442718340012077
    ],
    "0.8": [
        0.5442718340012077
    ],
    "0.7": [
        0.5442718340012077
    ],
    "0.6": [
        0.5881136950904393
    ],
    "0.5": [
        0.6101597764562585
    ],
    "0.4": [
        0.6323959687906372
    ],
    "0.3": [
        0.6518689343710964
    ],
    "0.2": [
        0.6674003107198343
    ],
    "0.1": [
        0.6768307322929171
    ]
}