{
    "inf": [
        0.5537684580337048
    ],
    "2": [
        0.5537684580337048
    ],
    "1.6": [
        0.5537684580337048
    ],
    "1.5": [
        0.5537684580337048
    ],
    "1.4": [
        0.5537684580337048
    ],
    "1.3": [
        0.5537684580337048
    ],
    "1.2": [
        0.5537684580337048
    ],
    "1.1": [
        0.5537684580337048
    ],
    "0.9": [
        0.5537684580337048
    ],
    "0.8": [
        0.5537684580337048
    ],
    "0.7": [
        0.5537684580337048
    ],
    "0.6": [
        0.6220631013649586
    ],
    "0.5": [
        0.6568172650262203
    ],
    "0.4": [
        0.6802459646425826
    ],
    "0.3": [
        0.7049322180559562
    ],
    "0.2": [
        0.7112268518518519
    ],
    "0.1": [
        0.6943127962085308
    ]
}