{
    "inf": [
        0.5493220618103969
    ],
    "2": [
        0.5493220618103969
    ],
    "1.6": [
        0.5493220618103969
    ],
    "1.5": [
        0.5493220618103969
    ],
    "1.4": [
        0.5493220618103969
    ],
    "1.3": [
        0.5493220618103969
    ],
    "1.2": [
        0.5493220618103969
    ],
    "1.1": [
        0.5493220618103969
    ],
    "0.9": [
        0.5493220618103969
    ],
    "0.8": [
        0.5493220618103969
    ],
    "0.7": [
        0.5493220618103969
    ],
    "0.6": [
        0.5797885419227932
    ],
    "0.5": [
        0.5968797514378265
    ],
    "0.4": [
        0.6145431145431145
    ],
    "0.3": [
        0.634371763206119
    ],
    "0.2": [
        0.656176608736496
    ],
    "0.1": [
        0.6845664818071149
    ]
}