{
    "inf": [
        0.7561618268650162
    ],
    "2": [
        0.7562716144260855
    ],
    "1.6": [
        0.7579733216226602
    ],
    "1.5": [
        0.7564362957676896
    ],
    "1.4": [
        0.7585222594280068
    ],
    "1.3": [
        0.7589065158917495
    ],
    "1.2": [
        0.7600043915024428
    ],
    "1.1": [
        0.7602239666245815
    ],
    "0.9": [
        0.8096069868995633
    ],
    "0.8": [
        0.8381349811411605
    ],
    "0.7": [
        0.8720918315055858
    ],
    "0.6": [
        0.9055352551089457
    ],
    "0.5": [
        0.924453992123165
    ],
    "0.4": [
        0.9363725012189176
    ],
    "0.3": [
        0.9458609849807894
    ],
    "0.2": [
        0.9562634989200864
    ],
    "0.1": [
        0.9596774193548387
    ]
}