{
    "inf": [
        0.5529999451062194
    ],
    "2": [
        0.5529999451062194
    ],
    "1.6": [
        0.5529999451062194
    ],
    "1.5": [
        0.5529999451062194
    ],
    "1.4": [
        0.5529999451062194
    ],
    "1.3": [
        0.5529999451062194
    ],
    "1.2": [
        0.5529999451062194
    ],
    "1.1": [
        0.5529999451062194
    ],
    "0.9": [
        0.5529999451062194
    ],
    "0.8": [
        0.5529999451062194
    ],
    "0.7": [
        0.5529999451062194
    ],
    "0.6": [
        0.7041420118343196
    ],
    "0.5": [
        0.8
    ],
    "0.4": [
        null
    ],
    "0.3": [
        null
    ],
    "0.2": [
        null
    ],
    "0.1": [
        null
    ]
}