{
    "inf": [
        0.5514629192512488
    ],
    "2": [
        0.5514629192512488
    ],
    "1.6": [
        0.5514629192512488
    ],
    "1.5": [
        0.5514629192512488
    ],
    "1.4": [
        0.5514629192512488
    ],
    "1.3": [
        0.5514629192512488
    ],
    "1.2": [
        0.5514629192512488
    ],
    "1.1": [
        0.5514629192512488
    ],
    "0.9": [
        0.5514629192512488
    ],
    "0.8": [
        0.5514629192512488
    ],
    "0.7": [
        0.5514629192512488
    ],
    "0.6": [
        0.6110023766251922
    ],
    "0.5": [
        0.643354860639021
    ],
    "0.4": [
        0.6741179048871356
    ],
    "0.3": [
        0.6986848676544032
    ],
    "0.2": [
        0.7114313789715034
    ],
    "0.1": [
        0.7176954732510288
    ]
}