{
    "inf": [
        0.5502003622989515
    ],
    "2": [
        0.5502003622989515
    ],
    "1.6": [
        0.5502003622989515
    ],
    "1.5": [
        0.5502003622989515
    ],
    "1.4": [
        0.5502003622989515
    ],
    "1.3": [
        0.5502003622989515
    ],
    "1.2": [
        0.5502003622989515
    ],
    "1.1": [
        0.5502003622989515
    ],
    "0.9": [
        0.5502003622989515
    ],
    "0.8": [
        0.5502003622989515
    ],
    "0.7": [
        0.5502003622989515
    ],
    "0.6": [
        0.6577962931474239
    ],
    "0.5": [
        0.7017278345314668
    ],
    "0.4": [
        0.7266847485916962
    ],
    "0.3": [
        0.7371405427298502
    ],
    "0.2": [
        0.7418326693227092
    ],
    "0.1": [
        0.7161904761904762
    ]
}