{
    "inf": [
        0.5548114398638634
    ],
    "2": [
        0.5548114398638634
    ],
    "1.6": [
        0.5548114398638634
    ],
    "1.5": [
        0.5548114398638634
    ],
    "1.4": [
        0.5548114398638634
    ],
    "1.3": [
        0.5548114398638634
    ],
    "1.2": [
        0.5548114398638634
    ],
    "1.1": [
        0.5548114398638634
    ],
    "0.9": [
        0.5548114398638634
    ],
    "0.8": [
        0.5548114398638634
    ],
    "0.7": [
        0.5548114398638634
    ],
    "0.6": [
        0.6178124793224377
    ],
    "0.5": [
        0.6526991317478293
    ],
    "0.4": [
        0.6811044460127029
    ],
    "0.3": [
        0.708969670896967
    ],
    "0.2": [
        0.7385916314331535
    ],
    "0.1": [
        0.773001508295626
    ]
}