{
    "inf": [
        0.5224790031289455
    ],
    "2": [
        0.5224790031289455
    ],
    "1.6": [
        0.5224790031289455
    ],
    "1.5": [
        0.5224790031289455
    ],
    "1.4": [
        0.5224790031289455
    ],
    "1.3": [
        0.5224790031289455
    ],
    "1.2": [
        0.5224790031289455
    ],
    "1.1": [
        0.5224790031289455
    ],
    "0.9": [
        0.5224790031289455
    ],
    "0.8": [
        0.5224790031289455
    ],
    "0.7": [
        0.5224790031289455
    ],
    "0.6": [
        0.7857142857142857
    ],
    "0.5": [
        0.0
    ],
    "0.4": [
        null
    ],
    "0.3": [
        null
    ],
    "0.2": [
        null
    ],
    "0.1": [
        null
    ]
}