{
    "inf": [
        0.5344458472855026
    ],
    "2": [
        0.5344458472855026
    ],
    "1.6": [
        0.5344458472855026
    ],
    "1.5": [
        0.5344458472855026
    ],
    "1.4": [
        0.5344458472855026
    ],
    "1.3": [
        0.5344458472855026
    ],
    "1.2": [
        0.5344458472855026
    ],
    "1.1": [
        0.5344458472855026
    ],
    "0.9": [
        0.5344458472855026
    ],
    "0.8": [
        0.5344458472855026
    ],
    "0.7": [
        0.5344458472855026
    ],
    "0.6": [
        0.4376470588235294
    ],
    "0.5": [
        0.25
    ],
    "0.4": [
        0.0
    ],
    "0.3": [
        null
    ],
    "0.2": [
        null
    ],
    "0.1": [
        null
    ]
}