{
    "inf": [
        0.5438326837569304
    ],
    "2": [
        0.5438326837569304
    ],
    "1.6": [
        0.5438326837569304
    ],
    "1.5": [
        0.5438326837569304
    ],
    "1.4": [
        0.5438326837569304
    ],
    "1.3": [
        0.5438326837569304
    ],
    "1.2": [
        0.5438326837569304
    ],
    "1.1": [
        0.5438326837569304
    ],
    "0.9": [
        0.5438326837569304
    ],
    "0.8": [
        0.5438326837569304
    ],
    "0.7": [
        0.5438326837569304
    ],
    "0.6": [
        0.6375
    ],
    "0.5": [
        0.75
    ],
    "0.4": [
        null
    ],
    "0.3": [
        null
    ],
    "0.2": [
        null
    ],
    "0.1": [
        null
    ]
}