{
    "inf": [
        0.7728495361475545
    ],
    "2": [
        0.7736729428555744
    ],
    "1.6": [
        0.7726848548059505
    ],
    "1.5": [
        0.7729593237086239
    ],
    "1.4": [
        0.7748806060273371
    ],
    "1.3": [
        0.7720261294395345
    ],
    "1.2": [
        0.7726848548059505
    ],
    "1.1": [
        0.7735082615139705
    ],
    "0.9": [
        0.8184158415841584
    ],
    "0.8": [
        0.8493430886633624
    ],
    "0.7": [
        0.8697459148011712
    ],
    "0.6": [
        0.8905460951262478
    ],
    "0.5": [
        0.900234397890419
    ],
    "0.4": [
        0.9104338070306657
    ],
    "0.3": [
        0.923424554356013
    ],
    "0.2": [
        0.937157471684326
    ],
    "0.1": [
        0.9453480806766428
    ]
}