{
    "inf": [
        0.5416918263160784
    ],
    "2": [
        0.5416918263160784
    ],
    "1.6": [
        0.5416918263160784
    ],
    "1.5": [
        0.5416918263160784
    ],
    "1.4": [
        0.5416918263160784
    ],
    "1.3": [
        0.5416918263160784
    ],
    "1.2": [
        0.5416918263160784
    ],
    "1.1": [
        0.5416918263160784
    ],
    "0.9": [
        0.5416918263160784
    ],
    "0.8": [
        0.5416918263160784
    ],
    "0.7": [
        0.5416918263160784
    ],
    "0.6": [
        0.6234187223276407
    ],
    "0.5": [
        0.6487676056338029
    ],
    "0.4": [
        0.6638830897703549
    ],
    "0.3": [
        0.6625204582651392
    ],
    "0.2": [
        0.618632707774799
    ],
    "0.1": [
        0.5600739371534196
    ]
}