{
    "inf": [
        0.5513531316901795
    ],
    "2": [
        0.5513531316901795
    ],
    "1.6": [
        0.5513531316901795
    ],
    "1.5": [
        0.5513531316901795
    ],
    "1.4": [
        0.5513531316901795
    ],
    "1.3": [
        0.5513531316901795
    ],
    "1.2": [
        0.5513531316901795
    ],
    "1.1": [
        0.5513531316901795
    ],
    "0.9": [
        0.5513531316901795
    ],
    "0.8": [
        0.5513531316901795
    ],
    "0.7": [
        0.5513531316901795
    ],
    "0.6": [
        0.6022080736927662
    ],
    "0.5": [
        0.6247406225059856
    ],
    "0.4": [
        0.6509987081387261
    ],
    "0.3": [
        0.667279671806479
    ],
    "0.2": [
        0.6686858045825652
    ],
    "0.1": [
        0.6946463978849967
    ]
}