{
    "inf": [
        0.7751550749300105
    ],
    "2": [
        0.7769665696876544
    ],
    "1.6": [
        0.7757589065158917
    ],
    "1.5": [
        0.7767469945655158
    ],
    "1.4": [
        0.7764176318823077
    ],
    "1.3": [
        0.7749354998078718
    ],
    "1.2": [
        0.7760882691990998
    ],
    "1.1": [
        0.7755942251742878
    ],
    "0.9": [
        0.8188775510204082
    ],
    "0.8": [
        0.8458219800181653
    ],
    "0.7": [
        0.8694073872402215
    ],
    "0.6": [
        0.8882294757665677
    ],
    "0.5": [
        0.8985739037718246
    ],
    "0.4": [
        0.9044554455445545
    ],
    "0.3": [
        0.9101027397260274
    ],
    "0.2": [
        0.9134927664599941
    ],
    "0.1": [
        0.9101544220870379
    ]
}