{
    "inf": [
        0.5493220618103969
    ],
    "2": [
        0.5493220618103969
    ],
    "1.6": [
        0.5493220618103969
    ],
    "1.5": [
        0.5493220618103969
    ],
    "1.4": [
        0.5493220618103969
    ],
    "1.3": [
        0.5493220618103969
    ],
    "1.2": [
        0.5493220618103969
    ],
    "1.1": [
        0.5493220618103969
    ],
    "0.9": [
        0.5493220618103969
    ],
    "0.8": [
        0.5493220618103969
    ],
    "0.7": [
        0.5493220618103969
    ],
    "0.6": [
        0.5984094141988879
    ],
    "0.5": [
        0.6226252158894646
    ],
    "0.4": [
        0.6468078122435582
    ],
    "0.3": [
        0.672330336856663
    ],
    "0.2": [
        0.7055768179332969
    ],
    "0.1": [
        0.7299472661670829
    ]
}