{
    "inf": [
        0.26738760498435526
    ],
    "2": [
        0.20909041005654058
    ],
    "1.6": [
        0.3738815392216062
    ],
    "1.5": [
        0.5500356809573476
    ],
    "1.4": [
        0.22242959872646428
    ],
    "1.3": [
        0.24729648130866771
    ],
    "1.2": [
        0.2087610473733326
    ],
    "1.1": [
        0.21485425701268046
    ],
    "0.9": [
        0.2087610473733326
    ],
    "0.8": [
        0.2087610473733326
    ],
    "0.7": [
        0.2101882856672339
    ],
    "0.6": [
        null
    ],
    "0.5": [
        0.0
    ],
    "0.4": [
        null
    ],
    "0.3": [
        null
    ],
    "0.2": [
        null
    ],
    "0.1": [
        null
    ]
}