{
    "inf": [
        0.5485535488829115
    ],
    "2": [
        0.5485535488829115
    ],
    "1.6": [
        0.5485535488829115
    ],
    "1.5": [
        0.5485535488829115
    ],
    "1.4": [
        0.5485535488829115
    ],
    "1.3": [
        0.5485535488829115
    ],
    "1.2": [
        0.5485535488829115
    ],
    "1.1": [
        0.5485535488829115
    ],
    "0.9": [
        0.5485535488829115
    ],
    "0.8": [
        0.5485535488829115
    ],
    "0.7": [
        0.5485535488829115
    ],
    "0.6": [
        0.5962059620596206
    ],
    "0.5": [
        0.6198327167444105
    ],
    "0.4": [
        0.6356650246305419
    ],
    "0.3": [
        0.6511597258829731
    ],
    "0.2": [
        0.6628859483301828
    ],
    "0.1": [
        0.6581853096495439
    ]
}