{
    "inf": [
        0.7500137234451336
    ],
    "2": [
        0.7508920239336884
    ],
    "1.6": [
        0.750782236372619
    ],
    "1.5": [
        0.7502332985672723
    ],
    "1.4": [
        0.7501784047867377
    ],
    "1.3": [
        0.751276280397431
    ],
    "1.2": [
        0.749629466981391
    ],
    "1.1": [
        0.750288192347807
    ],
    "0.9": [
        0.7936507936507936
    ],
    "0.8": [
        0.8238297203895696
    ],
    "0.7": [
        0.8473797418850215
    ],
    "0.6": [
        0.8711961247050056
    ],
    "0.5": [
        0.8806299212598425
    ],
    "0.4": [
        0.8963945296311645
    ],
    "0.3": [
        0.9069503546099291
    ],
    "0.2": [
        0.9126544524925436
    ],
    "0.1": [
        0.9329073482428115
    ]
}