{
    "inf": [
        0.5520667508371302
    ],
    "2": [
        0.5520667508371302
    ],
    "1.6": [
        0.5520667508371302
    ],
    "1.5": [
        0.5520667508371302
    ],
    "1.4": [
        0.5520667508371302
    ],
    "1.3": [
        0.5520667508371302
    ],
    "1.2": [
        0.5520667508371302
    ],
    "1.1": [
        0.5520667508371302
    ],
    "0.9": [
        0.5520667508371302
    ],
    "0.8": [
        0.5520667508371302
    ],
    "0.7": [
        0.5520667508371302
    ],
    "0.6": [
        0.657968077020522
    ],
    "0.5": [
        0.6741124850418827
    ],
    "0.4": [
        0.6854508196721312
    ],
    "0.3": [
        0.7387640449438202
    ],
    "0.2": [
        0.8045977011494253
    ],
    "0.1": [
        0.7692307692307693
    ]
}