{
    "inf": [
        0.781138497008289
    ],
    "2": [
        0.7815776472525663
    ],
    "1.6": [
        0.7810836032277543
    ],
    "1.5": [
        0.7826206290827249
    ],
    "1.4": [
        0.779162320909041
    ],
    "1.3": [
        0.780973815666685
    ],
    "1.2": [
        0.7813580721304276
    ],
    "1.1": [
        0.7818521161552396
    ],
    "0.9": [
        0.8225541070750538
    ],
    "0.8": [
        0.8477765108323831
    ],
    "0.7": [
        0.8744679075202404
    ],
    "0.6": [
        0.8966329635810346
    ],
    "0.5": [
        0.9076923076923077
    ],
    "0.4": [
        0.9132340052585451
    ],
    "0.3": [
        0.9155733029092984
    ],
    "0.2": [
        0.9170316928626643
    ],
    "0.1": [
        0.9173878835562549
    ]
}