{
    "inf": [
        0.7962342866553219
    ],
    "2": [
        0.795904923972114
    ],
    "1.6": [
        0.7978262062908272
    ],
    "1.5": [
        0.7971674809244113
    ],
    "1.4": [
        0.7963440742163913
    ],
    "1.3": [
        0.7969479058022726
    ],
    "1.2": [
        0.7960147115331833
    ],
    "1.1": [
        0.7965087555579953
    ],
    "0.9": [
        0.8427750946351651
    ],
    "0.8": [
        0.8712186689714779
    ],
    "0.7": [
        0.8965244083572631
    ],
    "0.6": [
        0.9101742696053307
    ],
    "0.5": [
        0.9204078276599243
    ],
    "0.4": [
        0.9267818574514038
    ],
    "0.3": [
        0.9330199764982373
    ],
    "0.2": [
        0.9360414866032843
    ],
    "0.1": [
        0.9382239382239382
    ]
}