{
    "inf": [
        0.5435033210737223
    ],
    "2": [
        0.5435033210737223
    ],
    "1.6": [
        0.5435033210737223
    ],
    "1.5": [
        0.5435033210737223
    ],
    "1.4": [
        0.5435033210737223
    ],
    "1.3": [
        0.5435033210737223
    ],
    "1.2": [
        0.5435033210737223
    ],
    "1.1": [
        0.5435033210737223
    ],
    "0.9": [
        0.5435033210737223
    ],
    "0.8": [
        0.5435033210737223
    ],
    "0.7": [
        0.5435033210737223
    ],
    "0.6": [
        0.6025107457187692
    ],
    "0.5": [
        0.6246614624820774
    ],
    "0.4": [
        0.6414983904009365
    ],
    "0.3": [
        0.6503385105535643
    ],
    "0.2": [
        0.6578483245149912
    ],
    "0.1": [
        0.655223880597015
    ]
}