{
    "inf": [
        0.5421858703408904
    ],
    "2": [
        0.5421858703408904
    ],
    "1.6": [
        0.5421858703408904
    ],
    "1.5": [
        0.5421858703408904
    ],
    "1.4": [
        0.5421858703408904
    ],
    "1.3": [
        0.5421858703408904
    ],
    "1.2": [
        0.5421858703408904
    ],
    "1.1": [
        0.5421858703408904
    ],
    "0.9": [
        0.5421858703408904
    ],
    "0.8": [
        0.5421858703408904
    ],
    "0.7": [
        0.5421858703408904
    ],
    "0.6": [
        0.6794612794612794
    ],
    "0.5": [
        0.6833333333333333
    ],
    "0.4": [
        0.6566666666666666
    ],
    "0.3": [
        0.6431095406360424
    ],
    "0.2": [
        0.6666666666666666
    ],
    "0.1": [
        0.5714285714285714
    ]
}