{
    "inf": [
        0.5413075698523357
    ],
    "2": [
        0.5413075698523357
    ],
    "1.6": [
        0.5413075698523357
    ],
    "1.5": [
        0.5413075698523357
    ],
    "1.4": [
        0.5413075698523357
    ],
    "1.3": [
        0.5413075698523357
    ],
    "1.2": [
        0.5413075698523357
    ],
    "1.1": [
        0.5413075698523357
    ],
    "0.9": [
        0.5413075698523357
    ],
    "0.8": [
        0.5413075698523357
    ],
    "0.7": [
        0.5413075698523357
    ],
    "0.6": [
        0.6146732429099877
    ],
    "0.5": [
        0.5276872964169381
    ],
    "0.4": [
        0.5
    ],
    "0.3": [
        0.8
    ],
    "0.2": [
        1.0
    ],
    "0.1": [
        null
    ]
}