{
    "inf": [
        0.5515178130317835
    ],
    "2": [
        0.5515178130317835
    ],
    "1.6": [
        0.5515178130317835
    ],
    "1.5": [
        0.5515178130317835
    ],
    "1.4": [
        0.5515178130317835
    ],
    "1.3": [
        0.5515178130317835
    ],
    "1.2": [
        0.5515178130317835
    ],
    "1.1": [
        0.5515178130317835
    ],
    "0.9": [
        0.5515178130317835
    ],
    "0.8": [
        0.5515178130317835
    ],
    "0.7": [
        0.5515178130317835
    ],
    "0.6": [
        0.6136965305838094
    ],
    "0.5": [
        0.6471192534885711
    ],
    "0.4": [
        0.6755102040816326
    ],
    "0.3": [
        0.6973825743994263
    ],
    "0.2": [
        0.6875447387258411
    ],
    "0.1": [
        0.6865671641791045
    ]
}