{
    "inf": [
        0.79491683592249
    ],
    "2": [
        0.793434703848054
    ],
    "1.6": [
        0.7922270406762913
    ],
    "1.5": [
        0.7938189603117967
    ],
    "1.4": [
        0.7932151287259154
    ],
    "1.3": [
        0.793764066531262
    ],
    "1.2": [
        0.7926661909205687
    ],
    "1.1": [
        0.7934895976285887
    ],
    "0.9": [
        0.8437353355232285
    ],
    "0.8": [
        0.8768903784844274
    ],
    "0.7": [
        0.9025296850800206
    ],
    "0.6": [
        0.9209449650257358
    ],
    "0.5": [
        0.9326053574475346
    ],
    "0.4": [
        0.9465895953757225
    ],
    "0.3": [
        0.9521452145214522
    ],
    "0.2": [
        0.9598612487611496
    ],
    "0.1": [
        0.9719887955182073
    ]
}