{
    "inf": [
        0.7493001042981831
    ],
    "2": [
        0.7497392545424604
    ],
    "1.6": [
        0.7485315913706977
    ],
    "1.5": [
        0.7493549980787176
    ],
    "1.4": [
        0.7511664928363616
    ],
    "1.3": [
        0.7505626612504803
    ],
    "1.2": [
        0.751440961739035
    ],
    "1.1": [
        0.7499039358840643
    ],
    "0.9": [
        0.8025883175935642
    ],
    "0.8": [
        0.8306924625755056
    ],
    "0.7": [
        0.8686736991821737
    ],
    "0.6": [
        0.8927455173548281
    ],
    "0.5": [
        0.9099483494273524
    ],
    "0.4": [
        0.924187725631769
    ],
    "0.3": [
        0.9405458089668616
    ],
    "0.2": [
        0.9493865030674846
    ],
    "0.1": [
        0.9511834319526628
    ]
}