{
    "inf": [
        0.5557995279134874
    ],
    "2": [
        0.5557995279134874
    ],
    "1.6": [
        0.5557995279134874
    ],
    "1.5": [
        0.5557995279134874
    ],
    "1.4": [
        0.5557995279134874
    ],
    "1.3": [
        0.5557995279134874
    ],
    "1.2": [
        0.5557995279134874
    ],
    "1.1": [
        0.5557995279134874
    ],
    "0.9": [
        0.5557995279134874
    ],
    "0.8": [
        0.5557995279134874
    ],
    "0.7": [
        0.5557995279134874
    ],
    "0.6": [
        0.5881916078722614
    ],
    "0.5": [
        0.6029549405000668
    ],
    "0.4": [
        0.6131678281068524
    ],
    "0.3": [
        0.6252818035426732
    ],
    "0.2": [
        0.6431880495414579
    ],
    "0.1": [
        0.6739700865914459
    ]
}