{
    "inf": [
        0.5410331009496624
    ],
    "2": [
        0.5410331009496624
    ],
    "1.6": [
        0.5410331009496624
    ],
    "1.5": [
        0.5410331009496624
    ],
    "1.4": [
        0.5410331009496624
    ],
    "1.3": [
        0.5410331009496624
    ],
    "1.2": [
        0.5410331009496624
    ],
    "1.1": [
        0.5410331009496624
    ],
    "0.9": [
        0.5410331009496624
    ],
    "0.8": [
        0.5410331009496624
    ],
    "0.7": [
        0.5410331009496624
    ],
    "0.6": [
        0.5747660693535563
    ],
    "0.5": [
        0.5918634312250638
    ],
    "0.4": [
        0.6088210467079347
    ],
    "0.3": [
        0.6285978143758658
    ],
    "0.2": [
        0.6532060266292922
    ],
    "0.1": [
        0.69
    ]
}