{
    "inf": [
        0.5571169786463194
    ],
    "2": [
        0.5571169786463194
    ],
    "1.6": [
        0.5571169786463194
    ],
    "1.5": [
        0.5571169786463194
    ],
    "1.4": [
        0.5571169786463194
    ],
    "1.3": [
        0.5571169786463194
    ],
    "1.2": [
        0.5571169786463194
    ],
    "1.1": [
        0.5571169786463194
    ],
    "0.9": [
        0.5571169786463194
    ],
    "0.8": [
        0.5571169786463194
    ],
    "0.7": [
        0.5571169786463194
    ],
    "0.6": [
        0.6033394688403891
    ],
    "0.5": [
        0.6295938104448743
    ],
    "0.4": [
        0.6532041857649399
    ],
    "0.3": [
        0.6776832460732984
    ],
    "0.2": [
        0.6968015665796344
    ],
    "0.1": [
        0.7000333667000334
    ]
}