{
    "inf": [
        0.5465224790031289
    ],
    "2": [
        0.5465224790031289
    ],
    "1.6": [
        0.5465224790031289
    ],
    "1.5": [
        0.5465224790031289
    ],
    "1.4": [
        0.5465224790031289
    ],
    "1.3": [
        0.5465224790031289
    ],
    "1.2": [
        0.5465224790031289
    ],
    "1.1": [
        0.5465224790031289
    ],
    "0.9": [
        0.5465224790031289
    ],
    "0.8": [
        0.5465224790031289
    ],
    "0.7": [
        0.5465224790031289
    ],
    "0.6": [
        0.6679764243614931
    ],
    "0.5": [
        0.705
    ],
    "0.4": [
        0.6629213483146067
    ],
    "0.3": [
        0.6666666666666666
    ],
    "0.2": [
        0.6666666666666666
    ],
    "0.1": [
        null
    ]
}