{
    "inf": [
        0.5488829115661196
    ],
    "2": [
        0.5488829115661196
    ],
    "1.6": [
        0.5488829115661196
    ],
    "1.5": [
        0.5488829115661196
    ],
    "1.4": [
        0.5488829115661196
    ],
    "1.3": [
        0.5488829115661196
    ],
    "1.2": [
        0.5488829115661196
    ],
    "1.1": [
        0.5488829115661196
    ],
    "0.9": [
        0.5488829115661196
    ],
    "0.8": [
        0.5488829115661196
    ],
    "0.7": [
        0.5488829115661196
    ],
    "0.6": [
        0.6268145014224232
    ],
    "0.5": [
        0.6615316117542297
    ],
    "0.4": [
        0.6937744084539398
    ],
    "0.3": [
        0.7171548117154811
    ],
    "0.2": [
        0.7464361540794662
    ],
    "0.1": [
        0.7823293172690763
    ]
}