{
    "inf": [
        0.5478948235164955
    ],
    "2": [
        0.5478948235164955
    ],
    "1.6": [
        0.5478948235164955
    ],
    "1.5": [
        0.5478948235164955
    ],
    "1.4": [
        0.5478948235164955
    ],
    "1.3": [
        0.5478948235164955
    ],
    "1.2": [
        0.5478948235164955
    ],
    "1.1": [
        0.5478948235164955
    ],
    "0.9": [
        0.5478948235164955
    ],
    "0.8": [
        0.5478948235164955
    ],
    "0.7": [
        0.5478948235164955
    ],
    "0.6": [
        0.5941176470588235
    ],
    "0.5": [
        0.6177532384795074
    ],
    "0.4": [
        0.6403650460345663
    ],
    "0.3": [
        0.6694223107569721
    ],
    "0.2": [
        0.7042033513206476
    ],
    "0.1": [
        0.7211974599334744
    ]
}