{
    "inf": [
        0.5474556732722182
    ],
    "2": [
        0.5474556732722182
    ],
    "1.6": [
        0.5474556732722182
    ],
    "1.5": [
        0.5474556732722182
    ],
    "1.4": [
        0.5474556732722182
    ],
    "1.3": [
        0.5474556732722182
    ],
    "1.2": [
        0.5474556732722182
    ],
    "1.1": [
        0.5474556732722182
    ],
    "0.9": [
        0.5474556732722182
    ],
    "0.8": [
        0.5474556732722182
    ],
    "0.7": [
        0.5474556732722182
    ],
    "0.6": [
        0.5842425780258818
    ],
    "0.5": [
        0.6030439294361812
    ],
    "0.4": [
        0.619206553895168
    ],
    "0.3": [
        0.6423750533959847
    ],
    "0.2": [
        0.6733785287868056
    ],
    "0.1": [
        0.7167022032693674
    ]
}