{
    "inf": [
        0.5366964922874239
    ],
    "2": [
        0.5366964922874239
    ],
    "1.6": [
        0.5366964922874239
    ],
    "1.5": [
        0.5366964922874239
    ],
    "1.4": [
        0.5366964922874239
    ],
    "1.3": [
        0.5366964922874239
    ],
    "1.2": [
        0.5366964922874239
    ],
    "1.1": [
        0.5366964922874239
    ],
    "0.9": [
        0.5366964922874239
    ],
    "0.8": [
        0.5366964922874239
    ],
    "0.7": [
        0.5366964922874239
    ],
    "0.6": [
        0.6956059532246633
    ],
    "0.5": [
        0.6519480519480519
    ],
    "0.4": [
        0.8148148148148148
    ],
    "0.3": [
        0.0
    ],
    "0.2": [
        null
    ],
    "0.1": [
        null
    ]
}