{
    "inf": [
        0.5325794587473239
    ],
    "2": [
        0.5325794587473239
    ],
    "1.6": [
        0.5325794587473239
    ],
    "1.5": [
        0.5325794587473239
    ],
    "1.4": [
        0.5325794587473239
    ],
    "1.3": [
        0.5325794587473239
    ],
    "1.2": [
        0.5325794587473239
    ],
    "1.1": [
        0.5325794587473239
    ],
    "0.9": [
        0.5325794587473239
    ],
    "0.8": [
        0.5325794587473239
    ],
    "0.7": [
        0.5325794587473239
    ],
    "0.6": [
        0.8166666666666667
    ],
    "0.5": [
        null
    ],
    "0.4": [
        null
    ],
    "0.3": [
        null
    ],
    "0.2": [
        null
    ],
    "0.1": [
        null
    ]
}