{
    "inf": [
        0.5500905747378821
    ],
    "2": [
        0.5500905747378821
    ],
    "1.6": [
        0.5500905747378821
    ],
    "1.5": [
        0.5500905747378821
    ],
    "1.4": [
        0.5500905747378821
    ],
    "1.3": [
        0.5500905747378821
    ],
    "1.2": [
        0.5500905747378821
    ],
    "1.1": [
        0.5500905747378821
    ],
    "0.9": [
        0.5500905747378821
    ],
    "0.8": [
        0.5500905747378821
    ],
    "0.7": [
        0.5500905747378821
    ],
    "0.6": [
        0.6779982166740972
    ],
    "0.5": [
        0.7088042049934297
    ],
    "0.4": [
        0.6991818753933291
    ],
    "0.3": [
        0.7035928143712575
    ],
    "0.2": [
        0.75
    ],
    "0.1": [
        0.84
    ]
}