{
    "inf": [
        0.5538782455947742
    ],
    "2": [
        0.5538782455947742
    ],
    "1.6": [
        0.5538782455947742
    ],
    "1.5": [
        0.5538782455947742
    ],
    "1.4": [
        0.5538782455947742
    ],
    "1.3": [
        0.5538782455947742
    ],
    "1.2": [
        0.5538782455947742
    ],
    "1.1": [
        0.5538782455947742
    ],
    "0.9": [
        0.5538782455947742
    ],
    "0.8": [
        0.5538782455947742
    ],
    "0.7": [
        0.5538782455947742
    ],
    "0.6": [
        0.6151790872328134
    ],
    "0.5": [
        0.6390128144280968
    ],
    "0.4": [
        0.6536127167630058
    ],
    "0.3": [
        0.6628849270664505
    ],
    "0.2": [
        0.6649214659685864
    ],
    "0.1": [
        0.6608391608391608
    ]
}