{
    "inf": [
        0.7881100071361915
    ],
    "2": [
        0.7866278750617555
    ],
    "1.6": [
        0.7861887248174781
    ],
    "1.5": [
        0.7890980951858154
    ],
    "1.4": [
        0.7856946807926662
    ],
    "1.3": [
        0.7869023439644288
    ],
    "1.2": [
        0.7878355382335182
    ],
    "1.1": [
        0.7871768128671022
    ],
    "0.9": [
        0.8283117213323163
    ],
    "0.8": [
        0.8570910935575041
    ],
    "0.7": [
        0.8854640680003434
    ],
    "0.6": [
        0.9018711018711019
    ],
    "0.5": [
        0.9115284974093264
    ],
    "0.4": [
        0.915967768459135
    ],
    "0.3": [
        0.918546091526166
    ],
    "0.2": [
        0.9175738724727839
    ],
    "0.1": [
        0.9122983870967742
    ]
}