{
    "inf": [
        0.5481143986386342
    ],
    "2": [
        0.5481143986386342
    ],
    "1.6": [
        0.5481143986386342
    ],
    "1.5": [
        0.5481143986386342
    ],
    "1.4": [
        0.5481143986386342
    ],
    "1.3": [
        0.5481143986386342
    ],
    "1.2": [
        0.5481143986386342
    ],
    "1.1": [
        0.5481143986386342
    ],
    "0.9": [
        0.5481143986386342
    ],
    "0.8": [
        0.5481143986386342
    ],
    "0.7": [
        0.5481143986386342
    ],
    "0.6": [
        0.5935337859683155
    ],
    "0.5": [
        0.6182795698924731
    ],
    "0.4": [
        0.6451129072577285
    ],
    "0.3": [
        0.6720048043238915
    ],
    "0.2": [
        0.708188850360096
    ],
    "0.1": [
        0.7550635892604804
    ]
}