{
    "inf": [
        0.7660976011417906
    ],
    "2": [
        0.7674150518746226
    ],
    "1.6": [
        0.76620738870286
    ],
    "1.5": [
        0.7688971839490586
    ],
    "1.4": [
        0.7680737772410385
    ],
    "1.3": [
        0.769171652851732
    ],
    "1.2": [
        0.766866114069276
    ],
    "1.1": [
        0.7693912279738706
    ],
    "0.9": [
        0.8144017534811758
    ],
    "0.8": [
        0.8411769121068828
    ],
    "0.7": [
        0.8763466042154566
    ],
    "0.6": [
        0.8980326295585412
    ],
    "0.5": [
        0.9073792894017613
    ],
    "0.4": [
        0.916923076923077
    ],
    "0.3": [
        0.9223935197282467
    ],
    "0.2": [
        0.926172019195275
    ],
    "0.1": [
        0.9267214150347441
    ]
}