{
    "inf": [
        0.7455673272218257
    ],
    "2": [
        0.7437009386836472
    ],
    "1.6": [
        0.7449634956359444
    ],
    "1.5": [
        0.7438656200252511
    ],
    "1.4": [
        0.7453477520996871
    ],
    "1.3": [
        0.7434264697809738
    ],
    "1.2": [
        0.7444145578305978
    ],
    "1.1": [
        0.7451281769775484
    ],
    "0.9": [
        0.7826404084609774
    ],
    "0.8": [
        0.8031273836765828
    ],
    "0.7": [
        0.8318827301878149
    ],
    "0.6": [
        0.8499890662584737
    ],
    "0.5": [
        0.8644316815814078
    ],
    "0.4": [
        0.874536881104749
    ],
    "0.3": [
        0.88163174320107
    ],
    "0.2": [
        0.889751552795031
    ],
    "0.1": [
        0.8993775933609959
    ]
}