{
    "inf": [
        0.5474007794916836
    ],
    "2": [
        0.5474007794916836
    ],
    "1.6": [
        0.5474007794916836
    ],
    "1.5": [
        0.5474007794916836
    ],
    "1.4": [
        0.5474007794916836
    ],
    "1.3": [
        0.5474007794916836
    ],
    "1.2": [
        0.5474007794916836
    ],
    "1.1": [
        0.5474007794916836
    ],
    "0.9": [
        0.5474007794916836
    ],
    "0.8": [
        0.5474007794916836
    ],
    "0.7": [
        0.5474007794916836
    ],
    "0.6": [
        0.660056657223796
    ],
    "0.5": [
        0.71875
    ],
    "0.4": [
        0.6875
    ],
    "0.3": [
        0.6
    ],
    "0.2": [
        1.0
    ],
    "0.1": [
        null
    ]
}