{
    "inf": [
        0.5453148158313663
    ],
    "2": [
        0.5453148158313663
    ],
    "1.6": [
        0.5453148158313663
    ],
    "1.5": [
        0.5453148158313663
    ],
    "1.4": [
        0.5453148158313663
    ],
    "1.3": [
        0.5453148158313663
    ],
    "1.2": [
        0.5453148158313663
    ],
    "1.1": [
        0.5453148158313663
    ],
    "0.9": [
        0.5453148158313663
    ],
    "0.8": [
        0.5453148158313663
    ],
    "0.7": [
        0.5453148158313663
    ],
    "0.6": [
        0.5994550408719346
    ],
    "0.5": [
        0.673469387755102
    ],
    "0.4": [
        0.0
    ],
    "0.3": [
        null
    ],
    "0.2": [
        null
    ],
    "0.1": [
        null
    ]
}