{
    "inf": [
        0.5436131086347917
    ],
    "2": [
        0.5436131086347917
    ],
    "1.6": [
        0.5436131086347917
    ],
    "1.5": [
        0.5436131086347917
    ],
    "1.4": [
        0.5436131086347917
    ],
    "1.3": [
        0.5436131086347917
    ],
    "1.2": [
        0.5436131086347917
    ],
    "1.1": [
        0.5436131086347917
    ],
    "0.9": [
        0.5436131086347917
    ],
    "0.8": [
        0.5436131086347917
    ],
    "0.7": [
        0.5436131086347917
    ],
    "0.6": [
        0.5900255252307088
    ],
    "0.5": [
        0.6165159202882565
    ],
    "0.4": [
        0.637097459427309
    ],
    "0.3": [
        0.6549068581538141
    ],
    "0.2": [
        0.6697207678883071
    ],
    "0.1": [
        0.6559792027729636
    ]
}