{
    "inf": [
        0.5514080254707142
    ],
    "2": [
        0.5514080254707142
    ],
    "1.6": [
        0.5514080254707142
    ],
    "1.5": [
        0.5514080254707142
    ],
    "1.4": [
        0.5514080254707142
    ],
    "1.3": [
        0.5514080254707142
    ],
    "1.2": [
        0.5514080254707142
    ],
    "1.1": [
        0.5514080254707142
    ],
    "0.9": [
        0.5514080254707142
    ],
    "0.8": [
        0.5514080254707142
    ],
    "0.7": [
        0.5514080254707142
    ],
    "0.6": [
        0.6672117743254292
    ],
    "0.5": [
        0.7316159952074285
    ],
    "0.4": [
        0.767846944603084
    ],
    "0.3": [
        0.7857601026298909
    ],
    "0.2": [
        0.8099415204678363
    ],
    "0.1": [
        0.8201058201058201
    ]
}