{
    "inf": [
        0.5533293077894275
    ],
    "2": [
        0.5533293077894275
    ],
    "1.6": [
        0.5533293077894275
    ],
    "1.5": [
        0.5533293077894275
    ],
    "1.4": [
        0.5533293077894275
    ],
    "1.3": [
        0.5533293077894275
    ],
    "1.2": [
        0.5533293077894275
    ],
    "1.1": [
        0.5533293077894275
    ],
    "0.9": [
        0.5533293077894275
    ],
    "0.8": [
        0.5533293077894275
    ],
    "0.7": [
        0.5533293077894275
    ],
    "0.6": [
        0.6795959092042904
    ],
    "0.5": [
        0.6932468523464327
    ],
    "0.4": [
        0.7122774133083412
    ],
    "0.3": [
        0.71875
    ],
    "0.2": [
        0.7479674796747967
    ],
    "0.1": [
        0.7727272727272727
    ]
}