{
    "inf": [
        0.7733984739529012
    ],
    "2": [
        0.7730142174891584
    ],
    "1.6": [
        0.7724652796838118
    ],
    "1.5": [
        0.7717516605368612
    ],
    "1.4": [
        0.7708184662677718
    ],
    "1.3": [
        0.7714222978536531
    ],
    "1.2": [
        0.7712027227315145
    ],
    "1.1": [
        0.7716418729757919
    ],
    "0.9": [
        0.8206053317298055
    ],
    "0.8": [
        0.8507628734901462
    ],
    "0.7": [
        0.8836584394904459
    ],
    "0.6": [
        0.9032583985855014
    ],
    "0.5": [
        0.9172993054433856
    ],
    "0.4": [
        0.9285109983079526
    ],
    "0.3": [
        0.939297124600639
    ],
    "0.2": [
        0.9485071397663349
    ],
    "0.1": [
        0.9486224869694714
    ]
}