{
    "inf": [
        0.39539990119119506
    ],
    "2": [
        0.557501235110062
    ],
    "1.6": [
        0.39298457484766974
    ],
    "1.5": [
        0.49761212054674203
    ],
    "1.4": [
        0.42712850634023164
    ],
    "1.3": [
        0.3926003183839271
    ],
    "1.2": [
        0.39314925618927377
    ],
    "1.1": [
        0.4090684525443267
    ],
    "0.9": [
        0.5538233518142395
    ],
    "0.8": [
        0.49772190810781136
    ],
    "0.7": [
        0.4071471702256134
    ],
    "0.6": [
        0.6822916666666666
    ],
    "0.5": [
        0.6578947368421053
    ],
    "0.4": [
        null
    ],
    "0.3": [
        null
    ],
    "0.2": [
        null
    ],
    "0.1": [
        null
    ]
}