{
    "inf": [
        0.8436548223350254
    ],
    "2": [
        0.8395939086294416
    ],
    "1.6": [
        0.8419979612640163
    ],
    "1.5": [
        0.8516992790937178
    ],
    "1.4": [
        0.8547544409613375
    ],
    "1.3": [
        0.8551941238195173
    ],
    "1.2": [
        0.8713826366559485
    ],
    "1.1": [
        0.8676148796498906
    ],
    "0.9": [
        0.8879907621247113
    ],
    "0.8": [
        0.9012048192771084
    ],
    "0.7": [
        0.9106699751861043
    ],
    "0.6": [
        0.9209486166007905
    ],
    "0.5": [
        0.918809201623816
    ],
    "0.4": [
        0.9267241379310345
    ],
    "0.3": [
        0.9345509893455098
    ],
    "0.2": [
        0.947986577181208
    ],
    "0.1": [
        0.9476744186046512
    ]
}