{
    "inf": [
        0.8436548223350254
    ],
    "2": [
        0.8345177664974619
    ],
    "1.6": [
        0.8451282051282051
    ],
    "1.5": [
        0.8350622406639004
    ],
    "1.4": [
        0.8459119496855346
    ],
    "1.3": [
        0.8509513742071881
    ],
    "1.2": [
        0.8591549295774648
    ],
    "1.1": [
        0.8594950603732162
    ],
    "0.9": [
        0.8764705882352941
    ],
    "0.8": [
        0.8929889298892989
    ],
    "0.7": [
        0.8998716302952503
    ],
    "0.6": [
        0.9063772048846676
    ],
    "0.5": [
        0.9163059163059163
    ],
    "0.4": [
        0.9212121212121213
    ],
    "0.3": [
        0.9209225700164745
    ],
    "0.2": [
        0.9293478260869565
    ],
    "0.1": [
        0.9337474120082816
    ]
}