{
    "inf": [
        0.849746192893401
    ],
    "2": [
        0.8446700507614213
    ],
    "1.6": [
        0.8497409326424871
    ],
    "1.5": [
        0.8654661016949152
    ],
    "1.4": [
        0.8695187165775401
    ],
    "1.3": [
        0.8766519823788547
    ],
    "1.2": [
        0.8981693363844394
    ],
    "1.1": [
        0.8978622327790974
    ],
    "0.9": [
        0.9135483870967742
    ],
    "0.8": [
        0.9283783783783783
    ],
    "0.7": [
        0.9410071942446043
    ],
    "0.6": [
        0.9457013574660633
    ],
    "0.5": [
        0.9567307692307693
    ],
    "0.4": [
        0.9594594594594594
    ],
    "0.3": [
        0.967680608365019
    ],
    "0.2": [
        0.9685534591194969
    ],
    "0.1": [
        0.9702702702702702
    ]
}