{
    "inf": [
        0.8071065989847716
    ],
    "2": [
        0.8091370558375635
    ],
    "1.6": [
        0.803680981595092
    ],
    "1.5": [
        0.8099173553719008
    ],
    "1.4": [
        0.8119747899159664
    ],
    "1.3": [
        0.822961373390558
    ],
    "1.2": [
        0.825414364640884
    ],
    "1.1": [
        0.8388571428571429
    ],
    "0.9": [
        0.853836784409257
    ],
    "0.8": [
        0.8695652173913043
    ],
    "0.7": [
        0.8827493261455526
    ],
    "0.6": [
        0.8869565217391304
    ],
    "0.5": [
        0.8938461538461538
    ],
    "0.4": [
        0.8977272727272727
    ],
    "0.3": [
        0.9128113879003559
    ],
    "0.2": [
        0.9128712871287129
    ],
    "0.1": [
        0.9292682926829269
    ]
}