{
    "inf": [
        0.8375634517766497
    ],
    "2": [
        0.8375634517766497
    ],
    "1.6": [
        0.8447395301327886
    ],
    "1.5": [
        0.8497942386831275
    ],
    "1.4": [
        0.8553590010405827
    ],
    "1.3": [
        0.850104821802935
    ],
    "1.2": [
        0.8568353067814855
    ],
    "1.1": [
        0.867109634551495
    ],
    "0.9": [
        0.8903301886792453
    ],
    "0.8": [
        0.9057071960297767
    ],
    "0.7": [
        0.9139240506329114
    ],
    "0.6": [
        0.921727395411606
    ],
    "0.5": [
        0.9350282485875706
    ],
    "0.4": [
        0.943683409436834
    ],
    "0.3": [
        0.9461663947797716
    ],
    "0.2": [
        0.9512635379061372
    ],
    "0.1": [
        0.9574468085106383
    ]
}