{
    "inf": [
        0.8314720812182741
    ],
    "2": [
        0.8294416243654822
    ],
    "1.6": [
        0.8323045267489712
    ],
    "1.5": [
        0.8415015641293013
    ],
    "1.4": [
        0.8401682439537329
    ],
    "1.3": [
        0.8470588235294118
    ],
    "1.2": [
        0.8502732240437159
    ],
    "1.1": [
        0.8597081930415263
    ],
    "0.9": [
        0.8722157092614302
    ],
    "0.8": [
        0.8832116788321168
    ],
    "0.7": [
        0.8989769820971867
    ],
    "0.6": [
        0.9078947368421053
    ],
    "0.5": [
        0.907859078590786
    ],
    "0.4": [
        0.9165467625899281
    ],
    "0.3": [
        0.9237804878048781
    ],
    "0.2": [
        0.929159802306425
    ],
    "0.1": [
        0.9440298507462687
    ]
}