{
    "inf": [
        0.8253807106598985
    ],
    "2": [
        0.8324873096446701
    ],
    "1.6": [
        0.8333333333333334
    ],
    "1.5": [
        0.8436853002070394
    ],
    "1.4": [
        0.8450261780104712
    ],
    "1.3": [
        0.8434504792332268
    ],
    "1.2": [
        0.8523706896551724
    ],
    "1.1": [
        0.8554216867469879
    ],
    "0.9": [
        0.8687572590011614
    ],
    "0.8": [
        0.8779904306220095
    ],
    "0.7": [
        0.8876404494382022
    ],
    "0.6": [
        0.9069148936170213
    ],
    "0.5": [
        0.9163179916317992
    ],
    "0.4": [
        0.925764192139738
    ],
    "0.3": [
        0.9293394777265745
    ],
    "0.2": [
        0.9472789115646258
    ],
    "0.1": [
        0.948076923076923
    ]
}