{
    "inf": [
        0.8203045685279188
    ],
    "2": [
        0.8182741116751269
    ],
    "1.6": [
        0.8821292775665399
    ],
    "1.5": [
        0.91027496382055
    ],
    "1.4": [
        0.919431279620853
    ],
    "1.3": [
        0.9422066549912435
    ],
    "1.2": [
        0.9549019607843138
    ],
    "1.1": [
        0.9550321199143469
    ],
    "0.9": [
        0.9747191011235955
    ],
    "0.8": [
        0.9841772151898734
    ],
    "0.7": [
        0.9817518248175182
    ],
    "0.6": [
        0.9868421052631579
    ],
    "0.5": [
        0.9885057471264368
    ],
    "0.4": [
        0.9921875
    ],
    "0.3": [
        0.9887640449438202
    ],
    "0.2": [
        0.9838709677419355
    ],
    "0.1": [
        1.0
    ]
}