{
    "inf": [
        0.8284263959390863
    ],
    "2": [
        0.8345177664974619
    ],
    "1.6": [
        0.8379772961816305
    ],
    "1.5": [
        0.8428720083246618
    ],
    "1.4": [
        0.8515789473684211
    ],
    "1.3": [
        0.8492569002123143
    ],
    "1.2": [
        0.8583783783783784
    ],
    "1.1": [
        0.8631813125695217
    ],
    "0.9": [
        0.8892857142857142
    ],
    "0.8": [
        0.8891595615103532
    ],
    "0.7": [
        0.9110824742268041
    ],
    "0.6": [
        0.9195088676671214
    ],
    "0.5": [
        0.9316239316239316
    ],
    "0.4": [
        0.9357798165137615
    ],
    "0.3": [
        0.935064935064935
    ],
    "0.2": [
        0.9515260323159784
    ],
    "0.1": [
        0.9567099567099567
    ]
}