{
    "inf": [
        0.8050761421319796
    ],
    "2": [
        0.8091370558375635
    ],
    "1.6": [
        0.816032887975334
    ],
    "1.5": [
        0.8205394190871369
    ],
    "1.4": [
        0.8289054197662061
    ],
    "1.3": [
        0.8318872017353579
    ],
    "1.2": [
        0.8311258278145696
    ],
    "1.1": [
        0.8445945945945946
    ],
    "0.9": [
        0.8569711538461539
    ],
    "0.8": [
        0.8703703703703703
    ],
    "0.7": [
        0.8827319587628866
    ],
    "0.6": [
        0.896457765667575
    ],
    "0.5": [
        0.9072753209700428
    ],
    "0.4": [
        0.9188361408882083
    ],
    "0.3": [
        0.9265905383360522
    ],
    "0.2": [
        0.9290909090909091
    ],
    "0.1": [
        0.9305263157894736
    ]
}