{
    "inf": [
        0.8314720812182741
    ],
    "2": [
        0.8304568527918782
    ],
    "1.6": [
        0.8357142857142857
    ],
    "1.5": [
        0.8311156601842374
    ],
    "1.4": [
        0.8328173374613003
    ],
    "1.3": [
        0.8401253918495298
    ],
    "1.2": [
        0.8418259023354565
    ],
    "1.1": [
        0.8459051724137931
    ],
    "0.9": [
        0.8666666666666667
    ],
    "0.8": [
        0.879951980792317
    ],
    "0.7": [
        0.8857142857142857
    ],
    "0.6": [
        0.895778364116095
    ],
    "0.5": [
        0.9027777777777778
    ],
    "0.4": [
        0.9164222873900293
    ],
    "0.3": [
        0.9230769230769231
    ],
    "0.2": [
        0.9357021996615905
    ],
    "0.1": [
        0.9538152610441767
    ]
}