{
    "inf": [
        0.8395939086294416
    ],
    "2": [
        0.8406091370558376
    ],
    "1.6": [
        0.8388090349075975
    ],
    "1.5": [
        0.842159916926272
    ],
    "1.4": [
        0.8466386554621849
    ],
    "1.3": [
        0.857451403887689
    ],
    "1.2": [
        0.8625698324022346
    ],
    "1.1": [
        0.8656036446469249
    ],
    "0.9": [
        0.8809234507897934
    ],
    "0.8": [
        0.8946700507614214
    ],
    "0.7": [
        0.9042553191489362
    ],
    "0.6": [
        0.9200561009817672
    ],
    "0.5": [
        0.9219440353460973
    ],
    "0.4": [
        0.9380952380952381
    ],
    "0.3": [
        0.9495798319327731
    ],
    "0.2": [
        0.9472727272727273
    ],
    "0.1": [
        0.9621848739495799
    ]
}