{
    "inf": [
        0.8426395939086294
    ],
    "2": [
        0.8416243654822335
    ],
    "1.6": [
        0.8684516880093132
    ],
    "1.5": [
        0.8793532338308457
    ],
    "1.4": [
        0.8955223880597015
    ],
    "1.3": [
        0.8932178932178932
    ],
    "1.2": [
        0.9252782193958664
    ],
    "1.1": [
        0.9316546762589928
    ],
    "0.9": [
        0.953810623556582
    ],
    "0.8": [
        0.9640102827763496
    ],
    "0.7": [
        0.9789156626506024
    ],
    "0.6": [
        0.9829931972789115
    ],
    "0.5": [
        0.9844357976653697
    ],
    "0.4": [
        0.9907834101382489
    ],
    "0.3": [
        0.9883040935672515
    ],
    "0.2": [
        0.9848484848484849
    ],
    "0.1": [
        1.0
    ]
}