{
    "inf": [
        0.8243654822335026
    ],
    "2": [
        0.8233502538071066
    ],
    "1.6": [
        0.8859223300970874
    ],
    "1.5": [
        0.8990825688073395
    ],
    "1.4": [
        0.9230769230769231
    ],
    "1.3": [
        0.9371069182389937
    ],
    "1.2": [
        0.9473684210526315
    ],
    "1.1": [
        0.9473684210526315
    ],
    "0.9": [
        0.9549763033175356
    ],
    "0.8": [
        0.96
    ],
    "0.7": [
        0.9636363636363636
    ],
    "0.6": [
        0.9647887323943662
    ],
    "0.5": [
        0.9653679653679653
    ],
    "0.4": [
        0.967391304347826
    ],
    "0.3": [
        0.9596774193548387
    ],
    "0.2": [
        0.9736842105263158
    ],
    "0.1": [
        0.96875
    ]
}