{
    "inf": [
        0.8355329949238579
    ],
    "2": [
        0.8263959390862944
    ],
    "1.6": [
        0.8675496688741722
    ],
    "1.5": [
        0.8703703703703703
    ],
    "1.4": [
        0.8831488314883149
    ],
    "1.3": [
        0.9051383399209486
    ],
    "1.2": [
        0.9112676056338028
    ],
    "1.1": [
        0.9205607476635514
    ],
    "0.9": [
        0.94106463878327
    ],
    "0.8": [
        0.9470338983050848
    ],
    "0.7": [
        0.9491916859122402
    ],
    "0.6": [
        0.9553805774278216
    ],
    "0.5": [
        0.9497041420118343
    ],
    "0.4": [
        0.9528985507246377
    ],
    "0.3": [
        0.968609865470852
    ],
    "0.2": [
        0.9777777777777777
    ],
    "0.1": [
        0.975609756097561
    ]
}