{
    "inf": [
        0.8223350253807107
    ],
    "2": [
        0.8263959390862944
    ],
    "1.6": [
        0.8236493374108053
    ],
    "1.5": [
        0.826844262295082
    ],
    "1.4": [
        0.8314374353671148
    ],
    "1.3": [
        0.8354297693920335
    ],
    "1.2": [
        0.8394004282655246
    ],
    "1.1": [
        0.8483206933911159
    ],
    "0.9": [
        0.863169897377423
    ],
    "0.8": [
        0.8723897911832946
    ],
    "0.7": [
        0.8801452784503632
    ],
    "0.6": [
        0.8983481575603558
    ],
    "0.5": [
        0.9074074074074074
    ],
    "0.4": [
        0.9146005509641874
    ],
    "0.3": [
        0.9271137026239067
    ],
    "0.2": [
        0.9248826291079812
    ],
    "0.1": [
        0.9332191780821918
    ]
}