{
    "inf": [
        0.8263959390862944
    ],
    "2": [
        0.833502538071066
    ],
    "1.6": [
        0.8290685772773797
    ],
    "1.5": [
        0.8360995850622407
    ],
    "1.4": [
        0.8419388830347735
    ],
    "1.3": [
        0.8472222222222222
    ],
    "1.2": [
        0.8565217391304348
    ],
    "1.1": [
        0.864406779661017
    ],
    "0.9": [
        0.8844282238442822
    ],
    "0.8": [
        0.8953341740226987
    ],
    "0.7": [
        0.9036939313984169
    ],
    "0.6": [
        0.9203296703296703
    ],
    "0.5": [
        0.9223021582733812
    ],
    "0.4": [
        0.9287878787878788
    ],
    "0.3": [
        0.9397394136807817
    ],
    "0.2": [
        0.9419795221843004
    ],
    "0.1": [
        0.954183266932271
    ]
}