{
    "inf": [
        0.8456852791878172
    ],
    "2": [
        0.8436548223350254
    ],
    "1.6": [
        0.8425357873210634
    ],
    "1.5": [
        0.8483606557377049
    ],
    "1.4": [
        0.8491735537190083
    ],
    "1.3": [
        0.8517350157728707
    ],
    "1.2": [
        0.8602150537634409
    ],
    "1.1": [
        0.8679039301310044
    ],
    "0.9": [
        0.8925233644859814
    ],
    "0.8": [
        0.9030303030303031
    ],
    "0.7": [
        0.9185750636132316
    ],
    "0.6": [
        0.9280958721704394
    ],
    "0.5": [
        0.9318497913769124
    ],
    "0.4": [
        0.9351032448377581
    ],
    "0.3": [
        0.9473684210526315
    ],
    "0.2": [
        0.9505119453924915
    ],
    "0.1": [
        0.9563492063492064
    ]
}