{
    "inf": [
        0.8365482233502538
    ],
    "2": [
        0.8385786802030457
    ],
    "1.6": [
        0.8415132924335378
    ],
    "1.5": [
        0.8435870698644421
    ],
    "1.4": [
        0.8505263157894737
    ],
    "1.3": [
        0.8504772004241782
    ],
    "1.2": [
        0.8586839266450917
    ],
    "1.1": [
        0.8720800889877642
    ],
    "0.9": [
        0.8863636363636364
    ],
    "0.8": [
        0.9079445145018915
    ],
    "0.7": [
        0.9175531914893617
    ],
    "0.6": [
        0.926896551724138
    ],
    "0.5": [
        0.9399707174231332
    ],
    "0.4": [
        0.9400921658986175
    ],
    "0.3": [
        0.9458128078817734
    ],
    "0.2": [
        0.9454545454545454
    ],
    "0.1": [
        0.9595744680851064
    ]
}