{
    "inf": [
        0.8284263959390863
    ],
    "2": [
        0.8152284263959391
    ],
    "1.6": [
        0.8596698113207547
    ],
    "1.5": [
        0.8759791122715405
    ],
    "1.4": [
        0.9033189033189033
    ],
    "1.3": [
        0.9171875
    ],
    "1.2": [
        0.9205526770293609
    ],
    "1.1": [
        0.9338677354709419
    ],
    "0.9": [
        0.9623655913978495
    ],
    "0.8": [
        0.9693251533742331
    ],
    "0.7": [
        0.97265625
    ],
    "0.6": [
        0.9768518518518519
    ],
    "0.5": [
        0.9777777777777777
    ],
    "0.4": [
        0.9776119402985075
    ],
    "0.3": [
        0.98
    ],
    "0.2": [
        0.9777777777777777
    ],
    "0.1": [
        0.9333333333333333
    ]
}