{
    "inf": [
        0.8274111675126904
    ],
    "2": [
        0.8274111675126904
    ],
    "1.6": [
        0.829938900203666
    ],
    "1.5": [
        0.8360824742268042
    ],
    "1.4": [
        0.8369678089304258
    ],
    "1.3": [
        0.8422152560083594
    ],
    "1.2": [
        0.853035143769968
    ],
    "1.1": [
        0.8554476806903991
    ],
    "0.9": [
        0.8739977090492554
    ],
    "0.8": [
        0.8802816901408451
    ],
    "0.7": [
        0.8943488943488943
    ],
    "0.6": [
        0.9060052219321149
    ],
    "0.5": [
        0.9184782608695652
    ],
    "0.4": [
        0.924963924963925
    ],
    "0.3": [
        0.9301972685887708
    ],
    "0.2": [
        0.9377049180327869
    ],
    "0.1": [
        0.9506398537477148
    ]
}