{
    "inf": [
        0.8131979695431472
    ],
    "2": [
        0.8142131979695432
    ],
    "1.6": [
        0.8613138686131386
    ],
    "1.5": [
        0.875
    ],
    "1.4": [
        0.8884120171673819
    ],
    "1.3": [
        0.9052132701421801
    ],
    "1.2": [
        0.9157894736842105
    ],
    "1.1": [
        0.9289940828402367
    ],
    "0.9": [
        0.9516908212560387
    ],
    "0.8": [
        0.9634464751958225
    ],
    "0.7": [
        0.9698795180722891
    ],
    "0.6": [
        0.979381443298969
    ],
    "0.5": [
        0.9840637450199203
    ],
    "0.4": [
        0.9899497487437185
    ],
    "0.3": [
        0.993006993006993
    ],
    "0.2": [
        0.9893617021276596
    ],
    "0.1": [
        0.975609756097561
    ]
}