{
    "inf": [
        0.8294416243654822
    ],
    "2": [
        0.8233502538071066
    ],
    "1.6": [
        0.8402489626556017
    ],
    "1.5": [
        0.8422712933753943
    ],
    "1.4": [
        0.8505376344086022
    ],
    "1.3": [
        0.8585635359116022
    ],
    "1.2": [
        0.8624577226606539
    ],
    "1.1": [
        0.872093023255814
    ],
    "0.9": [
        0.8958868894601543
    ],
    "0.8": [
        0.901595744680851
    ],
    "0.7": [
        0.9069111424541608
    ],
    "0.6": [
        0.9154302670623146
    ],
    "0.5": [
        0.9227129337539433
    ],
    "0.4": [
        0.9302325581395349
    ],
    "0.3": [
        0.9385171790235082
    ],
    "0.2": [
        0.9436619718309859
    ],
    "0.1": [
        0.946969696969697
    ]
}