{
    "inf": [
        0.7939086294416243
    ],
    "2": [
        0.7959390862944162
    ],
    "1.6": [
        0.8
    ],
    "1.5": [
        0.8024564994882293
    ],
    "1.4": [
        0.8076525336091003
    ],
    "1.3": [
        0.8067226890756303
    ],
    "1.2": [
        0.8202368137782562
    ],
    "1.1": [
        0.8255555555555556
    ],
    "0.9": [
        0.8418549346016647
    ],
    "0.8": [
        0.8523153942428036
    ],
    "0.7": [
        0.866225165562914
    ],
    "0.6": [
        0.879382889200561
    ],
    "0.5": [
        0.8895522388059701
    ],
    "0.4": [
        0.9009584664536742
    ],
    "0.3": [
        0.9094076655052264
    ],
    "0.2": [
        0.9191321499013807
    ],
    "0.1": [
        0.9228915662650602
    ]
}