{
    "inf": [
        0.8507614213197969
    ],
    "2": [
        0.8619289340101522
    ],
    "1.6": [
        0.8609406952965235
    ],
    "1.5": [
        0.8635897435897436
    ],
    "1.4": [
        0.8686131386861314
    ],
    "1.3": [
        0.8771186440677966
    ],
    "1.2": [
        0.8794402583423035
    ],
    "1.1": [
        0.8851203501094091
    ],
    "0.9": [
        0.9016203703703703
    ],
    "0.8": [
        0.9021479713603818
    ],
    "0.7": [
        0.9105590062111801
    ],
    "0.6": [
        0.925974025974026
    ],
    "0.5": [
        0.9198369565217391
    ],
    "0.4": [
        0.9274537695590327
    ],
    "0.3": [
        0.9354354354354354
    ],
    "0.2": [
        0.9437299035369775
    ],
    "0.1": [
        0.9594843462246777
    ]
}