{
    "inf": [
        0.8182741116751269
    ],
    "2": [
        0.8223350253807107
    ],
    "1.6": [
        0.8259979529170931
    ],
    "1.5": [
        0.8319415448851775
    ],
    "1.4": [
        0.8357894736842105
    ],
    "1.3": [
        0.8396533044420368
    ],
    "1.2": [
        0.8442982456140351
    ],
    "1.1": [
        0.856156501726122
    ],
    "0.9": [
        0.8822055137844611
    ],
    "0.8": [
        0.8858625162127107
    ],
    "0.7": [
        0.8956639566395664
    ],
    "0.6": [
        0.9061166429587483
    ],
    "0.5": [
        0.9177679882525698
    ],
    "0.4": [
        0.9125
    ],
    "0.3": [
        0.9278350515463918
    ],
    "0.2": [
        0.9333333333333333
    ],
    "0.1": [
        0.9479392624728851
    ]
}