{
    "inf": [
        0.8020304568527918
    ],
    "2": [
        0.8121827411167513
    ],
    "1.6": [
        0.8030612244897959
    ],
    "1.5": [
        0.8077709611451943
    ],
    "1.4": [
        0.8152734778121775
    ],
    "1.3": [
        0.8218029350104822
    ],
    "1.2": [
        0.8294243070362474
    ],
    "1.1": [
        0.8413566739606126
    ],
    "0.9": [
        0.8545034642032333
    ],
    "0.8": [
        0.8615751789976134
    ],
    "0.7": [
        0.8765743073047859
    ],
    "0.6": [
        0.8838451268357811
    ],
    "0.5": [
        0.8901251738525731
    ],
    "0.4": [
        0.908284023668639
    ],
    "0.3": [
        0.9166666666666666
    ],
    "0.2": [
        0.9362068965517242
    ],
    "0.1": [
        0.9392789373814042
    ]
}