{
    "inf": [
        0.8263959390862944
    ],
    "2": [
        0.8243654822335026
    ],
    "1.6": [
        0.8396624472573839
    ],
    "1.5": [
        0.8517316017316018
    ],
    "1.4": [
        0.8598870056497175
    ],
    "1.3": [
        0.8757396449704142
    ],
    "1.2": [
        0.8947368421052632
    ],
    "1.1": [
        0.902088772845953
    ],
    "0.9": [
        0.9200581395348837
    ],
    "0.8": [
        0.928462709284627
    ],
    "0.7": [
        0.9372990353697749
    ],
    "0.6": [
        0.9454855195911414
    ],
    "0.5": [
        0.9489981785063752
    ],
    "0.4": [
        0.958498023715415
    ],
    "0.3": [
        0.9617021276595744
    ],
    "0.2": [
        0.9620253164556962
    ],
    "0.1": [
        0.970873786407767
    ]
}