{
    "inf": [
        0.8081218274111676
    ],
    "2": [
        0.8050761421319796
    ],
    "1.6": [
        0.8601485148514851
    ],
    "1.5": [
        0.8793342579750347
    ],
    "1.4": [
        0.8935185185185185
    ],
    "1.3": [
        0.9078726968174204
    ],
    "1.2": [
        0.9172794117647058
    ],
    "1.1": [
        0.9339019189765458
    ],
    "0.9": [
        0.9546666666666667
    ],
    "0.8": [
        0.9503105590062112
    ],
    "0.7": [
        0.9540636042402827
    ],
    "0.6": [
        0.9613733905579399
    ],
    "0.5": [
        0.9690721649484536
    ],
    "0.4": [
        0.9726027397260274
    ],
    "0.3": [
        0.970873786407767
    ],
    "0.2": [
        0.9824561403508771
    ],
    "0.1": [
        1.0
    ]
}