{
    "inf": [
        0.8050761421319796
    ],
    "2": [
        0.8030456852791878
    ],
    "1.6": [
        0.8036998972250771
    ],
    "1.5": [
        0.8128898128898129
    ],
    "1.4": [
        0.8117770767613038
    ],
    "1.3": [
        0.8223896663078579
    ],
    "1.2": [
        0.834070796460177
    ],
    "1.1": [
        0.8371040723981901
    ],
    "0.9": [
        0.8522167487684729
    ],
    "0.8": [
        0.8707571801566579
    ],
    "0.7": [
        0.8831710709318498
    ],
    "0.6": [
        0.8924889543446245
    ],
    "0.5": [
        0.910828025477707
    ],
    "0.4": [
        0.910958904109589
    ],
    "0.3": [
        0.9191176470588235
    ],
    "0.2": [
        0.9298969072164949
    ],
    "0.1": [
        0.9292929292929293
    ]
}