{
    "inf": [
        0.8060913705583757
    ],
    "2": [
        0.8020304568527918
    ],
    "1.6": [
        0.8131524008350731
    ],
    "1.5": [
        0.8208955223880597
    ],
    "1.4": [
        0.8283828382838284
    ],
    "1.3": [
        0.8358038768529077
    ],
    "1.2": [
        0.8551236749116607
    ],
    "1.1": [
        0.8703241895261845
    ],
    "0.9": [
        0.8915159944367177
    ],
    "0.8": [
        0.9015151515151515
    ],
    "0.7": [
        0.9142394822006472
    ],
    "0.6": [
        0.9225473321858864
    ],
    "0.5": [
        0.9324577861163227
    ],
    "0.4": [
        0.9390756302521008
    ],
    "0.3": [
        0.9387254901960784
    ],
    "0.2": [
        0.9498525073746312
    ],
    "0.1": [
        0.9547169811320755
    ]
}