{
    "inf": [
        0.8233502538071066
    ],
    "2": [
        0.8253807106598985
    ],
    "1.6": [
        0.819672131147541
    ],
    "1.5": [
        0.8259526261585994
    ],
    "1.4": [
        0.8321167883211679
    ],
    "1.3": [
        0.8398727465535525
    ],
    "1.2": [
        0.8503253796095445
    ],
    "1.1": [
        0.8544444444444445
    ],
    "0.9": [
        0.8673835125448028
    ],
    "0.8": [
        0.879950495049505
    ],
    "0.7": [
        0.8913612565445026
    ],
    "0.6": [
        0.9108635097493036
    ],
    "0.5": [
        0.9136163982430454
    ],
    "0.4": [
        0.9272151898734177
    ],
    "0.3": [
        0.9335548172757475
    ],
    "0.2": [
        0.9402985074626866
    ],
    "0.1": [
        0.9457013574660633
    ]
}