{
    "inf": [
        0.8162436548223351
    ],
    "2": [
        0.8142131979695432
    ],
    "1.6": [
        0.8669950738916257
    ],
    "1.5": [
        0.8915492957746479
    ],
    "1.4": [
        0.910355486862442
    ],
    "1.3": [
        0.9375
    ],
    "1.2": [
        0.9449715370018975
    ],
    "1.1": [
        0.9574468085106383
    ],
    "0.9": [
        0.9696132596685083
    ],
    "0.8": [
        0.9777777777777777
    ],
    "0.7": [
        0.9818840579710145
    ],
    "0.6": [
        0.990909090909091
    ],
    "0.5": [
        0.9888268156424581
    ],
    "0.4": [
        1.0
    ],
    "0.3": [
        1.0
    ],
    "0.2": [
        1.0
    ],
    "0.1": [
        1.0
    ]
}