{
    "inf": [
        0.8467005076142132
    ],
    "2": [
        0.8548223350253807
    ],
    "1.6": [
        0.8526970954356846
    ],
    "1.5": [
        0.8641188959660298
    ],
    "1.4": [
        0.8758099352051836
    ],
    "1.3": [
        0.8792912513842747
    ],
    "1.2": [
        0.8867276887871853
    ],
    "1.1": [
        0.9
    ],
    "0.9": [
        0.9157088122605364
    ],
    "0.8": [
        0.9232839838492598
    ],
    "0.7": [
        0.9373219373219374
    ],
    "0.6": [
        0.9443609022556391
    ],
    "0.5": [
        0.9496753246753247
    ],
    "0.4": [
        0.9571917808219178
    ],
    "0.3": [
        0.9589552238805971
    ],
    "0.2": [
        0.9567901234567902
    ],
    "0.1": [
        0.9592875318066157
    ]
}