{
    "inf": [
        0.8406091370558376
    ],
    "2": [
        0.8365482233502538
    ],
    "1.6": [
        0.8429158110882957
    ],
    "1.5": [
        0.8513513513513513
    ],
    "1.4": [
        0.8557894736842105
    ],
    "1.3": [
        0.8452508004268944
    ],
    "1.2": [
        0.8572972972972973
    ],
    "1.1": [
        0.8651933701657458
    ],
    "0.9": [
        0.8813953488372093
    ],
    "0.8": [
        0.887409200968523
    ],
    "0.7": [
        0.8963795255930087
    ],
    "0.6": [
        0.9156785243741765
    ],
    "0.5": [
        0.9214586255259467
    ],
    "0.4": [
        0.9288888888888889
    ],
    "0.3": [
        0.9395866454689984
    ],
    "0.2": [
        0.9388111888111889
    ],
    "0.1": [
        0.9489795918367347
    ]
}