{
    "inf": [
        0.817258883248731
    ],
    "2": [
        0.8233502538071066
    ],
    "1.6": [
        0.8194014447884417
    ],
    "1.5": [
        0.8373557187827911
    ],
    "1.4": [
        0.8397435897435898
    ],
    "1.3": [
        0.8453947368421053
    ],
    "1.2": [
        0.8617977528089887
    ],
    "1.1": [
        0.8672150411280846
    ],
    "0.9": [
        0.8852459016393442
    ],
    "0.8": [
        0.8992042440318302
    ],
    "0.7": [
        0.9081920903954802
    ],
    "0.6": [
        0.9164133738601824
    ],
    "0.5": [
        0.9243156199677939
    ],
    "0.4": [
        0.9420035149384886
    ],
    "0.3": [
        0.9473684210526315
    ],
    "0.2": [
        0.9652173913043478
    ],
    "0.1": [
        0.9665809768637532
    ]
}