{
    "inf": [
        0.8162436548223351
    ],
    "2": [
        0.8162436548223351
    ],
    "1.6": [
        0.831765935214211
    ],
    "1.5": [
        0.8418803418803419
    ],
    "1.4": [
        0.8447136563876652
    ],
    "1.3": [
        0.8654503990877993
    ],
    "1.2": [
        0.8705463182897862
    ],
    "1.1": [
        0.8879093198992444
    ],
    "0.9": [
        0.9089655172413793
    ],
    "0.8": [
        0.913946587537092
    ],
    "0.7": [
        0.9296875
    ],
    "0.6": [
        0.9348914858096828
    ],
    "0.5": [
        0.9319852941176471
    ],
    "0.4": [
        0.9473684210526315
    ],
    "0.3": [
        0.9503386004514672
    ],
    "0.2": [
        0.9508196721311475
    ],
    "0.1": [
        0.9615384615384616
    ]
}