{
    "inf": [
        0.7949238578680203
    ],
    "2": [
        0.7949238578680203
    ],
    "1.6": [
        0.8111455108359134
    ],
    "1.5": [
        0.8172268907563025
    ],
    "1.4": [
        0.8207847295864263
    ],
    "1.3": [
        0.8208469055374593
    ],
    "1.2": [
        0.8327759197324415
    ],
    "1.1": [
        0.8406466512702079
    ],
    "0.9": [
        0.8674846625766871
    ],
    "0.8": [
        0.8815286624203822
    ],
    "0.7": [
        0.8947368421052632
    ],
    "0.6": [
        0.9040902679830748
    ],
    "0.5": [
        0.9211309523809523
    ],
    "0.4": [
        0.9276729559748428
    ],
    "0.3": [
        0.9414715719063546
    ],
    "0.2": [
        0.9538745387453874
    ],
    "0.1": [
        0.9590163934426229
    ]
}