{
    "inf": [
        0.8030456852791878
    ],
    "2": [
        0.8162436548223351
    ],
    "1.6": [
        0.8144654088050315
    ],
    "1.5": [
        0.824945295404814
    ],
    "1.4": [
        0.8431151241534989
    ],
    "1.3": [
        0.8488095238095238
    ],
    "1.2": [
        0.8603773584905661
    ],
    "1.1": [
        0.8758620689655172
    ],
    "0.9": [
        0.9027552674230146
    ],
    "0.8": [
        0.9154676258992805
    ],
    "0.7": [
        0.9244186046511628
    ],
    "0.6": [
        0.9453302961275627
    ],
    "0.5": [
        0.9493670886075949
    ],
    "0.4": [
        0.9465875370919882
    ],
    "0.3": [
        0.9444444444444444
    ],
    "0.2": [
        0.9504132231404959
    ],
    "0.1": [
        0.9595375722543352
    ]
}