{
    "inf": [
        0.8233502538071066
    ],
    "2": [
        0.8223350253807107
    ],
    "1.6": [
        0.8228105906313645
    ],
    "1.5": [
        0.8288659793814434
    ],
    "1.4": [
        0.8340248962655602
    ],
    "1.3": [
        0.8366701791359326
    ],
    "1.2": [
        0.8456591639871383
    ],
    "1.1": [
        0.8532008830022075
    ],
    "0.9": [
        0.8690058479532163
    ],
    "0.8": [
        0.8779904306220095
    ],
    "0.7": [
        0.8940731399747793
    ],
    "0.6": [
        0.9096945551128818
    ],
    "0.5": [
        0.9135802469135802
    ],
    "0.4": [
        0.9266187050359712
    ],
    "0.3": [
        0.9360730593607306
    ],
    "0.2": [
        0.9483333333333334
    ],
    "0.1": [
        0.9544592030360531
    ]
}