{
    "inf": [
        0.8314720812182741
    ],
    "2": [
        0.8304568527918782
    ],
    "1.6": [
        0.8353909465020576
    ],
    "1.5": [
        0.8412371134020619
    ],
    "1.4": [
        0.845350052246604
    ],
    "1.3": [
        0.8578947368421053
    ],
    "1.2": [
        0.8537378114842904
    ],
    "1.1": [
        0.8741648106904232
    ],
    "0.9": [
        0.8921453692848769
    ],
    "0.8": [
        0.9008464328899637
    ],
    "0.7": [
        0.9097839898348158
    ],
    "0.6": [
        0.918848167539267
    ],
    "0.5": [
        0.9339752407152683
    ],
    "0.4": [
        0.9335260115606936
    ],
    "0.3": [
        0.9428129829984544
    ],
    "0.2": [
        0.9536423841059603
    ],
    "0.1": [
        0.9658444022770398
    ]
}