{
    "inf": [
        0.7593908629441625
    ],
    "2": [
        0.7614213197969543
    ],
    "1.6": [
        0.8356510745891277
    ],
    "1.5": [
        0.8541666666666666
    ],
    "1.4": [
        0.8768996960486323
    ],
    "1.3": [
        0.8939393939393939
    ],
    "1.2": [
        0.9264990328820116
    ],
    "1.1": [
        0.9345991561181435
    ],
    "0.9": [
        0.9435483870967742
    ],
    "0.8": [
        0.9610778443113772
    ],
    "0.7": [
        0.9653979238754326
    ],
    "0.6": [
        0.9755102040816327
    ],
    "0.5": [
        0.9808612440191388
    ],
    "0.4": [
        0.9754601226993865
    ],
    "0.3": [
        0.9911504424778761
    ],
    "0.2": [
        0.9861111111111112
    ],
    "0.1": [
        1.0
    ]
}