{
    "inf": [
        0.8365482233502538
    ],
    "2": [
        0.8426395939086294
    ],
    "1.6": [
        0.8404907975460123
    ],
    "1.5": [
        0.8475798146240988
    ],
    "1.4": [
        0.8592436974789915
    ],
    "1.3": [
        0.8644610458911419
    ],
    "1.2": [
        0.8664495114006515
    ],
    "1.1": [
        0.8743109151047409
    ],
    "0.9": [
        0.8888888888888888
    ],
    "0.8": [
        0.9089805825242718
    ],
    "0.7": [
        0.9116161616161617
    ],
    "0.6": [
        0.929144385026738
    ],
    "0.5": [
        0.9368863955119214
    ],
    "0.4": [
        0.9442815249266863
    ],
    "0.3": [
        0.9548286604361371
    ],
    "0.2": [
        0.9625212947189097
    ],
    "0.1": [
        0.9649122807017544
    ]
}