{
    "inf": [
        0.8040609137055837
    ],
    "2": [
        0.8
    ],
    "1.6": [
        0.8010204081632653
    ],
    "1.5": [
        0.8002049180327869
    ],
    "1.4": [
        0.8084449021627188
    ],
    "1.3": [
        0.8135416666666667
    ],
    "1.2": [
        0.8109820485744457
    ],
    "1.1": [
        0.8244274809160306
    ],
    "0.9": [
        0.8406139315230224
    ],
    "0.8": [
        0.8590852904820766
    ],
    "0.7": [
        0.8602564102564103
    ],
    "0.6": [
        0.8812154696132597
    ],
    "0.5": [
        0.891970802919708
    ],
    "0.4": [
        0.9071207430340558
    ],
    "0.3": [
        0.9180602006688964
    ],
    "0.2": [
        0.9225225225225225
    ],
    "0.1": [
        0.9393939393939394
    ]
}