{
    "inf": [
        0.8406091370558376
    ],
    "2": [
        0.8426395939086294
    ],
    "1.6": [
        0.8389398572884812
    ],
    "1.5": [
        0.8411885245901639
    ],
    "1.4": [
        0.8549060542797495
    ],
    "1.3": [
        0.857293868921776
    ],
    "1.2": [
        0.8540772532188842
    ],
    "1.1": [
        0.8605664488017429
    ],
    "0.9": [
        0.8686046511627907
    ],
    "0.8": [
        0.8863636363636364
    ],
    "0.7": [
        0.9053708439897699
    ],
    "0.6": [
        0.918809201623816
    ],
    "0.5": [
        0.9246088193456614
    ],
    "0.4": [
        0.9296407185628742
    ],
    "0.3": [
        0.9321192052980133
    ],
    "0.2": [
        0.9389587073608617
    ],
    "0.1": [
        0.9449152542372882
    ]
}