{
    "inf": [
        0.7959390862944162
    ],
    "2": [
        0.7959390862944162
    ],
    "1.6": [
        0.8016528925619835
    ],
    "1.5": [
        0.8073684210526316
    ],
    "1.4": [
        0.822198275862069
    ],
    "1.3": [
        0.8272425249169435
    ],
    "1.2": [
        0.8373702422145328
    ],
    "1.1": [
        0.847457627118644
    ],
    "0.9": [
        0.8695073235685752
    ],
    "0.8": [
        0.8815977175463623
    ],
    "0.7": [
        0.8923766816143498
    ],
    "0.6": [
        0.8998384491114702
    ],
    "0.5": [
        0.9073426573426573
    ],
    "0.4": [
        0.9202226345083488
    ],
    "0.3": [
        0.917184265010352
    ],
    "0.2": [
        0.9328537170263789
    ],
    "0.1": [
        0.9424242424242424
    ]
}