{
    "inf": [
        0.8192893401015229
    ],
    "2": [
        0.8223350253807107
    ],
    "1.6": [
        0.8318042813455657
    ],
    "1.5": [
        0.8333333333333334
    ],
    "1.4": [
        0.8385093167701864
    ],
    "1.3": [
        0.8397905759162304
    ],
    "1.2": [
        0.847457627118644
    ],
    "1.1": [
        0.8516129032258064
    ],
    "0.9": [
        0.8617977528089887
    ],
    "0.8": [
        0.8776470588235294
    ],
    "0.7": [
        0.8902589395807645
    ],
    "0.6": [
        0.9086229086229086
    ],
    "0.5": [
        0.9132176234979973
    ],
    "0.4": [
        0.9203296703296703
    ],
    "0.3": [
        0.9315866084425036
    ],
    "0.2": [
        0.9385826771653544
    ],
    "0.1": [
        0.948905109489051
    ]
}