{
    "inf": [
        0.7705583756345178
    ],
    "2": [
        0.7766497461928934
    ],
    "1.6": [
        0.8486005089058524
    ],
    "1.5": [
        0.8688981868898187
    ],
    "1.4": [
        0.875
    ],
    "1.3": [
        0.8927973199329984
    ],
    "1.2": [
        0.9117082533589251
    ],
    "1.1": [
        0.9256900212314225
    ],
    "0.9": [
        0.9601063829787234
    ],
    "0.8": [
        0.9655172413793104
    ],
    "0.7": [
        0.973384030418251
    ],
    "0.6": [
        0.9775784753363229
    ],
    "0.5": [
        0.9792746113989638
    ],
    "0.4": [
        0.9731543624161074
    ],
    "0.3": [
        0.9907407407407407
    ],
    "0.2": [
        0.9827586206896551
    ],
    "0.1": [
        1.0
    ]
}