{
    "inf": [
        0.8365482233502538
    ],
    "2": [
        0.833502538071066
    ],
    "1.6": [
        0.8340122199592668
    ],
    "1.5": [
        0.8382804503582395
    ],
    "1.4": [
        0.840956340956341
    ],
    "1.3": [
        0.8403805496828752
    ],
    "1.2": [
        0.8547008547008547
    ],
    "1.1": [
        0.8586956521739131
    ],
    "0.9": [
        0.8812572759022119
    ],
    "0.8": [
        0.8831325301204819
    ],
    "0.7": [
        0.8972431077694235
    ],
    "0.6": [
        0.9092105263157895
    ],
    "0.5": [
        0.9128630705394191
    ],
    "0.4": [
        0.9228529839883551
    ],
    "0.3": [
        0.9301242236024845
    ],
    "0.2": [
        0.9417637271214643
    ],
    "0.1": [
        0.9424860853432282
    ]
}