{
    "inf": [
        0.8446700507614213
    ],
    "2": [
        0.8456852791878172
    ],
    "1.6": [
        0.8463886063072228
    ],
    "1.5": [
        0.852880658436214
    ],
    "1.4": [
        0.858480749219563
    ],
    "1.3": [
        0.8610526315789474
    ],
    "1.2": [
        0.8643702906350915
    ],
    "1.1": [
        0.8668122270742358
    ],
    "0.9": [
        0.8944900351699883
    ],
    "0.8": [
        0.9013398294762485
    ],
    "0.7": [
        0.9072426937738246
    ],
    "0.6": [
        0.9132720105124835
    ],
    "0.5": [
        0.9181692094313454
    ],
    "0.4": [
        0.9236417033773862
    ],
    "0.3": [
        0.932601880877743
    ],
    "0.2": [
        0.945993031358885
    ],
    "0.1": [
        0.9552845528455285
    ]
}