{
    "inf": [
        0.8609137055837564
    ],
    "2": [
        0.8507614213197969
    ],
    "1.6": [
        0.8513238289205702
    ],
    "1.5": [
        0.8574358974358974
    ],
    "1.4": [
        0.8531540847983454
    ],
    "1.3": [
        0.856694560669456
    ],
    "1.2": [
        0.8685897435897436
    ],
    "1.1": [
        0.8668831168831169
    ],
    "0.9": [
        0.875
    ],
    "0.8": [
        0.8900836320191159
    ],
    "0.7": [
        0.8991282689912827
    ],
    "0.6": [
        0.9088541666666666
    ],
    "0.5": [
        0.9187675070028011
    ],
    "0.4": [
        0.9365781710914455
    ],
    "0.3": [
        0.9433656957928802
    ],
    "0.2": [
        0.9450171821305842
    ],
    "0.1": [
        0.9573170731707317
    ]
}