{
    "inf": [
        0.8203045685279188
    ],
    "2": [
        0.8142131979695432
    ],
    "1.6": [
        0.8212809917355371
    ],
    "1.5": [
        0.8333333333333334
    ],
    "1.4": [
        0.8405951115834219
    ],
    "1.3": [
        0.8498367791077258
    ],
    "1.2": [
        0.855715871254162
    ],
    "1.1": [
        0.8701149425287357
    ],
    "0.9": [
        0.8825710754017305
    ],
    "0.8": [
        0.891644908616188
    ],
    "0.7": [
        0.9145658263305322
    ],
    "0.6": [
        0.9342301943198804
    ],
    "0.5": [
        0.9407051282051282
    ],
    "0.4": [
        0.9494097807757167
    ],
    "0.3": [
        0.9552238805970149
    ],
    "0.2": [
        0.9572301425661914
    ],
    "0.1": [
        0.9612590799031477
    ]
}