{
    "inf": [
        0.8182741116751269
    ],
    "2": [
        0.8131979695431472
    ],
    "1.6": [
        0.817060637204522
    ],
    "1.5": [
        0.8178053830227743
    ],
    "1.4": [
        0.8221052631578948
    ],
    "1.3": [
        0.8344017094017094
    ],
    "1.2": [
        0.8344226579520697
    ],
    "1.1": [
        0.852808988764045
    ],
    "0.9": [
        0.8728813559322034
    ],
    "0.8": [
        0.885
    ],
    "0.7": [
        0.8926701570680629
    ],
    "0.6": [
        0.9135977337110481
    ],
    "0.5": [
        0.9177877428998505
    ],
    "0.4": [
        0.919047619047619
    ],
    "0.3": [
        0.9354838709677419
    ],
    "0.2": [
        0.9418386491557224
    ],
    "0.1": [
        0.9541484716157205
    ]
}