{
    "inf": [
        0.8101522842639594
    ],
    "2": [
        0.8182741116751269
    ],
    "1.6": [
        0.8331584470094439
    ],
    "1.5": [
        0.8498920086393088
    ],
    "1.4": [
        0.8557268722466961
    ],
    "1.3": [
        0.8623435722411832
    ],
    "1.2": [
        0.8656361474435196
    ],
    "1.1": [
        0.8816936488169365
    ],
    "0.9": [
        0.9078404401650619
    ],
    "0.8": [
        0.9230769230769231
    ],
    "0.7": [
        0.9307692307692308
    ],
    "0.6": [
        0.935
    ],
    "0.5": [
        0.9492753623188406
    ],
    "0.4": [
        0.9558232931726908
    ],
    "0.3": [
        0.9622222222222222
    ],
    "0.2": [
        0.9689922480620154
    ],
    "0.1": [
        0.9691780821917808
    ]
}