{
    "inf": [
        0.8517766497461929
    ],
    "2": [
        0.849746192893401
    ],
    "1.6": [
        0.8594871794871795
    ],
    "1.5": [
        0.8673684210526316
    ],
    "1.4": [
        0.8745980707395499
    ],
    "1.3": [
        0.8785871964679912
    ],
    "1.2": [
        0.8843069873997709
    ],
    "1.1": [
        0.8920521945432978
    ],
    "0.9": [
        0.9118028534370947
    ],
    "0.8": [
        0.9284731774415406
    ],
    "0.7": [
        0.9295154185022027
    ],
    "0.6": [
        0.9391575663026521
    ],
    "0.5": [
        0.9435215946843853
    ],
    "0.4": [
        0.9441441441441442
    ],
    "0.3": [
        0.9552845528455285
    ],
    "0.2": [
        0.9665071770334929
    ],
    "0.1": [
        0.9748427672955975
    ]
}