{
    "inf": [
        0.8131979695431472
    ],
    "2": [
        0.8121827411167513
    ],
    "1.6": [
        0.8169734151329243
    ],
    "1.5": [
        0.8210961737331954
    ],
    "1.4": [
        0.8202716823406478
    ],
    "1.3": [
        0.8290870488322718
    ],
    "1.2": [
        0.8411316648531012
    ],
    "1.1": [
        0.8452914798206278
    ],
    "0.9": [
        0.866504854368932
    ],
    "0.8": [
        0.8771929824561403
    ],
    "0.7": [
        0.8877146631439894
    ],
    "0.6": [
        0.8979020979020979
    ],
    "0.5": [
        0.9013254786450663
    ],
    "0.4": [
        0.9145962732919255
    ],
    "0.3": [
        0.9232081911262798
    ],
    "0.2": [
        0.9245283018867925
    ],
    "0.1": [
        0.9469026548672567
    ]
}