{
    "inf": [
        0.8263959390862944
    ],
    "2": [
        0.8243654822335026
    ],
    "1.6": [
        0.8317948717948718
    ],
    "1.5": [
        0.8326446280991735
    ],
    "1.4": [
        0.8505263157894737
    ],
    "1.3": [
        0.8489751887810141
    ],
    "1.2": [
        0.8549280177187154
    ],
    "1.1": [
        0.8695163104611924
    ],
    "0.9": [
        0.8827160493827161
    ],
    "0.8": [
        0.8932655654383735
    ],
    "0.7": [
        0.9059139784946236
    ],
    "0.6": [
        0.9154929577464789
    ],
    "0.5": [
        0.9271916790490342
    ],
    "0.4": [
        0.93125
    ],
    "0.3": [
        0.9452054794520548
    ],
    "0.2": [
        0.9572490706319703
    ],
    "0.1": [
        0.9699769053117783
    ]
}