{
    "inf": [
        0.1766497461928934
    ],
    "2": [
        0.19086294416243654
    ],
    "1.6": [
        0.19432773109243698
    ],
    "1.5": [
        0.18634423897581792
    ],
    "1.4": [
        0.1453287197231834
    ],
    "1.3": [
        0.20833333333333334
    ],
    "1.2": [
        0.08823529411764706
    ],
    "1.1": [
        0.07142857142857142
    ],
    "0.9": [
        0.0
    ],
    "0.8": [
        0.0
    ],
    "0.7": [
        0.0
    ],
    "0.6": [
        0.0
    ],
    "0.5": [
        null
    ],
    "0.4": [
        0.0
    ],
    "0.3": [
        null
    ],
    "0.2": [
        null
    ],
    "0.1": [
        null
    ]
}