{
    "inf": [
        0.16040609137055836
    ],
    "2": [
        0.18781725888324874
    ],
    "1.6": [
        0.1956521739130435
    ],
    "1.5": [
        0.1744186046511628
    ],
    "1.4": [
        0.21359223300970873
    ],
    "1.3": [
        0.18421052631578946
    ],
    "1.2": [
        0.0
    ],
    "1.1": [
        0.0
    ],
    "0.9": [
        null
    ],
    "0.8": [
        null
    ],
    "0.7": [
        null
    ],
    "0.6": [
        null
    ],
    "0.5": [
        null
    ],
    "0.4": [
        null
    ],
    "0.3": [
        null
    ],
    "0.2": [
        null
    ],
    "0.1": [
        null
    ]
}