{
    "inf": [
        0.8324873096446701
    ],
    "2": [
        0.8324873096446701
    ],
    "1.6": [
        0.8267074413863404
    ],
    "1.5": [
        0.8372811534500515
    ],
    "1.4": [
        0.8435870698644421
    ],
    "1.3": [
        0.8421610169491526
    ],
    "1.2": [
        0.8587075575027382
    ],
    "1.1": [
        0.8614525139664805
    ],
    "0.9": [
        0.8916256157635468
    ],
    "0.8": [
        0.905422446406053
    ],
    "0.7": [
        0.91268758526603
    ],
    "0.6": [
        0.9284692417739628
    ],
    "0.5": [
        0.926605504587156
    ],
    "0.4": [
        0.941747572815534
    ],
    "0.3": [
        0.9373913043478261
    ],
    "0.2": [
        0.9458413926499033
    ],
    "0.1": [
        0.9314420803782506
    ]
}