{
    "inf": [
        0.14822335025380712
    ],
    "2": [
        0.14923857868020304
    ],
    "1.6": [
        0.14822335025380712
    ],
    "1.5": [
        0.1612565445026178
    ],
    "1.4": [
        0.17012987012987013
    ],
    "1.3": [
        0.1449814126394052
    ],
    "1.2": [
        0.18705035971223022
    ],
    "1.1": [
        0.1693548387096774
    ],
    "0.9": [
        0.24324324324324326
    ],
    "0.8": [
        0.0
    ],
    "0.7": [
        0.08333333333333333
    ],
    "0.6": [
        0.0
    ],
    "0.5": [
        0.0
    ],
    "0.4": [
        0.0
    ],
    "0.3": [
        0.0
    ],
    "0.2": [
        0.0
    ],
    "0.1": [
        0.0
    ]
}