{
    "inf": [
        0.25888324873096447
    ],
    "2": [
        0.22842639593908629
    ],
    "1.6": [
        0.24273858921161826
    ],
    "1.5": [
        0.2582216808769793
    ],
    "1.4": [
        0.2706333973128599
    ],
    "1.3": [
        0.27074235807860264
    ],
    "1.2": [
        0.19047619047619047
    ],
    "1.1": [
        0.25925925925925924
    ],
    "0.9": [
        0.5
    ],
    "0.8": [
        null
    ],
    "0.7": [
        null
    ],
    "0.6": [
        null
    ],
    "0.5": [
        null
    ],
    "0.4": [
        null
    ],
    "0.3": [
        null
    ],
    "0.2": [
        null
    ],
    "0.1": [
        null
    ]
}