{
    "inf": [
        0.12791878172588833
    ],
    "2": [
        0.11979695431472082
    ],
    "1.6": [
        0.11488250652741515
    ],
    "1.5": [
        0.10572687224669604
    ],
    "1.4": [
        0.14601769911504425
    ],
    "1.3": [
        0.10091743119266056
    ],
    "1.2": [
        0.03225806451612903
    ],
    "1.1": [
        0.16666666666666666
    ],
    "0.9": [
        0.0
    ],
    "0.8": [
        0.0
    ],
    "0.7": [
        0.0
    ],
    "0.6": [
        0.0
    ],
    "0.5": [
        0.0
    ],
    "0.4": [
        null
    ],
    "0.3": [
        null
    ],
    "0.2": [
        0.0
    ],
    "0.1": [
        null
    ]
}