{
    "inf": [
        0.1431472081218274
    ],
    "2": [
        0.1431472081218274
    ],
    "1.6": [
        0.1431472081218274
    ],
    "1.5": [
        0.1431472081218274
    ],
    "1.4": [
        0.1431472081218274
    ],
    "1.3": [
        0.14343845371312308
    ],
    "1.2": [
        0.14315569487983282
    ],
    "1.1": [
        0.1431693989071038
    ],
    "0.9": [
        0.15117891816920942
    ],
    "0.8": [
        0.13879598662207357
    ],
    "0.7": [
        0.1482213438735178
    ],
    "0.6": [
        0.15555555555555556
    ],
    "0.5": [
        0.14193548387096774
    ],
    "0.4": [
        0.16363636363636364
    ],
    "0.3": [
        0.16352201257861634
    ],
    "0.2": [
        0.17543859649122806
    ],
    "0.1": [
        0.23333333333333334
    ]
}