{
    "inf": [
        0.8294416243654822
    ],
    "2": [
        0.8304568527918782
    ],
    "1.6": [
        0.8304568527918782
    ],
    "1.5": [
        0.8355464759959143
    ],
    "1.4": [
        0.8403707518022657
    ],
    "1.3": [
        0.8345473465140478
    ],
    "1.2": [
        0.8498942917547568
    ],
    "1.1": [
        0.8562300319488818
    ],
    "0.9": [
        0.8674033149171271
    ],
    "0.8": [
        0.8687782805429864
    ],
    "0.7": [
        0.8844339622641509
    ],
    "0.6": [
        0.8932038834951457
    ],
    "0.5": [
        0.8995037220843672
    ],
    "0.4": [
        0.9067357512953368
    ],
    "0.3": [
        0.9192462987886945
    ],
    "0.2": [
        0.9306930693069307
    ],
    "0.1": [
        0.9462875197472354
    ]
}