{
    "inf": [
        0.1766497461928934
    ],
    "2": [
        0.18375634517766498
    ],
    "1.6": [
        0.13861386138613863
    ],
    "1.5": [
        0.12280701754385964
    ],
    "1.4": [
        0.0
    ],
    "1.3": [
        0.0
    ],
    "1.2": [
        0.125
    ],
    "1.1": [
        0.0
    ],
    "0.9": [
        0.0
    ],
    "0.8": [
        0.0
    ],
    "0.7": [
        0.0
    ],
    "0.6": [
        0.0
    ],
    "0.5": [
        null
    ],
    "0.4": [
        null
    ],
    "0.3": [
        null
    ],
    "0.2": [
        null
    ],
    "0.1": [
        null
    ]
}