{
    "inf": [
        0.8507614213197969
    ],
    "2": [
        0.8538071065989847
    ],
    "1.6": [
        0.8526422764227642
    ],
    "1.5": [
        0.8540816326530613
    ],
    "1.4": [
        0.8548057259713702
    ],
    "1.3": [
        0.8564102564102564
    ],
    "1.2": [
        0.856404958677686
    ],
    "1.1": [
        0.8613138686131386
    ],
    "0.9": [
        0.8744635193133047
    ],
    "0.8": [
        0.8819672131147541
    ],
    "0.7": [
        0.8887652947719689
    ],
    "0.6": [
        0.9006849315068494
    ],
    "0.5": [
        0.9084588644264194
    ],
    "0.4": [
        0.9217809867629362
    ],
    "0.3": [
        0.9353233830845771
    ],
    "0.2": [
        0.9412532637075718
    ],
    "0.1": [
        0.9495798319327731
    ]
}