{
    "inf": [
        0.27614213197969545
    ],
    "2": [
        0.27715736040609135
    ],
    "1.6": [
        0.2781725888324873
    ],
    "1.5": [
        0.27715736040609135
    ],
    "1.4": [
        0.27715736040609135
    ],
    "1.3": [
        0.27726809378185524
    ],
    "1.2": [
        0.27909371781668385
    ],
    "1.1": [
        0.2751322751322751
    ],
    "0.9": [
        0.2860927152317881
    ],
    "0.8": [
        0.2775862068965517
    ],
    "0.7": [
        0.25365853658536586
    ],
    "0.6": [
        0.27835051546391754
    ],
    "0.5": [
        0.22137404580152673
    ],
    "0.4": [
        0.29545454545454547
    ],
    "0.3": [
        0.47058823529411764
    ],
    "0.2": [
        0.4
    ],
    "0.1": [
        0.2
    ]
}