{
    "inf": [
        0.09441624365482233
    ],
    "2": [
        0.10862944162436548
    ],
    "1.6": [
        0.09100418410041841
    ],
    "1.5": [
        0.09497816593886463
    ],
    "1.4": [
        0.09820359281437126
    ],
    "1.3": [
        0.09959623149394348
    ],
    "1.2": [
        0.0899390243902439
    ],
    "1.1": [
        0.10074626865671642
    ],
    "0.9": [
        0.0959409594095941
    ],
    "0.8": [
        0.08152173913043478
    ],
    "0.7": [
        0.07058823529411765
    ],
    "0.6": [
        0.0
    ],
    "0.5": [
        0.0
    ],
    "0.4": [
        0.0
    ],
    "0.3": [
        0.0
    ],
    "0.2": [
        0.0
    ],
    "0.1": [
        0.0
    ]
}