{
    "inf": [
        0.22030456852791877
    ],
    "2": [
        0.24060913705583756
    ],
    "1.6": [
        0.20752797558494404
    ],
    "1.5": [
        0.2098635886673662
    ],
    "1.4": [
        0.2445961319681456
    ],
    "1.3": [
        0.2202852614896989
    ],
    "1.2": [
        0.24019607843137256
    ],
    "1.1": [
        0.23636363636363636
    ],
    "0.9": [
        0.05
    ],
    "0.8": [
        0.1111111111111111
    ],
    "0.7": [
        0.0
    ],
    "0.6": [
        0.0
    ],
    "0.5": [
        null
    ],
    "0.4": [
        null
    ],
    "0.3": [
        null
    ],
    "0.2": [
        null
    ],
    "0.1": [
        null
    ]
}