{
    "inf": [
        0.8324873096446701
    ],
    "2": [
        0.8314720812182741
    ],
    "1.6": [
        0.8324873096446701
    ],
    "1.5": [
        0.8324873096446701
    ],
    "1.4": [
        0.8313008130081301
    ],
    "1.3": [
        0.8340122199592668
    ],
    "1.2": [
        0.8346938775510204
    ],
    "1.1": [
        0.8395061728395061
    ],
    "0.9": [
        0.8481012658227848
    ],
    "0.8": [
        0.8680479825517994
    ],
    "0.7": [
        0.8808172531214529
    ],
    "0.6": [
        0.8923076923076924
    ],
    "0.5": [
        0.9016990291262136
    ],
    "0.4": [
        0.9081761006289308
    ],
    "0.3": [
        0.9187418086500655
    ],
    "0.2": [
        0.9311797752808989
    ],
    "0.1": [
        0.9422492401215805
    ]
}