{
    "inf": [
        0.1401015228426396
    ],
    "2": [
        0.14923857868020304
    ],
    "1.6": [
        0.1425661914460285
    ],
    "1.5": [
        0.13201663201663202
    ],
    "1.4": [
        0.14675767918088736
    ],
    "1.3": [
        0.13259668508287292
    ],
    "1.2": [
        0.12410071942446044
    ],
    "1.1": [
        0.12398921832884097
    ],
    "0.9": [
        0.10526315789473684
    ],
    "0.8": [
        0.125
    ],
    "0.7": [
        0.07407407407407407
    ],
    "0.6": [
        0.0
    ],
    "0.5": [
        0.0
    ],
    "0.4": [
        0.0
    ],
    "0.3": [
        0.0
    ],
    "0.2": [
        0.0
    ],
    "0.1": [
        null
    ]
}