{
    "inf": [
        0.8324873096446701
    ],
    "2": [
        0.833502538071066
    ],
    "1.6": [
        0.8301119023397762
    ],
    "1.5": [
        0.8326530612244898
    ],
    "1.4": [
        0.8350409836065574
    ],
    "1.3": [
        0.8362512873326468
    ],
    "1.2": [
        0.8382045929018789
    ],
    "1.1": [
        0.846723044397463
    ],
    "0.9": [
        0.8668146503884573
    ],
    "0.8": [
        0.8761467889908257
    ],
    "0.7": [
        0.8871733966745843
    ],
    "0.6": [
        0.9016189290161893
    ],
    "0.5": [
        0.9081632653061225
    ],
    "0.4": [
        0.917989417989418
    ],
    "0.3": [
        0.9197786998616874
    ],
    "0.2": [
        0.9270833333333334
    ],
    "0.1": [
        0.9381107491856677
    ]
}