{
    "inf": [
        0.8639593908629442
    ],
    "2": [
        0.86497461928934
    ],
    "1.6": [
        0.8629441624365483
    ],
    "1.5": [
        0.8617886178861789
    ],
    "1.4": [
        0.8644240570846076
    ],
    "1.3": [
        0.8644240570846076
    ],
    "1.2": [
        0.8661899897854954
    ],
    "1.1": [
        0.8726708074534162
    ],
    "0.9": [
        0.8862911795961743
    ],
    "0.8": [
        0.894907908992416
    ],
    "0.7": [
        0.9069767441860465
    ],
    "0.6": [
        0.9147465437788018
    ],
    "0.5": [
        0.9233532934131736
    ],
    "0.4": [
        0.9282178217821783
    ],
    "0.3": [
        0.9319640564826701
    ],
    "0.2": [
        0.9336043360433605
    ],
    "0.1": [
        0.9531013615733737
    ]
}