{
    "inf": [
        0.05786802030456853
    ],
    "2": [
        0.08527918781725888
    ],
    "1.6": [
        0.07894736842105263
    ],
    "1.5": [
        0.0967741935483871
    ],
    "1.4": [
        0.1
    ],
    "1.3": [
        0.08695652173913043
    ],
    "1.2": [
        0.0
    ],
    "1.1": [
        0.0
    ],
    "0.9": [
        0.0
    ],
    "0.8": [
        0.0
    ],
    "0.7": [
        0.0
    ],
    "0.6": [
        null
    ],
    "0.5": [
        null
    ],
    "0.4": [
        null
    ],
    "0.3": [
        null
    ],
    "0.2": [
        null
    ],
    "0.1": [
        null
    ]
}