{
    "inf": [
        0.08426395939086294
    ],
    "2": [
        0.08426395939086294
    ],
    "1.6": [
        0.08426395939086294
    ],
    "1.5": [
        0.08426395939086294
    ],
    "1.4": [
        0.08426395939086294
    ],
    "1.3": [
        0.08426395939086294
    ],
    "1.2": [
        0.08426395939086294
    ],
    "1.1": [
        0.08426395939086294
    ],
    "0.9": [
        0.08426395939086294
    ],
    "0.8": [
        0.08426395939086294
    ],
    "0.7": [
        0.08426395939086294
    ],
    "0.6": [
        0.08426395939086294
    ],
    "0.5": [
        0.08434959349593496
    ],
    "0.4": [
        0.08434959349593496
    ],
    "0.3": [
        0.08434959349593496
    ],
    "0.2": [
        0.0836734693877551
    ],
    "0.1": [
        0.08176795580110498
    ]
}