{
    "inf": [
        0.07918781725888324
    ],
    "2": [
        0.07715736040609138
    ],
    "1.6": [
        0.07668711656441718
    ],
    "1.5": [
        0.07377049180327869
    ],
    "1.4": [
        0.06964656964656965
    ],
    "1.3": [
        0.07659115426105717
    ],
    "1.2": [
        0.059907834101382486
    ],
    "1.1": [
        0.06926952141057935
    ],
    "0.9": [
        0.07317073170731707
    ],
    "0.8": [
        0.05924170616113744
    ],
    "0.7": [
        0.06567164179104477
    ],
    "0.6": [
        0.05128205128205128
    ],
    "0.5": [
        0.04054054054054054
    ],
    "0.4": [
        0.05660377358490566
    ],
    "0.3": [
        0.045454545454545456
    ],
    "0.2": [
        0.07317073170731707
    ],
    "0.1": [
        0.10714285714285714
    ]
}