{
    "inf": [
        0.15126903553299492
    ],
    "2": [
        0.14517766497461929
    ],
    "1.6": [
        0.1377497371188223
    ],
    "1.5": [
        0.13598901098901098
    ],
    "1.4": [
        0.1557632398753894
    ],
    "1.3": [
        0.17582417582417584
    ],
    "1.2": [
        0.125
    ],
    "1.1": [
        null
    ],
    "0.9": [
        null
    ],
    "0.8": [
        null
    ],
    "0.7": [
        null
    ],
    "0.6": [
        null
    ],
    "0.5": [
        null
    ],
    "0.4": [
        null
    ],
    "0.3": [
        null
    ],
    "0.2": [
        null
    ],
    "0.1": [
        null
    ]
}