{
    "inf": [
        0.8101522842639594
    ],
    "2": [
        0.8152284263959391
    ],
    "1.6": [
        0.8123076923076923
    ],
    "1.5": [
        0.8155440414507772
    ],
    "1.4": [
        0.8272251308900523
    ],
    "1.3": [
        0.8328042328042328
    ],
    "1.2": [
        0.8324265505984766
    ],
    "1.1": [
        0.8457207207207207
    ],
    "0.9": [
        0.8706896551724138
    ],
    "0.8": [
        0.879021879021879
    ],
    "0.7": [
        0.8908355795148248
    ],
    "0.6": [
        0.9080459770114943
    ],
    "0.5": [
        0.9142857142857143
    ],
    "0.4": [
        0.9216
    ],
    "0.3": [
        0.9315068493150684
    ],
    "0.2": [
        0.9424184261036468
    ],
    "0.1": [
        0.9501133786848073
    ]
}