{
    "inf": [
        0.817258883248731
    ],
    "2": [
        0.8071065989847716
    ],
    "1.6": [
        0.8081632653061225
    ],
    "1.5": [
        0.7983539094650206
    ],
    "1.4": [
        0.8123044838373306
    ],
    "1.3": [
        0.816931216931217
    ],
    "1.2": [
        0.8247535596933188
    ],
    "1.1": [
        0.8279329608938547
    ],
    "0.9": [
        0.8467153284671532
    ],
    "0.8": [
        0.8527131782945736
    ],
    "0.7": [
        0.877914951989026
    ],
    "0.6": [
        0.8970588235294118
    ],
    "0.5": [
        0.904
    ],
    "0.4": [
        0.9163822525597269
    ],
    "0.3": [
        0.9288321167883211
    ],
    "0.2": [
        0.9359504132231405
    ],
    "0.1": [
        0.9456264775413712
    ]
}