{
    "inf": [
        0.2416243654822335
    ],
    "2": [
        0.23147208121827412
    ],
    "1.6": [
        0.22741116751269036
    ],
    "1.5": [
        0.2233502538071066
    ],
    "1.4": [
        0.2104722792607803
    ],
    "1.3": [
        0.2339688041594454
    ],
    "1.2": [
        0.18478260869565216
    ],
    "1.1": [
        0.17073170731707318
    ],
    "0.9": [
        0.0
    ],
    "0.8": [
        0.0
    ],
    "0.7": [
        0.0
    ],
    "0.6": [
        0.0
    ],
    "0.5": [
        0.0
    ],
    "0.4": [
        0.0
    ],
    "0.3": [
        0.0
    ],
    "0.2": [
        null
    ],
    "0.1": [
        null
    ]
}