{
    "inf": [
        0.10253807106598985
    ],
    "2": [
        0.09949238578680203
    ],
    "1.6": [
        0.091324200913242
    ],
    "1.5": [
        0.07692307692307693
    ],
    "1.4": [
        0.13636363636363635
    ],
    "1.3": [
        0.08823529411764706
    ],
    "1.2": [
        0.10526315789473684
    ],
    "1.1": [
        0.17647058823529413
    ],
    "0.9": [
        0.08333333333333333
    ],
    "0.8": [
        0.0
    ],
    "0.7": [
        0.0
    ],
    "0.6": [
        0.0
    ],
    "0.5": [
        0.0
    ],
    "0.4": [
        0.0
    ],
    "0.3": [
        0.0
    ],
    "0.2": [
        0.0
    ],
    "0.1": [
        null
    ]
}