{
    "inf": [
        0.2700507614213198
    ],
    "2": [
        0.2730964467005076
    ],
    "1.6": [
        0.250814332247557
    ],
    "1.5": [
        0.232
    ],
    "1.4": [
        0.2543640897755611
    ],
    "1.3": [
        0.21518987341772153
    ],
    "1.2": [
        0.23357664233576642
    ],
    "1.1": [
        0.2559241706161137
    ],
    "0.9": [
        0.23577235772357724
    ],
    "0.8": [
        0.2549019607843137
    ],
    "0.7": [
        0.20253164556962025
    ],
    "0.6": [
        0.21428571428571427
    ],
    "0.5": [
        0.20833333333333334
    ],
    "0.4": [
        0.23255813953488372
    ],
    "0.3": [
        0.2222222222222222
    ],
    "0.2": [
        0.27586206896551724
    ],
    "0.1": [
        0.2631578947368421
    ]
}