{
    "inf": [
        0.1299492385786802
    ],
    "2": [
        0.1319796954314721
    ],
    "1.6": [
        0.07692307692307693
    ],
    "1.5": [
        0.3333333333333333
    ],
    "1.4": [
        0.0
    ],
    "1.3": [
        0.0
    ],
    "1.2": [
        0.0
    ],
    "1.1": [
        0.0
    ],
    "0.9": [
        0.0
    ],
    "0.8": [
        0.0
    ],
    "0.7": [
        null
    ],
    "0.6": [
        null
    ],
    "0.5": [
        null
    ],
    "0.4": [
        null
    ],
    "0.3": [
        null
    ],
    "0.2": [
        null
    ],
    "0.1": [
        null
    ]
}