{
    "inf": [
        0.8629441624365483
    ],
    "2": [
        0.8609137055837564
    ],
    "1.6": [
        0.8619289340101522
    ],
    "1.5": [
        0.8619289340101522
    ],
    "1.4": [
        0.8629441624365483
    ],
    "1.3": [
        0.8628048780487805
    ],
    "1.2": [
        0.8646998982706002
    ],
    "1.1": [
        0.8661899897854954
    ],
    "0.9": [
        0.872784150156413
    ],
    "0.8": [
        0.8791092258748674
    ],
    "0.7": [
        0.8880434782608696
    ],
    "0.6": [
        0.8977528089887641
    ],
    "0.5": [
        0.9025522041763341
    ],
    "0.4": [
        0.9154589371980676
    ],
    "0.3": [
        0.9189526184538653
    ],
    "0.2": [
        0.9295958279009127
    ],
    "0.1": [
        0.9531914893617022
    ]
}