{
    "inf": [
        0.14416243654822336
    ],
    "2": [
        0.14213197969543148
    ],
    "1.6": [
        0.12403100775193798
    ],
    "1.5": [
        0.16216216216216217
    ],
    "1.4": [
        0.07692307692307693
    ],
    "1.3": [
        0.0
    ],
    "1.2": [
        0.0
    ],
    "1.1": [
        null
    ],
    "0.9": [
        null
    ],
    "0.8": [
        null
    ],
    "0.7": [
        null
    ],
    "0.6": [
        null
    ],
    "0.5": [
        null
    ],
    "0.4": [
        null
    ],
    "0.3": [
        null
    ],
    "0.2": [
        null
    ],
    "0.1": [
        null
    ]
}