{
    "inf": [
        0.833502538071066
    ],
    "2": [
        0.8314720812182741
    ],
    "1.6": [
        0.8324873096446701
    ],
    "1.5": [
        0.8309572301425662
    ],
    "1.4": [
        0.8345250255362615
    ],
    "1.3": [
        0.8386433710174718
    ],
    "1.2": [
        0.8412863070539419
    ],
    "1.1": [
        0.8485804416403786
    ],
    "0.9": [
        0.8630434782608696
    ],
    "0.8": [
        0.8712541620421753
    ],
    "0.7": [
        0.876993166287016
    ],
    "0.6": [
        0.8869257950530035
    ],
    "0.5": [
        0.8913308913308914
    ],
    "0.4": [
        0.8942065491183879
    ],
    "0.3": [
        0.8998699609882965
    ],
    "0.2": [
        0.9192886456908345
    ],
    "0.1": [
        0.9314456035767511
    ]
}