{
    "inf": [
        0.8507614213197969
    ],
    "2": [
        0.849746192893401
    ],
    "1.6": [
        0.850609756097561
    ],
    "1.5": [
        0.8518896833503575
    ],
    "1.4": [
        0.8536335721596725
    ],
    "1.3": [
        0.8534571723426213
    ],
    "1.2": [
        0.8569937369519833
    ],
    "1.1": [
        0.8693361433087461
    ],
    "0.9": [
        0.8756815703380589
    ],
    "0.8": [
        0.8856502242152466
    ],
    "0.7": [
        0.8977011494252873
    ],
    "0.6": [
        0.9131483715319663
    ],
    "0.5": [
        0.9167701863354037
    ],
    "0.4": [
        0.9239690721649485
    ],
    "0.3": [
        0.9302013422818792
    ],
    "0.2": [
        0.9366197183098591
    ],
    "0.1": [
        0.9464012251148545
    ]
}