{
    "inf": [
        0.20913705583756345
    ],
    "2": [
        0.19695431472081218
    ],
    "1.6": [
        0.20880245649948823
    ],
    "1.5": [
        0.21513513513513513
    ],
    "1.4": [
        0.21224489795918366
    ],
    "1.3": [
        0.2077922077922078
    ],
    "1.2": [
        0.20476190476190476
    ],
    "1.1": [
        0.125
    ],
    "0.9": [
        0.3333333333333333
    ],
    "0.8": [
        null
    ],
    "0.7": [
        null
    ],
    "0.6": [
        null
    ],
    "0.5": [
        null
    ],
    "0.4": [
        null
    ],
    "0.3": [
        null
    ],
    "0.2": [
        null
    ],
    "0.1": [
        null
    ]
}