{
    "inf": [
        0.849746192893401
    ],
    "2": [
        0.8477157360406091
    ],
    "1.6": [
        0.8521199586349535
    ],
    "1.5": [
        0.8553326293558606
    ],
    "1.4": [
        0.8658669574700109
    ],
    "1.3": [
        0.8792325056433409
    ],
    "1.2": [
        0.8856476079346558
    ],
    "1.1": [
        0.8983050847457628
    ],
    "0.9": [
        0.9196185286103542
    ],
    "0.8": [
        0.9310344827586207
    ],
    "0.7": [
        0.9379968203497615
    ],
    "0.6": [
        0.9526226734348562
    ],
    "0.5": [
        0.9540441176470589
    ],
    "0.4": [
        0.9609856262833676
    ],
    "0.3": [
        0.9606481481481481
    ],
    "0.2": [
        0.9658792650918635
    ],
    "0.1": [
        0.9611307420494699
    ]
}