{
    "inf": [
        0.8538071065989847
    ],
    "2": [
        0.8477157360406091
    ],
    "1.6": [
        0.8584615384615385
    ],
    "1.5": [
        0.8505154639175257
    ],
    "1.4": [
        0.8574401664932362
    ],
    "1.3": [
        0.8695652173913043
    ],
    "1.2": [
        0.867741935483871
    ],
    "1.1": [
        0.8790233074361821
    ],
    "0.9": [
        0.8936416184971099
    ],
    "0.8": [
        0.8936678614097969
    ],
    "0.7": [
        0.912718204488778
    ],
    "0.6": [
        0.9173228346456693
    ],
    "0.5": [
        0.9274965800273598
    ],
    "0.4": [
        0.9315866084425036
    ],
    "0.3": [
        0.9453978159126365
    ],
    "0.2": [
        0.9573378839590444
    ],
    "0.1": [
        0.9576923076923077
    ]
}