{
    "inf": [
        0.166497461928934
    ],
    "2": [
        0.18071065989847715
    ],
    "1.6": [
        0.16274089935760172
    ],
    "1.5": [
        0.17475728155339806
    ],
    "1.4": [
        0.1490280777537797
    ],
    "1.3": [
        0.1606425702811245
    ],
    "1.2": [
        0.13043478260869565
    ],
    "1.1": [
        0.1
    ],
    "0.9": [
        0.06896551724137931
    ],
    "0.8": [
        0.09090909090909091
    ],
    "0.7": [
        0.0
    ],
    "0.6": [
        0.0
    ],
    "0.5": [
        0.0
    ],
    "0.4": [
        0.0
    ],
    "0.3": [
        0.0
    ],
    "0.2": [
        0.0
    ],
    "0.1": [
        null
    ]
}