{
    "inf": [
        0.15634517766497463
    ],
    "2": [
        0.15634517766497463
    ],
    "1.6": [
        0.15634517766497463
    ],
    "1.5": [
        0.15634517766497463
    ],
    "1.4": [
        0.15736040609137056
    ],
    "1.3": [
        0.1565040650406504
    ],
    "1.2": [
        0.15666327568667346
    ],
    "1.1": [
        0.15526046986721145
    ],
    "0.9": [
        0.1540130151843818
    ],
    "0.8": [
        0.1554524361948956
    ],
    "0.7": [
        0.1590013140604468
    ],
    "0.6": [
        0.14618973561430793
    ],
    "0.5": [
        0.14917127071823205
    ],
    "0.4": [
        0.13866666666666666
    ],
    "0.3": [
        0.12408759124087591
    ],
    "0.2": [
        0.12359550561797752
    ],
    "0.1": [
        0.09090909090909091
    ]
}