{
    "inf": [
        0.1532994923857868
    ],
    "2": [
        0.1532994923857868
    ],
    "1.6": [
        0.15431472081218275
    ],
    "1.5": [
        0.1532994923857868
    ],
    "1.4": [
        0.15431472081218275
    ],
    "1.3": [
        0.15431472081218275
    ],
    "1.2": [
        0.15219611848825332
    ],
    "1.1": [
        0.15588547189819724
    ],
    "0.9": [
        0.16488222698072805
    ],
    "0.8": [
        0.13978494623655913
    ],
    "0.7": [
        0.1320754716981132
    ],
    "0.6": [
        0.23076923076923078
    ],
    "0.5": [
        null
    ],
    "0.4": [
        null
    ],
    "0.3": [
        null
    ],
    "0.2": [
        null
    ],
    "0.1": [
        null
    ]
}