{
    "inf": [
        0.2984771573604061
    ],
    "2": [
        0.2984771573604061
    ],
    "1.6": [
        0.29746192893401013
    ],
    "1.5": [
        0.29878048780487804
    ],
    "1.4": [
        0.3
    ],
    "1.3": [
        0.3004338394793926
    ],
    "1.2": [
        0.2986857825567503
    ],
    "1.1": [
        0.2804532577903683
    ],
    "0.9": [
        0.29508196721311475
    ],
    "0.8": [
        0.33879781420765026
    ],
    "0.7": [
        0.34408602150537637
    ],
    "0.6": [
        0.3055555555555556
    ],
    "0.5": [
        0.3888888888888889
    ],
    "0.4": [
        0.5
    ],
    "0.3": [
        0.0
    ],
    "0.2": [
        null
    ],
    "0.1": [
        null
    ]
}