{
    "inf": [
        0.13807106598984772
    ],
    "2": [
        0.1401015228426396
    ],
    "1.6": [
        0.14765784114052954
    ],
    "1.5": [
        0.15376569037656904
    ],
    "1.4": [
        0.1451990632318501
    ],
    "1.3": [
        0.1584
    ],
    "1.2": [
        0.17478510028653296
    ],
    "1.1": [
        0.13402061855670103
    ],
    "0.9": [
        0.08571428571428572
    ],
    "0.8": [
        0.15789473684210525
    ],
    "0.7": [
        0.0
    ],
    "0.6": [
        0.0
    ],
    "0.5": [
        0.1111111111111111
    ],
    "0.4": [
        0.0
    ],
    "0.3": [
        0.0
    ],
    "0.2": [
        0.0
    ],
    "0.1": [
        0.0
    ]
}