{
    "inf": [
        0.32284263959390863
    ],
    "2": [
        0.32284263959390863
    ],
    "1.6": [
        0.327217125382263
    ],
    "1.5": [
        0.32298136645962733
    ],
    "1.4": [
        0.3169092945128779
    ],
    "1.3": [
        0.32510288065843623
    ],
    "1.2": [
        0.32233009708737864
    ],
    "1.1": [
        0.32
    ],
    "0.9": [
        0.33783783783783783
    ],
    "0.8": [
        0.4666666666666667
    ],
    "0.7": [
        0.47058823529411764
    ],
    "0.6": [
        0.2
    ],
    "0.5": [
        0.0
    ],
    "0.4": [
        null
    ],
    "0.3": [
        null
    ],
    "0.2": [
        null
    ],
    "0.1": [
        null
    ]
}