{
    "inf": [
        0.8345177664974619
    ],
    "2": [
        0.833502538071066
    ],
    "1.6": [
        0.8373983739837398
    ],
    "1.5": [
        0.8336734693877551
    ],
    "1.4": [
        0.8393039918116684
    ],
    "1.3": [
        0.8398760330578512
    ],
    "1.2": [
        0.8475289169295478
    ],
    "1.1": [
        0.8522483940042827
    ],
    "0.9": [
        0.8628318584070797
    ],
    "0.8": [
        0.8745724059293044
    ],
    "0.7": [
        0.8905882352941177
    ],
    "0.6": [
        0.898034398034398
    ],
    "0.5": [
        0.9016393442622951
    ],
    "0.4": [
        0.9093264248704663
    ],
    "0.3": [
        0.9129834254143646
    ],
    "0.2": [
        0.9247467438494935
    ],
    "0.1": [
        0.9351701782820098
    ]
}