{
    "inf": [
        0.8436548223350254
    ],
    "2": [
        0.8467005076142132
    ],
    "1.6": [
        0.8406091370558376
    ],
    "1.5": [
        0.8428571428571429
    ],
    "1.4": [
        0.8454452405322416
    ],
    "1.3": [
        0.8490175801447777
    ],
    "1.2": [
        0.8523908523908524
    ],
    "1.1": [
        0.8568421052631578
    ],
    "0.9": [
        0.865945945945946
    ],
    "0.8": [
        0.8752759381898455
    ],
    "0.7": [
        0.8844847112117781
    ],
    "0.6": [
        0.9009433962264151
    ],
    "0.5": [
        0.9092009685230025
    ],
    "0.4": [
        0.9151061173533084
    ],
    "0.3": [
        0.9254498714652957
    ],
    "0.2": [
        0.9262295081967213
    ],
    "0.1": [
        0.9441997063142438
    ]
}