{
    "inf": [
        0.8477157360406091
    ],
    "2": [
        0.8436548223350254
    ],
    "1.6": [
        0.8465447154471545
    ],
    "1.5": [
        0.8470948012232415
    ],
    "1.4": [
        0.8481141692150866
    ],
    "1.3": [
        0.849539406345957
    ],
    "1.2": [
        0.8528497409326425
    ],
    "1.1": [
        0.8583333333333333
    ],
    "0.9": [
        0.8719912472647703
    ],
    "0.8": [
        0.8794642857142857
    ],
    "0.7": [
        0.8930232558139535
    ],
    "0.6": [
        0.9043583535108959
    ],
    "0.5": [
        0.9257362355953905
    ],
    "0.4": [
        0.9346666666666666
    ],
    "0.3": [
        0.9386331938633193
    ],
    "0.2": [
        0.9397944199706314
    ],
    "0.1": [
        0.9469453376205788
    ]
}