{
    "inf": [
        0.24060913705583756
    ],
    "2": [
        0.23045685279187816
    ],
    "1.6": [
        0.23733333333333334
    ],
    "1.5": [
        0.2934131736526946
    ],
    "1.4": [
        0.3333333333333333
    ],
    "1.3": [
        0.16666666666666666
    ],
    "1.2": [
        0.0
    ],
    "1.1": [
        0.0
    ],
    "0.9": [
        0.0
    ],
    "0.8": [
        0.0
    ],
    "0.7": [
        0.0
    ],
    "0.6": [
        0.0
    ],
    "0.5": [
        0.0
    ],
    "0.4": [
        0.0
    ],
    "0.3": [
        null
    ],
    "0.2": [
        0.0
    ],
    "0.1": [
        null
    ]
}