{
    "inf": [
        0.1401015228426396
    ],
    "2": [
        0.15634517766497463
    ],
    "1.6": [
        0.16411824668705402
    ],
    "1.5": [
        0.16213389121338911
    ],
    "1.4": [
        0.16493656286043828
    ],
    "1.3": [
        0.16148148148148148
    ],
    "1.2": [
        0.13274336283185842
    ],
    "1.1": [
        0.12222222222222222
    ],
    "0.9": [
        0.18333333333333332
    ],
    "0.8": [
        0.1388888888888889
    ],
    "0.7": [
        0.17647058823529413
    ],
    "0.6": [
        0.3
    ],
    "0.5": [
        0.0
    ],
    "0.4": [
        0.5
    ],
    "0.3": [
        0.0
    ],
    "0.2": [
        0.0
    ],
    "0.1": [
        0.0
    ]
}