{
    "inf": [
        0.11269035532994924
    ],
    "2": [
        0.11269035532994924
    ],
    "1.6": [
        0.10576923076923077
    ],
    "1.5": [
        0.1296875
    ],
    "1.4": [
        0.12873563218390804
    ],
    "1.3": [
        0.1214574898785425
    ],
    "1.2": [
        0.13821138211382114
    ],
    "1.1": [
        0.19402985074626866
    ],
    "0.9": [
        0.15151515151515152
    ],
    "0.8": [
        0.18181818181818182
    ],
    "0.7": [
        0.047619047619047616
    ],
    "0.6": [
        0.0
    ],
    "0.5": [
        0.08333333333333333
    ],
    "0.4": [
        0.0
    ],
    "0.3": [
        0.0
    ],
    "0.2": [
        0.0
    ],
    "0.1": [
        0.0
    ]
}