{
    "inf": [
        0.1532994923857868
    ],
    "2": [
        0.1532994923857868
    ],
    "1.6": [
        0.1532994923857868
    ],
    "1.5": [
        0.1532994923857868
    ],
    "1.4": [
        0.15345528455284552
    ],
    "1.3": [
        0.1535312180143296
    ],
    "1.2": [
        0.15392561983471073
    ],
    "1.1": [
        0.1529535864978903
    ],
    "0.9": [
        0.1492361927144536
    ],
    "0.8": [
        0.14987405541561713
    ],
    "0.7": [
        0.15
    ],
    "0.6": [
        0.15755627009646303
    ],
    "0.5": [
        0.15700934579439252
    ],
    "0.4": [
        0.17045454545454544
    ],
    "0.3": [
        0.1536144578313253
    ],
    "0.2": [
        0.1956521739130435
    ],
    "0.1": [
        0.19285714285714287
    ]
}