{
    "inf": [
        0.849746192893401
    ],
    "2": [
        0.8538071065989847
    ],
    "1.6": [
        0.8527918781725888
    ],
    "1.5": [
        0.849746192893401
    ],
    "1.4": [
        0.849746192893401
    ],
    "1.3": [
        0.8513238289205702
    ],
    "1.2": [
        0.8551020408163266
    ],
    "1.1": [
        0.8553846153846154
    ],
    "0.9": [
        0.8607594936708861
    ],
    "0.8": [
        0.8688172043010752
    ],
    "0.7": [
        0.8760964912280702
    ],
    "0.6": [
        0.894374282433984
    ],
    "0.5": [
        0.9081145584725537
    ],
    "0.4": [
        0.9165644171779141
    ],
    "0.3": [
        0.9227848101265823
    ],
    "0.2": [
        0.9295958279009127
    ],
    "0.1": [
        0.9454545454545454
    ]
}