{
    "inf": [
        0.28223350253807106
    ],
    "2": [
        0.2781725888324873
    ],
    "1.6": [
        0.28905109489051095
    ],
    "1.5": [
        0.2652439024390244
    ],
    "1.4": [
        0.3925233644859813
    ],
    "1.3": [
        0.3333333333333333
    ],
    "1.2": [
        0.5
    ],
    "1.1": [
        0.5
    ],
    "0.9": [
        null
    ],
    "0.8": [
        null
    ],
    "0.7": [
        null
    ],
    "0.6": [
        null
    ],
    "0.5": [
        null
    ],
    "0.4": [
        null
    ],
    "0.3": [
        null
    ],
    "0.2": [
        null
    ],
    "0.1": [
        null
    ]
}