{
    "inf": [
        0.8355329949238579
    ],
    "2": [
        0.8375634517766497
    ],
    "1.6": [
        0.8365482233502538
    ],
    "1.5": [
        0.8365482233502538
    ],
    "1.4": [
        0.8351983723296033
    ],
    "1.3": [
        0.8397959183673469
    ],
    "1.2": [
        0.8382804503582395
    ],
    "1.1": [
        0.8383110195674562
    ],
    "0.9": [
        0.8487752928647497
    ],
    "0.8": [
        0.8583877995642701
    ],
    "0.7": [
        0.8723404255319149
    ],
    "0.6": [
        0.8874709976798144
    ],
    "0.5": [
        0.8912529550827423
    ],
    "0.4": [
        0.8985330073349633
    ],
    "0.3": [
        0.9056603773584906
    ],
    "0.2": [
        0.9184210526315789
    ],
    "0.1": [
        0.9295774647887324
    ]
}