{
    "inf": [
        0.8629441624365483
    ],
    "2": [
        0.8639593908629442
    ],
    "1.6": [
        0.8638211382113821
    ],
    "1.5": [
        0.8607723577235772
    ],
    "1.4": [
        0.8635437881873728
    ],
    "1.3": [
        0.8689866939611054
    ],
    "1.2": [
        0.8675564681724846
    ],
    "1.1": [
        0.8677685950413223
    ],
    "0.9": [
        0.8778947368421053
    ],
    "0.8": [
        0.8855614973262033
    ],
    "0.7": [
        0.8897379912663755
    ],
    "0.6": [
        0.8997747747747747
    ],
    "0.5": [
        0.9097222222222222
    ],
    "0.4": [
        0.918757467144564
    ],
    "0.3": [
        0.9229828850855746
    ],
    "0.2": [
        0.9313850063532402
    ],
    "0.1": [
        0.9390243902439024
    ]
}