{
    "inf": [
        0.11269035532994924
    ],
    "2": [
        0.14923857868020304
    ],
    "1.6": [
        0.12690355329949238
    ],
    "1.5": [
        0.14111675126903553
    ],
    "1.4": [
        0.13585291113381
    ],
    "1.3": [
        0.1336459554513482
    ],
    "1.2": [
        0.11229946524064172
    ],
    "1.1": [
        0.10344827586206896
    ],
    "0.9": [
        0.036585365853658534
    ],
    "0.8": [
        0.06153846153846154
    ],
    "0.7": [
        0.024390243902439025
    ],
    "0.6": [
        0.03225806451612903
    ],
    "0.5": [
        0.045454545454545456
    ],
    "0.4": [
        0.0
    ],
    "0.3": [
        0.0
    ],
    "0.2": [
        0.0
    ],
    "0.1": [
        0.0
    ]
}