{
    "inf": [
        0.8182741116751269
    ],
    "2": [
        0.8182741116751269
    ],
    "1.6": [
        0.8201219512195121
    ],
    "1.5": [
        0.8241869918699187
    ],
    "1.4": [
        0.8232890704800817
    ],
    "1.3": [
        0.8299180327868853
    ],
    "1.2": [
        0.8321243523316062
    ],
    "1.1": [
        0.8387434554973822
    ],
    "0.9": [
        0.8460710441334769
    ],
    "0.8": [
        0.8549450549450549
    ],
    "0.7": [
        0.8592342342342343
    ],
    "0.6": [
        0.8697674418604651
    ],
    "0.5": [
        0.8778443113772455
    ],
    "0.4": [
        0.8847583643122676
    ],
    "0.3": [
        0.8934531450577664
    ],
    "0.2": [
        0.896505376344086
    ],
    "0.1": [
        0.9085631349782293
    ]
}