{
    "inf": [
        0.8436548223350254
    ],
    "2": [
        0.8416243654822335
    ],
    "1.6": [
        0.8470948012232415
    ],
    "1.5": [
        0.8445807770961146
    ],
    "1.4": [
        0.8524590163934426
    ],
    "1.3": [
        0.852880658436214
    ],
    "1.2": [
        0.8587746625129803
    ],
    "1.1": [
        0.8575916230366493
    ],
    "0.9": [
        0.8720430107526882
    ],
    "0.8": [
        0.8726673984632273
    ],
    "0.7": [
        0.8836158192090395
    ],
    "0.6": [
        0.8961038961038961
    ],
    "0.5": [
        0.8963855421686747
    ],
    "0.4": [
        0.9188846641318125
    ],
    "0.3": [
        0.9224704336399474
    ],
    "0.2": [
        0.9311797752808989
    ],
    "0.1": [
        0.946319018404908
    ]
}