{
    "inf": [
        0.8365482233502538
    ],
    "2": [
        0.8345177664974619
    ],
    "1.6": [
        0.8333333333333334
    ],
    "1.5": [
        0.836901121304791
    ],
    "1.4": [
        0.837948717948718
    ],
    "1.3": [
        0.8459152016546019
    ],
    "1.2": [
        0.8447916666666667
    ],
    "1.1": [
        0.8503688092729189
    ],
    "0.9": [
        0.8653637350705755
    ],
    "0.8": [
        0.8712541620421753
    ],
    "0.7": [
        0.89198606271777
    ],
    "0.6": [
        0.9077490774907749
    ],
    "0.5": [
        0.9181585677749361
    ],
    "0.4": [
        0.9292389853137517
    ],
    "0.3": [
        0.9357541899441341
    ],
    "0.2": [
        0.9507462686567164
    ],
    "0.1": [
        0.9630252100840336
    ]
}