{
    "inf": [
        0.1715736040609137
    ],
    "2": [
        0.16243654822335024
    ],
    "1.6": [
        0.17055837563451776
    ],
    "1.5": [
        0.17378048780487804
    ],
    "1.4": [
        0.16701461377870563
    ],
    "1.3": [
        0.1598951507208388
    ],
    "1.2": [
        0.19399538106235567
    ],
    "1.1": [
        0.13247863247863248
    ],
    "0.9": [
        0.2127659574468085
    ],
    "0.8": [
        0.10526315789473684
    ],
    "0.7": [
        0.16666666666666666
    ],
    "0.6": [
        0.15384615384615385
    ],
    "0.5": [
        0.0
    ],
    "0.4": [
        0.16666666666666666
    ],
    "0.3": [
        0.0
    ],
    "0.2": [
        0.0
    ],
    "0.1": [
        0.3333333333333333
    ]
}