{
    "inf": [
        0.2862944162436548
    ],
    "2": [
        0.28527918781725886
    ],
    "1.6": [
        0.28600612870275793
    ],
    "1.5": [
        0.2861602497398543
    ],
    "1.4": [
        0.28180862250262884
    ],
    "1.3": [
        0.2789189189189189
    ],
    "1.2": [
        0.2828282828282828
    ],
    "1.1": [
        0.2790152403282532
    ],
    "0.9": [
        0.2817258883248731
    ],
    "0.8": [
        0.2751031636863824
    ],
    "0.7": [
        0.28088235294117647
    ],
    "0.6": [
        0.27053140096618356
    ],
    "0.5": [
        0.2808586762075134
    ],
    "0.4": [
        0.25971370143149286
    ],
    "0.3": [
        0.2344139650872818
    ],
    "0.2": [
        0.2442528735632184
    ],
    "0.1": [
        0.25868725868725867
    ]
}