{
    "inf": [
        0.8446700507614213
    ],
    "2": [
        0.8436548223350254
    ],
    "1.6": [
        0.8453713123092573
    ],
    "1.5": [
        0.8467824310520939
    ],
    "1.4": [
        0.8486707566462167
    ],
    "1.3": [
        0.8520041109969168
    ],
    "1.2": [
        0.8586278586278586
    ],
    "1.1": [
        0.8604407135362014
    ],
    "0.9": [
        0.8784227820372399
    ],
    "0.8": [
        0.8876404494382022
    ],
    "0.7": [
        0.9014084507042254
    ],
    "0.6": [
        0.9156479217603912
    ],
    "0.5": [
        0.9263959390862944
    ],
    "0.4": [
        0.9388297872340425
    ],
    "0.3": [
        0.9442896935933147
    ],
    "0.2": [
        0.9454277286135693
    ],
    "0.1": [
        0.9514563106796117
    ]
}