{
    "inf": [
        0.817258883248731
    ],
    "2": [
        0.8192893401015229
    ],
    "1.6": [
        0.8199389623601221
    ],
    "1.5": [
        0.8190184049079755
    ],
    "1.4": [
        0.8290422245108136
    ],
    "1.3": [
        0.8302277432712215
    ],
    "1.2": [
        0.8333333333333334
    ],
    "1.1": [
        0.8370136698212408
    ],
    "0.9": [
        0.8537117903930131
    ],
    "0.8": [
        0.8601553829078802
    ],
    "0.7": [
        0.87115165336374
    ],
    "0.6": [
        0.8884934756820878
    ],
    "0.5": [
        0.9057527539779682
    ],
    "0.4": [
        0.9095541401273886
    ],
    "0.3": [
        0.9154557463672391
    ],
    "0.2": [
        0.919889502762431
    ],
    "0.1": [
        0.9317147192716236
    ]
}