{
    "inf": [
        0.21116751269035533
    ],
    "2": [
        0.1949238578680203
    ],
    "1.6": [
        0.22083333333333333
    ],
    "1.5": [
        0.21568627450980393
    ],
    "1.4": [
        0.04
    ],
    "1.3": [
        0.0
    ],
    "1.2": [
        0.0
    ],
    "1.1": [
        null
    ],
    "0.9": [
        null
    ],
    "0.8": [
        null
    ],
    "0.7": [
        null
    ],
    "0.6": [
        null
    ],
    "0.5": [
        null
    ],
    "0.4": [
        null
    ],
    "0.3": [
        null
    ],
    "0.2": [
        null
    ],
    "0.1": [
        null
    ]
}