{
    "inf": [
        0.8263959390862944
    ],
    "2": [
        0.8304568527918782
    ],
    "1.6": [
        0.8253807106598985
    ],
    "1.5": [
        0.8307849133537207
    ],
    "1.4": [
        0.8319672131147541
    ],
    "1.3": [
        0.8326488706365504
    ],
    "1.2": [
        0.8371134020618557
    ],
    "1.1": [
        0.8407908428720083
    ],
    "0.9": [
        0.8491978609625669
    ],
    "0.8": [
        0.8558951965065502
    ],
    "0.7": [
        0.8707865168539326
    ],
    "0.6": [
        0.886150234741784
    ],
    "0.5": [
        0.8946107784431138
    ],
    "0.4": [
        0.9049382716049382
    ],
    "0.3": [
        0.9134860050890585
    ],
    "0.2": [
        0.9182305630026809
    ],
    "0.1": [
        0.9379615952732644
    ]
}