{
    "inf": [
        0.10964467005076142
    ],
    "2": [
        0.08426395939086294
    ],
    "1.6": [
        0.09872611464968153
    ],
    "1.5": [
        0.10032894736842106
    ],
    "1.4": [
        0.08737864077669903
    ],
    "1.3": [
        0.11594202898550725
    ],
    "1.2": [
        0.038461538461538464
    ],
    "1.1": [
        0.0
    ],
    "0.9": [
        0.0
    ],
    "0.8": [
        0.0
    ],
    "0.7": [
        0.0
    ],
    "0.6": [
        0.0
    ],
    "0.5": [
        0.0
    ],
    "0.4": [
        0.0
    ],
    "0.3": [
        null
    ],
    "0.2": [
        null
    ],
    "0.1": [
        null
    ]
}