{
    "inf": [
        0.16954314720812183
    ],
    "2": [
        0.15228426395939088
    ],
    "1.6": [
        0.17546174142480211
    ],
    "1.5": [
        0.16752577319587628
    ],
    "1.4": [
        0.07692307692307693
    ],
    "1.3": [
        0.1891891891891892
    ],
    "1.2": [
        0.1
    ],
    "1.1": [
        0.5
    ],
    "0.9": [
        0.0
    ],
    "0.8": [
        0.0
    ],
    "0.7": [
        0.0
    ],
    "0.6": [
        0.5
    ],
    "0.5": [
        null
    ],
    "0.4": [
        null
    ],
    "0.3": [
        null
    ],
    "0.2": [
        null
    ],
    "0.1": [
        null
    ]
}