{
    "inf": [
        0.14822335025380712
    ],
    "2": [
        0.14619289340101524
    ],
    "1.6": [
        0.15384615384615385
    ],
    "1.5": [
        0.058823529411764705
    ],
    "1.4": [
        0.0
    ],
    "1.3": [
        0.2
    ],
    "1.2": [
        0.0
    ],
    "1.1": [
        0.0
    ],
    "0.9": [
        null
    ],
    "0.8": [
        null
    ],
    "0.7": [
        null
    ],
    "0.6": [
        null
    ],
    "0.5": [
        null
    ],
    "0.4": [
        null
    ],
    "0.3": [
        null
    ],
    "0.2": [
        null
    ],
    "0.1": [
        null
    ]
}