{
    "inf": [
        0.8223350253807107
    ],
    "2": [
        0.8243654822335026
    ],
    "1.6": [
        0.8229908443540183
    ],
    "1.5": [
        0.827021494370522
    ],
    "1.4": [
        0.8254132231404959
    ],
    "1.3": [
        0.836864406779661
    ],
    "1.2": [
        0.8324324324324325
    ],
    "1.1": [
        0.8495575221238938
    ],
    "0.9": [
        0.8601645123384254
    ],
    "0.8": [
        0.8681318681318682
    ],
    "0.7": [
        0.8786717752234994
    ],
    "0.6": [
        0.8979591836734694
    ],
    "0.5": [
        0.9029957203994294
    ],
    "0.4": [
        0.9022556390977443
    ],
    "0.3": [
        0.9160063391442155
    ],
    "0.2": [
        0.9271758436944938
    ],
    "0.1": [
        0.9346938775510204
    ]
}