{
    "inf": [
        0.150253807106599
    ],
    "2": [
        0.15228426395939088
    ],
    "1.6": [
        0.14035087719298245
    ],
    "1.5": [
        0.26666666666666666
    ],
    "1.4": [
        0.15789473684210525
    ],
    "1.3": [
        0.2
    ],
    "1.2": [
        0.1
    ],
    "1.1": [
        0.16666666666666666
    ],
    "0.9": [
        0.25
    ],
    "0.8": [
        0.5
    ],
    "0.7": [
        1.0
    ],
    "0.6": [
        1.0
    ],
    "0.5": [
        1.0
    ],
    "0.4": [
        null
    ],
    "0.3": [
        null
    ],
    "0.2": [
        null
    ],
    "0.1": [
        null
    ]
}