{
    "inf": [
        0.8507614213197969
    ],
    "2": [
        0.8527918781725888
    ],
    "1.6": [
        0.8513238289205702
    ],
    "1.5": [
        0.8561224489795919
    ],
    "1.4": [
        0.8512820512820513
    ],
    "1.3": [
        0.856701030927835
    ],
    "1.2": [
        0.8590673575129534
    ],
    "1.1": [
        0.8667366211962224
    ],
    "0.9": [
        0.883442265795207
    ],
    "0.8": [
        0.8902439024390244
    ],
    "0.7": [
        0.8940774487471527
    ],
    "0.6": [
        0.9059929494712103
    ],
    "0.5": [
        0.9123020706455542
    ],
    "0.4": [
        0.9247448979591837
    ],
    "0.3": [
        0.9369127516778524
    ],
    "0.2": [
        0.9478138222849083
    ],
    "0.1": [
        0.9608150470219435
    ]
}