{
    "inf": [
        0.18071065989847715
    ],
    "2": [
        0.18274111675126903
    ],
    "1.6": [
        0.18071065989847715
    ],
    "1.5": [
        0.17515274949083504
    ],
    "1.4": [
        0.17484008528784648
    ],
    "1.3": [
        0.16955445544554457
    ],
    "1.2": [
        0.16758747697974216
    ],
    "1.1": [
        0.16971279373368145
    ],
    "0.9": [
        0.13636363636363635
    ],
    "0.8": [
        0.21428571428571427
    ],
    "0.7": [
        0.07142857142857142
    ],
    "0.6": [
        0.5
    ],
    "0.5": [
        null
    ],
    "0.4": [
        null
    ],
    "0.3": [
        null
    ],
    "0.2": [
        null
    ],
    "0.1": [
        null
    ]
}