{
    "inf": [
        0.8446700507614213
    ],
    "2": [
        0.8416243654822335
    ],
    "1.6": [
        0.8426395939086294
    ],
    "1.5": [
        0.8426395939086294
    ],
    "1.4": [
        0.8463886063072228
    ],
    "1.3": [
        0.8428571428571429
    ],
    "1.2": [
        0.8449691991786448
    ],
    "1.1": [
        0.8537344398340249
    ],
    "0.9": [
        0.8701716738197425
    ],
    "0.8": [
        0.8706140350877193
    ],
    "0.7": [
        0.8847457627118644
    ],
    "0.6": [
        0.9003516998827668
    ],
    "0.5": [
        0.9121951219512195
    ],
    "0.4": [
        0.9235588972431078
    ],
    "0.3": [
        0.92496765847348
    ],
    "0.2": [
        0.9346938775510204
    ],
    "0.1": [
        0.9434523809523809
    ]
}