{
    "inf": [
        0.7979695431472081
    ],
    "2": [
        0.798984771573604
    ],
    "1.6": [
        0.8158168574401665
    ],
    "1.5": [
        0.827807486631016
    ],
    "1.4": [
        0.8309549945115258
    ],
    "1.3": [
        0.8401360544217688
    ],
    "1.2": [
        0.8497652582159625
    ],
    "1.1": [
        0.858560794044665
    ],
    "0.9": [
        0.8744827586206897
    ],
    "0.8": [
        0.8967065868263473
    ],
    "0.7": [
        0.9087947882736156
    ],
    "0.6": [
        0.9245614035087719
    ],
    "0.5": [
        0.9297912713472486
    ],
    "0.4": [
        0.9373695198329853
    ],
    "0.3": [
        0.9401913875598086
    ],
    "0.2": [
        0.9391304347826087
    ],
    "0.1": [
        0.9553903345724907
    ]
}