{
    "inf": [
        0.8223350253807107
    ],
    "2": [
        0.8223350253807107
    ],
    "1.6": [
        0.8258655804480651
    ],
    "1.5": [
        0.8255102040816327
    ],
    "1.4": [
        0.8273748723186926
    ],
    "1.3": [
        0.8285420944558521
    ],
    "1.2": [
        0.8328141225337488
    ],
    "1.1": [
        0.8373557187827911
    ],
    "0.9": [
        0.8484848484848485
    ],
    "0.8": [
        0.856985698569857
    ],
    "0.7": [
        0.8619909502262444
    ],
    "0.6": [
        0.8794749403341289
    ],
    "0.5": [
        0.8864197530864197
    ],
    "0.4": [
        0.8948717948717949
    ],
    "0.3": [
        0.9057104913678619
    ],
    "0.2": [
        0.9169014084507042
    ],
    "0.1": [
        0.9318885448916409
    ]
}