{
    "inf": [
        0.8111675126903554
    ],
    "2": [
        0.8142131979695432
    ],
    "1.6": [
        0.8158697863682605
    ],
    "1.5": [
        0.823469387755102
    ],
    "1.4": [
        0.8228630278063852
    ],
    "1.3": [
        0.816580310880829
    ],
    "1.2": [
        0.8245798319327731
    ],
    "1.1": [
        0.8310308182784272
    ],
    "0.9": [
        0.8463276836158192
    ],
    "0.8": [
        0.8538283062645011
    ],
    "0.7": [
        0.8640776699029126
    ],
    "0.6": [
        0.8745247148288974
    ],
    "0.5": [
        0.890520694259012
    ],
    "0.4": [
        0.8916666666666667
    ],
    "0.3": [
        0.9002890173410405
    ],
    "0.2": [
        0.9136363636363637
    ],
    "0.1": [
        0.9318181818181818
    ]
}