{
    "inf": [
        0.8131979695431472
    ],
    "2": [
        0.8142131979695432
    ],
    "1.6": [
        0.8121827411167513
    ],
    "1.5": [
        0.8142131979695432
    ],
    "1.4": [
        0.8168870803662258
    ],
    "1.3": [
        0.817533129459735
    ],
    "1.2": [
        0.819672131147541
    ],
    "1.1": [
        0.8246887966804979
    ],
    "0.9": [
        0.8478260869565217
    ],
    "0.8": [
        0.8582589285714286
    ],
    "0.7": [
        0.8735362997658079
    ],
    "0.6": [
        0.8902439024390244
    ],
    "0.5": [
        0.908150064683053
    ],
    "0.4": [
        0.9144385026737968
    ],
    "0.3": [
        0.9225449515905948
    ],
    "0.2": [
        0.9315866084425036
    ],
    "0.1": [
        0.9502407704654896
    ]
}