{
    "inf": [
        0.8263959390862944
    ],
    "2": [
        0.8243654822335026
    ],
    "1.6": [
        0.8268839103869654
    ],
    "1.5": [
        0.8352098259979529
    ],
    "1.4": [
        0.8335046248715313
    ],
    "1.3": [
        0.8359133126934984
    ],
    "1.2": [
        0.838405036726128
    ],
    "1.1": [
        0.8469713071200851
    ],
    "0.9": [
        0.8600223964165733
    ],
    "0.8": [
        0.8777393310265282
    ],
    "0.7": [
        0.8867469879518072
    ],
    "0.6": [
        0.9029850746268657
    ],
    "0.5": [
        0.9128738621586476
    ],
    "0.4": [
        0.9250681198910081
    ],
    "0.3": [
        0.9297994269340975
    ],
    "0.2": [
        0.9467275494672754
    ],
    "0.1": [
        0.9586919104991394
    ]
}