{
    "inf": [
        0.8345177664974619
    ],
    "2": [
        0.8395939086294416
    ],
    "1.6": [
        0.8362156663275687
    ],
    "1.5": [
        0.8450560652395515
    ],
    "1.4": [
        0.8408624229979466
    ],
    "1.3": [
        0.8432377049180327
    ],
    "1.2": [
        0.8409090909090909
    ],
    "1.1": [
        0.8472803347280334
    ],
    "0.9": [
        0.856670341786108
    ],
    "0.8": [
        0.8718820861678005
    ],
    "0.7": [
        0.881437125748503
    ],
    "0.6": [
        0.9027777777777778
    ],
    "0.5": [
        0.9131614654002713
    ],
    "0.4": [
        0.9219653179190751
    ],
    "0.3": [
        0.9278033794162827
    ],
    "0.2": [
        0.9411764705882353
    ],
    "0.1": [
        0.9469548133595285
    ]
}