{
    "inf": [
        0.2436548223350254
    ],
    "2": [
        0.2436548223350254
    ],
    "1.6": [
        0.23632610939112486
    ],
    "1.5": [
        0.22661870503597123
    ],
    "1.4": [
        0.3225806451612903
    ],
    "1.3": [
        0.45454545454545453
    ],
    "1.2": [
        0.0
    ],
    "1.1": [
        null
    ],
    "0.9": [
        null
    ],
    "0.8": [
        null
    ],
    "0.7": [
        null
    ],
    "0.6": [
        null
    ],
    "0.5": [
        null
    ],
    "0.4": [
        null
    ],
    "0.3": [
        null
    ],
    "0.2": [
        null
    ],
    "0.1": [
        null
    ]
}