{
    "inf": [
        0.8355329949238579
    ],
    "2": [
        0.8365482233502538
    ],
    "1.6": [
        0.8372329603255341
    ],
    "1.5": [
        0.842479674796748
    ],
    "1.4": [
        0.8375893769152196
    ],
    "1.3": [
        0.8403707518022657
    ],
    "1.2": [
        0.8455958549222798
    ],
    "1.1": [
        0.8532494758909853
    ],
    "0.9": [
        0.8680479825517994
    ],
    "0.8": [
        0.8825503355704698
    ],
    "0.7": [
        0.8873403019744484
    ],
    "0.6": [
        0.8997555012224939
    ],
    "0.5": [
        0.9089759797724399
    ],
    "0.4": [
        0.917989417989418
    ],
    "0.3": [
        0.9266943291839558
    ],
    "0.2": [
        0.9407407407407408
    ],
    "0.1": [
        0.9525368248772504
    ]
}