{
    "inf": [
        0.8436548223350254
    ],
    "2": [
        0.8365482233502538
    ],
    "1.6": [
        0.8401639344262295
    ],
    "1.5": [
        0.8447916666666667
    ],
    "1.4": [
        0.8595744680851064
    ],
    "1.3": [
        0.8638344226579521
    ],
    "1.2": [
        0.8628571428571429
    ],
    "1.1": [
        0.8770685579196218
    ],
    "0.9": [
        0.879948914431673
    ],
    "0.8": [
        0.8924581005586593
    ],
    "0.7": [
        0.9100449775112444
    ],
    "0.6": [
        0.9224683544303798
    ],
    "0.5": [
        0.9305555555555556
    ],
    "0.4": [
        0.9335863377609108
    ],
    "0.3": [
        0.9446808510638298
    ],
    "0.2": [
        0.9447115384615384
    ],
    "0.1": [
        0.9530791788856305
    ]
}