{
    "inf": [
        0.23553299492385787
    ],
    "2": [
        0.25583756345177666
    ],
    "1.6": [
        0.30952380952380953
    ],
    "1.5": [
        0.3333333333333333
    ],
    "1.4": [
        null
    ],
    "1.3": [
        null
    ],
    "1.2": [
        null
    ],
    "1.1": [
        null
    ],
    "0.9": [
        null
    ],
    "0.8": [
        null
    ],
    "0.7": [
        null
    ],
    "0.6": [
        null
    ],
    "0.5": [
        null
    ],
    "0.4": [
        null
    ],
    "0.3": [
        null
    ],
    "0.2": [
        null
    ],
    "0.1": [
        null
    ]
}