{
    "inf": [
        0.25279187817258886
    ],
    "2": [
        0.25279187817258886
    ],
    "1.6": [
        0.25573770491803277
    ],
    "1.5": [
        0.27808988764044945
    ],
    "1.4": [
        0.2629399585921325
    ],
    "1.3": [
        0.3
    ],
    "1.2": [
        0.3163265306122449
    ],
    "1.1": [
        0.3283582089552239
    ],
    "0.9": [
        0.5
    ],
    "0.8": [
        0.0
    ],
    "0.7": [
        0.0
    ],
    "0.6": [
        null
    ],
    "0.5": [
        null
    ],
    "0.4": [
        null
    ],
    "0.3": [
        null
    ],
    "0.2": [
        null
    ],
    "0.1": [
        null
    ]
}