{
    "inf": [
        0.1065989847715736
    ],
    "2": [
        0.1116751269035533
    ],
    "1.6": [
        0.09090909090909091
    ],
    "1.5": [
        0.14285714285714285
    ],
    "1.4": [
        0.18181818181818182
    ],
    "1.3": [
        0.14285714285714285
    ],
    "1.2": [
        0.14285714285714285
    ],
    "1.1": [
        0.0
    ],
    "0.9": [
        0.0
    ],
    "0.8": [
        0.0
    ],
    "0.7": [
        0.0
    ],
    "0.6": [
        0.0
    ],
    "0.5": [
        null
    ],
    "0.4": [
        0.0
    ],
    "0.3": [
        null
    ],
    "0.2": [
        null
    ],
    "0.1": [
        null
    ]
}