{
    "inf": [
        0.8416243654822335
    ],
    "2": [
        0.8467005076142132
    ],
    "1.6": [
        0.8472505091649695
    ],
    "1.5": [
        0.8467824310520939
    ],
    "1.4": [
        0.8445807770961146
    ],
    "1.3": [
        0.8488253319713994
    ],
    "1.2": [
        0.849329205366357
    ],
    "1.1": [
        0.8519290928050052
    ],
    "0.9": [
        0.8566844919786096
    ],
    "0.8": [
        0.8754098360655738
    ],
    "0.7": [
        0.8868778280542986
    ],
    "0.6": [
        0.9062870699881376
    ],
    "0.5": [
        0.9098660170523751
    ],
    "0.4": [
        0.920099875156055
    ],
    "0.3": [
        0.9333333333333333
    ],
    "0.2": [
        0.9427792915531336
    ],
    "0.1": [
        0.9576023391812866
    ]
}