{
    "inf": [
        0.6209677419354839
    ],
    "2": [
        0.6096774193548387
    ],
    "1.6": [
        0.6372549019607843
    ],
    "1.5": [
        0.7657142857142857
    ],
    "1.4": [
        0.8018018018018018
    ],
    "1.3": [
        0.8759124087591241
    ],
    "1.2": [
        0.9186046511627907
    ],
    "1.1": [
        0.9473684210526315
    ],
    "0.9": [
        0.9375
    ],
    "0.8": [
        0.9375
    ],
    "0.7": [
        0.9230769230769231
    ],
    "0.6": [
        0.75
    ],
    "0.5": [
        1.0
    ],
    "0.4": [
        1.0
    ],
    "0.3": [
        null
    ],
    "0.2": [
        null
    ],
    "0.1": [
        null
    ]
}