{
    "inf": [
        0.5887096774193549
    ],
    "2": [
        0.5887096774193549
    ],
    "1.6": [
        0.5887096774193549
    ],
    "1.5": [
        0.6296992481203008
    ],
    "1.4": [
        0.7
    ],
    "1.3": [
        0.7554858934169278
    ],
    "1.2": [
        0.7689075630252101
    ],
    "1.1": [
        0.7842105263157895
    ],
    "0.9": [
        0.8442622950819673
    ],
    "0.8": [
        0.8829787234042553
    ],
    "0.7": [
        0.8571428571428571
    ],
    "0.6": [
        0.875
    ],
    "0.5": [
        0.9259259259259259
    ],
    "0.4": [
        0.9285714285714286
    ],
    "0.3": [
        1.0
    ],
    "0.2": [
        1.0
    ],
    "0.1": [
        1.0
    ]
}