{
    "inf": [
        0.6112903225806452
    ],
    "2": [
        0.614516129032258
    ],
    "1.6": [
        0.6191247974068071
    ],
    "1.5": [
        0.7224669603524229
    ],
    "1.4": [
        0.7700831024930748
    ],
    "1.3": [
        0.7613636363636364
    ],
    "1.2": [
        0.7920792079207921
    ],
    "1.1": [
        0.7905405405405406
    ],
    "0.9": [
        0.8390804597701149
    ],
    "0.8": [
        0.8260869565217391
    ],
    "0.7": [
        0.8571428571428571
    ],
    "0.6": [
        0.9142857142857143
    ],
    "0.5": [
        0.9
    ],
    "0.4": [
        1.0
    ],
    "0.3": [
        1.0
    ],
    "0.2": [
        1.0
    ],
    "0.1": [
        null
    ]
}