{
    "inf": [
        0.7016129032258065
    ],
    "2": [
        0.7
    ],
    "1.6": [
        0.7452107279693486
    ],
    "1.5": [
        0.7538461538461538
    ],
    "1.4": [
        0.7884130982367759
    ],
    "1.3": [
        0.803921568627451
    ],
    "1.2": [
        0.8012820512820513
    ],
    "1.1": [
        0.8125
    ],
    "0.9": [
        0.8363636363636363
    ],
    "0.8": [
        0.8481675392670157
    ],
    "0.7": [
        0.85625
    ],
    "0.6": [
        0.8538461538461538
    ],
    "0.5": [
        0.8725490196078431
    ],
    "0.4": [
        0.896551724137931
    ],
    "0.3": [
        0.9166666666666666
    ],
    "0.2": [
        0.9230769230769231
    ],
    "0.1": [
        0.9411764705882353
    ]
}