{
    "inf": [
        0.5935483870967742
    ],
    "2": [
        0.5903225806451613
    ],
    "1.6": [
        0.592891760904685
    ],
    "1.5": [
        0.6549707602339181
    ],
    "1.4": [
        0.7075471698113207
    ],
    "1.3": [
        0.7567567567567568
    ],
    "1.2": [
        0.7611940298507462
    ],
    "1.1": [
        0.786046511627907
    ],
    "0.9": [
        0.7883211678832117
    ],
    "0.8": [
        0.822429906542056
    ],
    "0.7": [
        0.8518518518518519
    ],
    "0.6": [
        0.8596491228070176
    ],
    "0.5": [
        0.918918918918919
    ],
    "0.4": [
        0.9090909090909091
    ],
    "0.3": [
        0.9
    ],
    "0.2": [
        1.0
    ],
    "0.1": [
        1.0
    ]
}