{
    "inf": [
        0.6709677419354839
    ],
    "2": [
        0.667741935483871
    ],
    "1.6": [
        0.691470054446461
    ],
    "1.5": [
        0.7087576374745418
    ],
    "1.4": [
        0.7391304347826086
    ],
    "1.3": [
        0.7468354430379747
    ],
    "1.2": [
        0.7707736389684814
    ],
    "1.1": [
        0.7834394904458599
    ],
    "0.9": [
        0.7914893617021277
    ],
    "0.8": [
        0.7864077669902912
    ],
    "0.7": [
        0.7865853658536586
    ],
    "0.6": [
        0.7947019867549668
    ],
    "0.5": [
        0.8141592920353983
    ],
    "0.4": [
        0.7976190476190477
    ],
    "0.3": [
        0.8035714285714286
    ],
    "0.2": [
        0.8214285714285714
    ],
    "0.1": [
        0.7142857142857143
    ]
}