{
    "inf": [
        0.6435483870967742
    ],
    "2": [
        0.6419354838709678
    ],
    "1.6": [
        0.7114093959731543
    ],
    "1.5": [
        0.7120418848167539
    ],
    "1.4": [
        0.7189542483660131
    ],
    "1.3": [
        0.7386363636363636
    ],
    "1.2": [
        0.7688888888888888
    ],
    "1.1": [
        0.7989130434782609
    ],
    "0.9": [
        0.8062015503875969
    ],
    "0.8": [
        0.8461538461538461
    ],
    "0.7": [
        0.872093023255814
    ],
    "0.6": [
        0.8888888888888888
    ],
    "0.5": [
        0.925
    ],
    "0.4": [
        0.9259259259259259
    ],
    "0.3": [
        0.9375
    ],
    "0.2": [
        1.0
    ],
    "0.1": [
        null
    ]
}