{
    "inf": [
        0.646774193548387
    ],
    "2": [
        0.646774193548387
    ],
    "1.6": [
        0.6477272727272727
    ],
    "1.5": [
        0.7854984894259819
    ],
    "1.4": [
        0.8469387755102041
    ],
    "1.3": [
        0.9152542372881356
    ],
    "1.2": [
        1.0
    ],
    "1.1": [
        1.0
    ],
    "0.9": [
        1.0
    ],
    "0.8": [
        1.0
    ],
    "0.7": [
        1.0
    ],
    "0.6": [
        1.0
    ],
    "0.5": [
        1.0
    ],
    "0.4": [
        1.0
    ],
    "0.3": [
        null
    ],
    "0.2": [
        null
    ],
    "0.1": [
        null
    ]
}