{
    "inf": [
        0.6096774193548387
    ],
    "2": [
        0.6096774193548387
    ],
    "1.6": [
        0.618421052631579
    ],
    "1.5": [
        0.7357357357357357
    ],
    "1.4": [
        0.719047619047619
    ],
    "1.3": [
        0.7445255474452555
    ],
    "1.2": [
        0.7613636363636364
    ],
    "1.1": [
        0.765625
    ],
    "0.9": [
        0.65
    ],
    "0.8": [
        0.7692307692307693
    ],
    "0.7": [
        0.75
    ],
    "0.6": [
        1.0
    ],
    "0.5": [
        1.0
    ],
    "0.4": [
        null
    ],
    "0.3": [
        null
    ],
    "0.2": [
        null
    ],
    "0.1": [
        null
    ]
}