{
    "inf": [
        0.6161290322580645
    ],
    "2": [
        0.6161290322580645
    ],
    "1.6": [
        0.6161290322580645
    ],
    "1.5": [
        0.6979166666666666
    ],
    "1.4": [
        0.7403314917127072
    ],
    "1.3": [
        0.7282229965156795
    ],
    "1.2": [
        0.7545454545454545
    ],
    "1.1": [
        0.7485029940119761
    ],
    "0.9": [
        0.8282828282828283
    ],
    "0.8": [
        0.8493150684931506
    ],
    "0.7": [
        0.8653846153846154
    ],
    "0.6": [
        0.8333333333333334
    ],
    "0.5": [
        0.8571428571428571
    ],
    "0.4": [
        1.0
    ],
    "0.3": [
        1.0
    ],
    "0.2": [
        1.0
    ],
    "0.1": [
        null
    ]
}