{
    "inf": [
        0.6
    ],
    "2": [
        0.5983870967741935
    ],
    "1.6": [
        0.6139767054908486
    ],
    "1.5": [
        0.80859375
    ],
    "1.4": [
        0.8548387096774194
    ],
    "1.3": [
        0.9428571428571428
    ],
    "1.2": [
        0.95
    ],
    "1.1": [
        1.0
    ],
    "0.9": [
        1.0
    ],
    "0.8": [
        1.0
    ],
    "0.7": [
        1.0
    ],
    "0.6": [
        1.0
    ],
    "0.5": [
        1.0
    ],
    "0.4": [
        1.0
    ],
    "0.3": [
        null
    ],
    "0.2": [
        null
    ],
    "0.1": [
        null
    ]
}