{
    "inf": [
        0.7193548387096774
    ],
    "2": [
        0.7258064516129032
    ],
    "1.6": [
        0.7657142857142857
    ],
    "1.5": [
        0.7744034707158352
    ],
    "1.4": [
        0.7764127764127764
    ],
    "1.3": [
        0.7827298050139275
    ],
    "1.2": [
        0.792332268370607
    ],
    "1.1": [
        0.7935943060498221
    ],
    "0.9": [
        0.8194444444444444
    ],
    "0.8": [
        0.8406593406593407
    ],
    "0.7": [
        0.8493150684931506
    ],
    "0.6": [
        0.8360655737704918
    ],
    "0.5": [
        0.845360824742268
    ],
    "0.4": [
        0.8421052631578947
    ],
    "0.3": [
        0.8867924528301887
    ],
    "0.2": [
        0.868421052631579
    ],
    "0.1": [
        0.9375
    ]
}