{
    "inf": [
        0.6935483870967742
    ],
    "2": [
        0.6919354838709677
    ],
    "1.6": [
        0.7619047619047619
    ],
    "1.5": [
        0.7842696629213484
    ],
    "1.4": [
        0.7675
    ],
    "1.3": [
        0.7820895522388059
    ],
    "1.2": [
        0.793918918918919
    ],
    "1.1": [
        0.8207171314741036
    ],
    "0.9": [
        0.8279569892473119
    ],
    "0.8": [
        0.821656050955414
    ],
    "0.7": [
        0.8307692307692308
    ],
    "0.6": [
        0.8245614035087719
    ],
    "0.5": [
        0.8181818181818182
    ],
    "0.4": [
        0.8472222222222222
    ],
    "0.3": [
        0.8095238095238095
    ],
    "0.2": [
        0.875
    ],
    "0.1": [
        1.0
    ]
}