{
    "inf": [
        0.6838709677419355
    ],
    "2": [
        0.6758064516129032
    ],
    "1.6": [
        0.7137404580152672
    ],
    "1.5": [
        0.7323340471092077
    ],
    "1.4": [
        0.7482014388489209
    ],
    "1.3": [
        0.7574931880108992
    ],
    "1.2": [
        0.7801857585139319
    ],
    "1.1": [
        0.7735191637630662
    ],
    "0.9": [
        0.8160377358490566
    ],
    "0.8": [
        0.8232044198895028
    ],
    "0.7": [
        0.8376623376623377
    ],
    "0.6": [
        0.849624060150376
    ],
    "0.5": [
        0.8543689320388349
    ],
    "0.4": [
        0.8481012658227848
    ],
    "0.3": [
        0.9016393442622951
    ],
    "0.2": [
        0.9375
    ],
    "0.1": [
        1.0
    ]
}