{
    "inf": [
        0.6870967741935484
    ],
    "2": [
        0.6806451612903226
    ],
    "1.6": [
        0.7469135802469136
    ],
    "1.5": [
        0.750599520383693
    ],
    "1.4": [
        0.7910863509749304
    ],
    "1.3": [
        0.7919254658385093
    ],
    "1.2": [
        0.7992831541218638
    ],
    "1.1": [
        0.8114754098360656
    ],
    "0.9": [
        0.8370786516853933
    ],
    "0.8": [
        0.8451612903225807
    ],
    "0.7": [
        0.8432835820895522
    ],
    "0.6": [
        0.8571428571428571
    ],
    "0.5": [
        0.8674698795180723
    ],
    "0.4": [
        0.8983050847457628
    ],
    "0.3": [
        0.9069767441860465
    ],
    "0.2": [
        0.9259259259259259
    ],
    "0.1": [
        0.9
    ]
}