{
    "inf": [
        0.6967741935483871
    ],
    "2": [
        0.6887096774193548
    ],
    "1.6": [
        0.7210144927536232
    ],
    "1.5": [
        0.7510288065843621
    ],
    "1.4": [
        0.755868544600939
    ],
    "1.3": [
        0.7733333333333333
    ],
    "1.2": [
        0.7777777777777778
    ],
    "1.1": [
        0.7916666666666666
    ],
    "0.9": [
        0.8093023255813954
    ],
    "0.8": [
        0.8153846153846154
    ],
    "0.7": [
        0.8160919540229885
    ],
    "0.6": [
        0.8297872340425532
    ],
    "0.5": [
        0.8403361344537815
    ],
    "0.4": [
        0.8478260869565217
    ],
    "0.3": [
        0.8461538461538461
    ],
    "0.2": [
        0.8809523809523809
    ],
    "0.1": [
        0.9444444444444444
    ]
}