{
    "inf": [
        0.5774193548387097
    ],
    "2": [
        0.582258064516129
    ],
    "1.6": [
        0.5863192182410424
    ],
    "1.5": [
        0.6863207547169812
    ],
    "1.4": [
        0.7194719471947195
    ],
    "1.3": [
        0.7375565610859729
    ],
    "1.2": [
        0.7635135135135135
    ],
    "1.1": [
        0.7741935483870968
    ],
    "0.9": [
        0.9142857142857143
    ],
    "0.8": [
        0.88
    ],
    "0.7": [
        0.9444444444444444
    ],
    "0.6": [
        0.9090909090909091
    ],
    "0.5": [
        0.8571428571428571
    ],
    "0.4": [
        1.0
    ],
    "0.3": [
        1.0
    ],
    "0.2": [
        1.0
    ],
    "0.1": [
        1.0
    ]
}