{
    "inf": [
        0.6435483870967742
    ],
    "2": [
        0.6435483870967742
    ],
    "1.6": [
        0.6794425087108014
    ],
    "1.5": [
        0.8449612403100775
    ],
    "1.4": [
        0.8536585365853658
    ],
    "1.3": [
        0.9
    ],
    "1.2": [
        1.0
    ],
    "1.1": [
        1.0
    ],
    "0.9": [
        1.0
    ],
    "0.8": [
        1.0
    ],
    "0.7": [
        1.0
    ],
    "0.6": [
        1.0
    ],
    "0.5": [
        null
    ],
    "0.4": [
        null
    ],
    "0.3": [
        null
    ],
    "0.2": [
        null
    ],
    "0.1": [
        null
    ]
}