{
    "inf": [
        0.6887096774193548
    ],
    "2": [
        0.682258064516129
    ],
    "1.6": [
        0.7340425531914894
    ],
    "1.5": [
        0.7513227513227513
    ],
    "1.4": [
        0.7791798107255521
    ],
    "1.3": [
        0.79182156133829
    ],
    "1.2": [
        0.7835497835497836
    ],
    "1.1": [
        0.8138297872340425
    ],
    "0.9": [
        0.8814814814814815
    ],
    "0.8": [
        0.9051724137931034
    ],
    "0.7": [
        0.9072164948453608
    ],
    "0.6": [
        0.9375
    ],
    "0.5": [
        0.9701492537313433
    ],
    "0.4": [
        0.98
    ],
    "0.3": [
        1.0
    ],
    "0.2": [
        1.0
    ],
    "0.1": [
        1.0
    ]
}