{
    "inf": [
        0.6241935483870967
    ],
    "2": [
        0.6290322580645161
    ],
    "1.6": [
        0.6193548387096774
    ],
    "1.5": [
        0.7054263565891473
    ],
    "1.4": [
        0.7791878172588832
    ],
    "1.3": [
        0.8205128205128205
    ],
    "1.2": [
        0.8235294117647058
    ],
    "1.1": [
        0.8325123152709359
    ],
    "0.9": [
        0.889763779527559
    ],
    "0.8": [
        0.8990825688073395
    ],
    "0.7": [
        0.9024390243902439
    ],
    "0.6": [
        0.9833333333333333
    ],
    "0.5": [
        1.0
    ],
    "0.4": [
        1.0
    ],
    "0.3": [
        1.0
    ],
    "0.2": [
        1.0
    ],
    "0.1": [
        null
    ]
}