{
    "inf": [
        0.6693548387096774
    ],
    "2": [
        0.6725806451612903
    ],
    "1.6": [
        0.755741127348643
    ],
    "1.5": [
        0.782716049382716
    ],
    "1.4": [
        0.7780979827089337
    ],
    "1.3": [
        0.7879858657243817
    ],
    "1.2": [
        0.7804878048780488
    ],
    "1.1": [
        0.7788018433179723
    ],
    "0.9": [
        0.80625
    ],
    "0.8": [
        0.8309859154929577
    ],
    "0.7": [
        0.8392857142857143
    ],
    "0.6": [
        0.8461538461538461
    ],
    "0.5": [
        0.8857142857142857
    ],
    "0.4": [
        0.8888888888888888
    ],
    "0.3": [
        0.9411764705882353
    ],
    "0.2": [
        0.9444444444444444
    ],
    "0.1": [
        1.0
    ]
}