{
    "inf": [
        0.5790322580645161
    ],
    "2": [
        0.5790322580645161
    ],
    "1.6": [
        0.6295620437956204
    ],
    "1.5": [
        0.8653846153846154
    ],
    "1.4": [
        0.9090909090909091
    ],
    "1.3": [
        1.0
    ],
    "1.2": [
        1.0
    ],
    "1.1": [
        null
    ],
    "0.9": [
        null
    ],
    "0.8": [
        null
    ],
    "0.7": [
        null
    ],
    "0.6": [
        null
    ],
    "0.5": [
        null
    ],
    "0.4": [
        null
    ],
    "0.3": [
        null
    ],
    "0.2": [
        null
    ],
    "0.1": [
        null
    ]
}