{
    "inf": [
        0.6629032258064517
    ],
    "2": [
        0.6629032258064517
    ],
    "1.6": [
        0.7217741935483871
    ],
    "1.5": [
        0.7494356659142212
    ],
    "1.4": [
        0.7581863979848866
    ],
    "1.3": [
        0.7837837837837838
    ],
    "1.2": [
        0.7972972972972973
    ],
    "1.1": [
        0.8142292490118577
    ],
    "0.9": [
        0.8440860215053764
    ],
    "0.8": [
        0.8541666666666666
    ],
    "0.7": [
        0.8974358974358975
    ],
    "0.6": [
        0.9166666666666666
    ],
    "0.5": [
        0.9324324324324325
    ],
    "0.4": [
        0.9591836734693877
    ],
    "0.3": [
        0.9696969696969697
    ],
    "0.2": [
        1.0
    ],
    "0.1": [
        1.0
    ]
}