{
    "inf": [
        0.6870967741935484
    ],
    "2": [
        0.6790322580645162
    ],
    "1.6": [
        0.7422680412371134
    ],
    "1.5": [
        0.7695961995249406
    ],
    "1.4": [
        0.786096256684492
    ],
    "1.3": [
        0.7760736196319018
    ],
    "1.2": [
        0.782608695652174
    ],
    "1.1": [
        0.7883817427385892
    ],
    "0.9": [
        0.8072289156626506
    ],
    "0.8": [
        0.8357142857142857
    ],
    "0.7": [
        0.8490566037735849
    ],
    "0.6": [
        0.8941176470588236
    ],
    "0.5": [
        0.8970588235294118
    ],
    "0.4": [
        0.9423076923076923
    ],
    "0.3": [
        0.9411764705882353
    ],
    "0.2": [
        0.9444444444444444
    ],
    "0.1": [
        1.0
    ]
}