{
    "inf": [
        0.5967741935483871
    ],
    "2": [
        0.5967741935483871
    ],
    "1.6": [
        0.6059113300492611
    ],
    "1.5": [
        0.7155688622754491
    ],
    "1.4": [
        0.7931034482758621
    ],
    "1.3": [
        0.8415841584158416
    ],
    "1.2": [
        0.9344262295081968
    ],
    "1.1": [
        0.9523809523809523
    ],
    "0.9": [
        0.9090909090909091
    ],
    "0.8": [
        0.75
    ],
    "0.7": [
        1.0
    ],
    "0.6": [
        1.0
    ],
    "0.5": [
        1.0
    ],
    "0.4": [
        1.0
    ],
    "0.3": [
        null
    ],
    "0.2": [
        null
    ],
    "0.1": [
        null
    ]
}