{
    "inf": [
        0.617741935483871
    ],
    "2": [
        0.6080645161290322
    ],
    "1.6": [
        0.6127450980392157
    ],
    "1.5": [
        0.7044917257683215
    ],
    "1.4": [
        0.7240143369175627
    ],
    "1.3": [
        0.7614213197969543
    ],
    "1.2": [
        0.8029197080291971
    ],
    "1.1": [
        0.8627450980392157
    ],
    "0.9": [
        0.8409090909090909
    ],
    "0.8": [
        0.8333333333333334
    ],
    "0.7": [
        0.7857142857142857
    ],
    "0.6": [
        0.8888888888888888
    ],
    "0.5": [
        0.8333333333333334
    ],
    "0.4": [
        0.0
    ],
    "0.3": [
        null
    ],
    "0.2": [
        null
    ],
    "0.1": [
        null
    ]
}