{
    "inf": [
        0.6935483870967742
    ],
    "2": [
        0.6967741935483871
    ],
    "1.6": [
        0.7509881422924901
    ],
    "1.5": [
        0.7685393258426966
    ],
    "1.4": [
        0.7774936061381074
    ],
    "1.3": [
        0.792507204610951
    ],
    "1.2": [
        0.804635761589404
    ],
    "1.1": [
        0.8188679245283019
    ],
    "0.9": [
        0.8412698412698413
    ],
    "0.8": [
        0.8417721518987342
    ],
    "0.7": [
        0.8636363636363636
    ],
    "0.6": [
        0.87
    ],
    "0.5": [
        0.9135802469135802
    ],
    "0.4": [
        0.8928571428571429
    ],
    "0.3": [
        0.8974358974358975
    ],
    "0.2": [
        0.9473684210526315
    ],
    "0.1": [
        1.0
    ]
}