{
    "inf": [
        0.65
    ],
    "2": [
        0.6532258064516129
    ],
    "1.6": [
        0.6845878136200717
    ],
    "1.5": [
        0.7020833333333333
    ],
    "1.4": [
        0.7270531400966184
    ],
    "1.3": [
        0.7430167597765364
    ],
    "1.2": [
        0.764525993883792
    ],
    "1.1": [
        0.7619047619047619
    ],
    "0.9": [
        0.7833333333333333
    ],
    "0.8": [
        0.8358974358974359
    ],
    "0.7": [
        0.8604651162790697
    ],
    "0.6": [
        0.8680555555555556
    ],
    "0.5": [
        0.8928571428571429
    ],
    "0.4": [
        0.8902439024390244
    ],
    "0.3": [
        0.9516129032258065
    ],
    "0.2": [
        0.9166666666666666
    ],
    "0.1": [
        1.0
    ]
}