{
    "inf": [
        0.6838709677419355
    ],
    "2": [
        0.6903225806451613
    ],
    "1.6": [
        0.7165354330708661
    ],
    "1.5": [
        0.754424778761062
    ],
    "1.4": [
        0.7630208333333334
    ],
    "1.3": [
        0.7787356321839081
    ],
    "1.2": [
        0.7692307692307693
    ],
    "1.1": [
        0.7928286852589641
    ],
    "0.9": [
        0.838150289017341
    ],
    "0.8": [
        0.8456375838926175
    ],
    "0.7": [
        0.9008264462809917
    ],
    "0.6": [
        0.91
    ],
    "0.5": [
        0.9240506329113924
    ],
    "0.4": [
        0.9464285714285714
    ],
    "0.3": [
        0.9166666666666666
    ],
    "0.2": [
        1.0
    ],
    "0.1": [
        1.0
    ]
}