{
    "inf": [
        0.5774193548387097
    ],
    "2": [
        0.5774193548387097
    ],
    "1.6": [
        0.5821138211382114
    ],
    "1.5": [
        0.6652631578947369
    ],
    "1.4": [
        0.6695156695156695
    ],
    "1.3": [
        0.6908396946564885
    ],
    "1.2": [
        0.7344632768361582
    ],
    "1.1": [
        0.7692307692307693
    ],
    "0.9": [
        0.8055555555555556
    ],
    "0.8": [
        0.8461538461538461
    ],
    "0.7": [
        0.8823529411764706
    ],
    "0.6": [
        0.8095238095238095
    ],
    "0.5": [
        0.9166666666666666
    ],
    "0.4": [
        1.0
    ],
    "0.3": [
        1.0
    ],
    "0.2": [
        1.0
    ],
    "0.1": [
        null
    ]
}