{
    "inf": [
        0.6016129032258064
    ],
    "2": [
        0.6016129032258064
    ],
    "1.6": [
        0.6691176470588235
    ],
    "1.5": [
        0.7528089887640449
    ],
    "1.4": [
        0.7972972972972973
    ],
    "1.3": [
        0.8857142857142857
    ],
    "1.2": [
        1.0
    ],
    "1.1": [
        1.0
    ],
    "0.9": [
        1.0
    ],
    "0.8": [
        1.0
    ],
    "0.7": [
        1.0
    ],
    "0.6": [
        1.0
    ],
    "0.5": [
        1.0
    ],
    "0.4": [
        1.0
    ],
    "0.3": [
        null
    ],
    "0.2": [
        null
    ],
    "0.1": [
        null
    ]
}