{
    "inf": [
        0.6064516129032258
    ],
    "2": [
        0.6080645161290322
    ],
    "1.6": [
        0.6266666666666667
    ],
    "1.5": [
        0.7339449541284404
    ],
    "1.4": [
        0.8055555555555556
    ],
    "1.3": [
        0.8333333333333334
    ],
    "1.2": [
        0.855072463768116
    ],
    "1.1": [
        0.8478260869565217
    ],
    "0.9": [
        0.875
    ],
    "0.8": [
        0.9090909090909091
    ],
    "0.7": [
        1.0
    ],
    "0.6": [
        1.0
    ],
    "0.5": [
        null
    ],
    "0.4": [
        null
    ],
    "0.3": [
        null
    ],
    "0.2": [
        null
    ],
    "0.1": [
        null
    ]
}