{
    "inf": [
        0.5548387096774193
    ],
    "2": [
        0.567741935483871
    ],
    "1.6": [
        0.625
    ],
    "1.5": [
        0.84375
    ],
    "1.4": [
        0.9375
    ],
    "1.3": [
        0.8888888888888888
    ],
    "1.2": [
        1.0
    ],
    "1.1": [
        1.0
    ],
    "0.9": [
        null
    ],
    "0.8": [
        null
    ],
    "0.7": [
        null
    ],
    "0.6": [
        null
    ],
    "0.5": [
        null
    ],
    "0.4": [
        null
    ],
    "0.3": [
        null
    ],
    "0.2": [
        null
    ],
    "0.1": [
        null
    ]
}