{
    "inf": [
        0.6580645161290323
    ],
    "2": [
        0.6580645161290323
    ],
    "1.6": [
        0.7106796116504854
    ],
    "1.5": [
        0.7260579064587973
    ],
    "1.4": [
        0.7297297297297297
    ],
    "1.3": [
        0.7252747252747253
    ],
    "1.2": [
        0.7311178247734139
    ],
    "1.1": [
        0.7431506849315068
    ],
    "0.9": [
        0.7741935483870968
    ],
    "0.8": [
        0.7921348314606742
    ],
    "0.7": [
        0.7947019867549668
    ],
    "0.6": [
        0.8
    ],
    "0.5": [
        0.8095238095238095
    ],
    "0.4": [
        0.8157894736842105
    ],
    "0.3": [
        0.8703703703703703
    ],
    "0.2": [
        0.9393939393939394
    ],
    "0.1": [
        0.9285714285714286
    ]
}