{
    "inf": [
        0.7193548387096774
    ],
    "2": [
        0.7193548387096774
    ],
    "1.6": [
        0.7490706319702602
    ],
    "1.5": [
        0.7682672233820459
    ],
    "1.4": [
        0.7740492170022372
    ],
    "1.3": [
        0.7975
    ],
    "1.2": [
        0.7938718662952646
    ],
    "1.1": [
        0.8037383177570093
    ],
    "0.9": [
        0.7945736434108527
    ],
    "0.8": [
        0.820627802690583
    ],
    "0.7": [
        0.8333333333333334
    ],
    "0.6": [
        0.8571428571428571
    ],
    "0.5": [
        0.8770491803278688
    ],
    "0.4": [
        0.8829787234042553
    ],
    "0.3": [
        0.855072463768116
    ],
    "0.2": [
        0.8409090909090909
    ],
    "0.1": [
        0.9333333333333333
    ]
}