{
    "inf": [
        0.6209677419354839
    ],
    "2": [
        0.6209677419354839
    ],
    "1.6": [
        0.6356073211314476
    ],
    "1.5": [
        0.7837837837837838
    ],
    "1.4": [
        0.8351648351648352
    ],
    "1.3": [
        0.8785046728971962
    ],
    "1.2": [
        0.835820895522388
    ],
    "1.1": [
        0.9
    ],
    "0.9": [
        0.95
    ],
    "0.8": [
        1.0
    ],
    "0.7": [
        1.0
    ],
    "0.6": [
        1.0
    ],
    "0.5": [
        1.0
    ],
    "0.4": [
        1.0
    ],
    "0.3": [
        1.0
    ],
    "0.2": [
        null
    ],
    "0.1": [
        null
    ]
}