{
    "inf": [
        0.6
    ],
    "2": [
        0.6
    ],
    "1.6": [
        0.6091954022988506
    ],
    "1.5": [
        0.704225352112676
    ],
    "1.4": [
        0.7715736040609137
    ],
    "1.3": [
        0.8034188034188035
    ],
    "1.2": [
        0.8
    ],
    "1.1": [
        0.8541666666666666
    ],
    "0.9": [
        0.8888888888888888
    ],
    "0.8": [
        1.0
    ],
    "0.7": [
        1.0
    ],
    "0.6": [
        1.0
    ],
    "0.5": [
        null
    ],
    "0.4": [
        null
    ],
    "0.3": [
        null
    ],
    "0.2": [
        null
    ],
    "0.1": [
        null
    ]
}