{
    "inf": [
        0.6080645161290322
    ],
    "2": [
        0.6080645161290322
    ],
    "1.6": [
        0.662431941923775
    ],
    "1.5": [
        0.7730496453900709
    ],
    "1.4": [
        0.8372093023255814
    ],
    "1.3": [
        0.9333333333333333
    ],
    "1.2": [
        1.0
    ],
    "1.1": [
        1.0
    ],
    "0.9": [
        null
    ],
    "0.8": [
        null
    ],
    "0.7": [
        null
    ],
    "0.6": [
        null
    ],
    "0.5": [
        null
    ],
    "0.4": [
        null
    ],
    "0.3": [
        null
    ],
    "0.2": [
        null
    ],
    "0.1": [
        null
    ]
}