{
    "inf": [
        0.617741935483871
    ],
    "2": [
        0.6161290322580645
    ],
    "1.6": [
        0.624390243902439
    ],
    "1.5": [
        0.7307692307692307
    ],
    "1.4": [
        0.7913043478260869
    ],
    "1.3": [
        0.855072463768116
    ],
    "1.2": [
        0.9139784946236559
    ],
    "1.1": [
        0.9137931034482759
    ],
    "0.9": [
        0.9473684210526315
    ],
    "0.8": [
        0.9230769230769231
    ],
    "0.7": [
        1.0
    ],
    "0.6": [
        1.0
    ],
    "0.5": [
        1.0
    ],
    "0.4": [
        null
    ],
    "0.3": [
        null
    ],
    "0.2": [
        null
    ],
    "0.1": [
        null
    ]
}