{
    "inf": [
        0.6225806451612903
    ],
    "2": [
        0.6225806451612903
    ],
    "1.6": [
        0.6398659966499163
    ],
    "1.5": [
        0.7467948717948718
    ],
    "1.4": [
        0.8011695906432749
    ],
    "1.3": [
        0.8152173913043478
    ],
    "1.2": [
        0.8301886792452831
    ],
    "1.1": [
        0.8787878787878788
    ],
    "0.9": [
        0.875
    ],
    "0.8": [
        0.75
    ],
    "0.7": [
        1.0
    ],
    "0.6": [
        null
    ],
    "0.5": [
        null
    ],
    "0.4": [
        null
    ],
    "0.3": [
        null
    ],
    "0.2": [
        null
    ],
    "0.1": [
        null
    ]
}