{
    "inf": [
        0.617741935483871
    ],
    "2": [
        0.617741935483871
    ],
    "1.6": [
        0.6319327731092437
    ],
    "1.5": [
        0.8518518518518519
    ],
    "1.4": [
        0.8863636363636364
    ],
    "1.3": [
        0.875
    ],
    "1.2": [
        1.0
    ],
    "1.1": [
        1.0
    ],
    "0.9": [
        1.0
    ],
    "0.8": [
        1.0
    ],
    "0.7": [
        1.0
    ],
    "0.6": [
        1.0
    ],
    "0.5": [
        1.0
    ],
    "0.4": [
        1.0
    ],
    "0.3": [
        null
    ],
    "0.2": [
        null
    ],
    "0.1": [
        null
    ]
}