{
    "inf": [
        0.5693548387096774
    ],
    "2": [
        0.5693548387096774
    ],
    "1.6": [
        0.6240601503759399
    ],
    "1.5": [
        0.7767857142857143
    ],
    "1.4": [
        0.9032258064516129
    ],
    "1.3": [
        1.0
    ],
    "1.2": [
        1.0
    ],
    "1.1": [
        null
    ],
    "0.9": [
        null
    ],
    "0.8": [
        null
    ],
    "0.7": [
        null
    ],
    "0.6": [
        null
    ],
    "0.5": [
        null
    ],
    "0.4": [
        null
    ],
    "0.3": [
        null
    ],
    "0.2": [
        null
    ],
    "0.1": [
        null
    ]
}