{
    "inf": [
        0.6967741935483871
    ],
    "2": [
        0.6870967741935484
    ],
    "1.6": [
        0.7461240310077519
    ],
    "1.5": [
        0.7615894039735099
    ],
    "1.4": [
        0.7679012345679013
    ],
    "1.3": [
        0.7950138504155124
    ],
    "1.2": [
        0.8103975535168195
    ],
    "1.1": [
        0.8206896551724138
    ],
    "0.9": [
        0.8597285067873304
    ],
    "0.8": [
        0.8743169398907104
    ],
    "0.7": [
        0.8666666666666667
    ],
    "0.6": [
        0.8870967741935484
    ],
    "0.5": [
        0.9029126213592233
    ],
    "0.4": [
        0.9102564102564102
    ],
    "0.3": [
        0.9344262295081968
    ],
    "0.2": [
        0.9743589743589743
    ],
    "0.1": [
        1.0
    ]
}