{
    "inf": [
        0.5935483870967742
    ],
    "2": [
        0.5935483870967742
    ],
    "1.6": [
        0.5964052287581699
    ],
    "1.5": [
        0.7291666666666666
    ],
    "1.4": [
        0.7755102040816326
    ],
    "1.3": [
        0.8064516129032258
    ],
    "1.2": [
        0.881578947368421
    ],
    "1.1": [
        0.8936170212765957
    ],
    "0.9": [
        1.0
    ],
    "0.8": [
        1.0
    ],
    "0.7": [
        1.0
    ],
    "0.6": [
        1.0
    ],
    "0.5": [
        1.0
    ],
    "0.4": [
        1.0
    ],
    "0.3": [
        1.0
    ],
    "0.2": [
        null
    ],
    "0.1": [
        null
    ]
}