{
    "inf": [
        0.6338709677419355
    ],
    "2": [
        0.6193548387096774
    ],
    "1.6": [
        0.6326860841423948
    ],
    "1.5": [
        0.7581395348837209
    ],
    "1.4": [
        0.8107255520504731
    ],
    "1.3": [
        0.8413461538461539
    ],
    "1.2": [
        0.8228571428571428
    ],
    "1.1": [
        0.8211382113821138
    ],
    "0.9": [
        0.7868852459016393
    ],
    "0.8": [
        0.7941176470588235
    ],
    "0.7": [
        0.92
    ],
    "0.6": [
        0.9473684210526315
    ],
    "0.5": [
        0.8888888888888888
    ],
    "0.4": [
        1.0
    ],
    "0.3": [
        1.0
    ],
    "0.2": [
        1.0
    ],
    "0.1": [
        1.0
    ]
}