{
    "inf": [
        0.5612903225806452
    ],
    "2": [
        0.5612903225806452
    ],
    "1.6": [
        0.5961199294532628
    ],
    "1.5": [
        0.7572815533980582
    ],
    "1.4": [
        0.7727272727272727
    ],
    "1.3": [
        0.8333333333333334
    ],
    "1.2": [
        1.0
    ],
    "1.1": [
        1.0
    ],
    "0.9": [
        null
    ],
    "0.8": [
        null
    ],
    "0.7": [
        null
    ],
    "0.6": [
        null
    ],
    "0.5": [
        null
    ],
    "0.4": [
        null
    ],
    "0.3": [
        null
    ],
    "0.2": [
        null
    ],
    "0.1": [
        null
    ]
}