{
    "inf": [
        0.5806451612903226
    ],
    "2": [
        0.5935483870967742
    ],
    "1.6": [
        0.601957585644372
    ],
    "1.5": [
        0.7070707070707071
    ],
    "1.4": [
        0.756198347107438
    ],
    "1.3": [
        0.7785714285714286
    ],
    "1.2": [
        0.8058252427184466
    ],
    "1.1": [
        0.8767123287671232
    ],
    "0.9": [
        0.8529411764705882
    ],
    "0.8": [
        0.8125
    ],
    "0.7": [
        0.9090909090909091
    ],
    "0.6": [
        0.875
    ],
    "0.5": [
        1.0
    ],
    "0.4": [
        null
    ],
    "0.3": [
        null
    ],
    "0.2": [
        null
    ],
    "0.1": [
        null
    ]
}