{
    "inf": [
        0.5967741935483871
    ],
    "2": [
        0.5967741935483871
    ],
    "1.6": [
        0.5996758508914101
    ],
    "1.5": [
        0.6738609112709832
    ],
    "1.4": [
        0.7379912663755459
    ],
    "1.3": [
        0.7569444444444444
    ],
    "1.2": [
        0.8191489361702128
    ],
    "1.1": [
        0.8620689655172413
    ],
    "0.9": [
        1.0
    ],
    "0.8": [
        1.0
    ],
    "0.7": [
        1.0
    ],
    "0.6": [
        1.0
    ],
    "0.5": [
        1.0
    ],
    "0.4": [
        null
    ],
    "0.3": [
        null
    ],
    "0.2": [
        null
    ],
    "0.1": [
        null
    ]
}