{
    "inf": [
        0.6854838709677419
    ],
    "2": [
        0.6806451612903226
    ],
    "1.6": [
        0.7269230769230769
    ],
    "1.5": [
        0.7583892617449665
    ],
    "1.4": [
        0.7729591836734694
    ],
    "1.3": [
        0.7809798270893372
    ],
    "1.2": [
        0.7817589576547231
    ],
    "1.1": [
        0.802158273381295
    ],
    "0.9": [
        0.7870370370370371
    ],
    "0.8": [
        0.8135593220338984
    ],
    "0.7": [
        0.81875
    ],
    "0.6": [
        0.835820895522388
    ],
    "0.5": [
        0.8547008547008547
    ],
    "0.4": [
        0.8804347826086957
    ],
    "0.3": [
        0.8620689655172413
    ],
    "0.2": [
        0.8333333333333334
    ],
    "0.1": [
        0.8888888888888888
    ]
}