{
    "inf": [
        0.5516129032258065
    ],
    "2": [
        0.5532258064516129
    ],
    "1.6": [
        0.5564516129032258
    ],
    "1.5": [
        0.6578313253012048
    ],
    "1.4": [
        0.7442748091603053
    ],
    "1.3": [
        0.7701149425287356
    ],
    "1.2": [
        0.7699115044247787
    ],
    "1.1": [
        0.7428571428571429
    ],
    "0.9": [
        0.78125
    ],
    "0.8": [
        0.8
    ],
    "0.7": [
        0.6
    ],
    "0.6": [
        0.8333333333333334
    ],
    "0.5": [
        1.0
    ],
    "0.4": [
        1.0
    ],
    "0.3": [
        1.0
    ],
    "0.2": [
        null
    ],
    "0.1": [
        null
    ]
}