{
    "inf": [
        0.5887096774193549
    ],
    "2": [
        0.5967741935483871
    ],
    "1.6": [
        0.6138933764135702
    ],
    "1.5": [
        0.6878850102669405
    ],
    "1.4": [
        0.7306733167082294
    ],
    "1.3": [
        0.7699386503067485
    ],
    "1.2": [
        0.7509727626459144
    ],
    "1.1": [
        0.7853881278538812
    ],
    "0.9": [
        0.7925925925925926
    ],
    "0.8": [
        0.8037383177570093
    ],
    "0.7": [
        0.8690476190476191
    ],
    "0.6": [
        0.8709677419354839
    ],
    "0.5": [
        0.9117647058823529
    ],
    "0.4": [
        0.9411764705882353
    ],
    "0.3": [
        0.8571428571428571
    ],
    "0.2": [
        1.0
    ],
    "0.1": [
        1.0
    ]
}