{
    "inf": [
        0.5983870967741935
    ],
    "2": [
        0.5983870967741935
    ],
    "1.6": [
        0.601639344262295
    ],
    "1.5": [
        0.7050691244239631
    ],
    "1.4": [
        0.7474747474747475
    ],
    "1.3": [
        0.7972972972972973
    ],
    "1.2": [
        0.802547770700637
    ],
    "1.1": [
        0.8703703703703703
    ],
    "0.9": [
        0.8979591836734694
    ],
    "0.8": [
        0.8484848484848485
    ],
    "0.7": [
        0.875
    ],
    "0.6": [
        0.875
    ],
    "0.5": [
        0.9
    ],
    "0.4": [
        0.8571428571428571
    ],
    "0.3": [
        1.0
    ],
    "0.2": [
        1.0
    ],
    "0.1": [
        1.0
    ]
}