{
    "inf": [
        0.6112903225806452
    ],
    "2": [
        0.6112903225806452
    ],
    "1.6": [
        0.6152597402597403
    ],
    "1.5": [
        0.7399527186761229
    ],
    "1.4": [
        0.7700348432055749
    ],
    "1.3": [
        0.8457446808510638
    ],
    "1.2": [
        0.873015873015873
    ],
    "1.1": [
        0.9156626506024096
    ],
    "0.9": [
        0.9117647058823529
    ],
    "0.8": [
        0.8947368421052632
    ],
    "0.7": [
        1.0
    ],
    "0.6": [
        1.0
    ],
    "0.5": [
        1.0
    ],
    "0.4": [
        1.0
    ],
    "0.3": [
        1.0
    ],
    "0.2": [
        1.0
    ],
    "0.1": [
        null
    ]
}