{
    "inf": [
        0.6338709677419355
    ],
    "2": [
        0.6338709677419355
    ],
    "1.6": [
        0.636215334420881
    ],
    "1.5": [
        0.7580174927113703
    ],
    "1.4": [
        0.8153846153846154
    ],
    "1.3": [
        0.8706896551724138
    ],
    "1.2": [
        0.9130434782608695
    ],
    "1.1": [
        0.925
    ],
    "0.9": [
        0.875
    ],
    "0.8": [
        0.8333333333333334
    ],
    "0.7": [
        1.0
    ],
    "0.6": [
        1.0
    ],
    "0.5": [
        1.0
    ],
    "0.4": [
        1.0
    ],
    "0.3": [
        null
    ],
    "0.2": [
        null
    ],
    "0.1": [
        null
    ]
}