{
    "inf": [
        0.6419354838709678
    ],
    "2": [
        0.6403225806451613
    ],
    "1.6": [
        0.6560402684563759
    ],
    "1.5": [
        0.8095238095238095
    ],
    "1.4": [
        0.8450704225352113
    ],
    "1.3": [
        0.9230769230769231
    ],
    "1.2": [
        1.0
    ],
    "1.1": [
        1.0
    ],
    "0.9": [
        null
    ],
    "0.8": [
        null
    ],
    "0.7": [
        null
    ],
    "0.6": [
        null
    ],
    "0.5": [
        null
    ],
    "0.4": [
        null
    ],
    "0.3": [
        null
    ],
    "0.2": [
        null
    ],
    "0.1": [
        null
    ]
}