{
    "inf": [
        0.6290322580645161
    ],
    "2": [
        0.632258064516129
    ],
    "1.6": [
        0.6434494195688225
    ],
    "1.5": [
        0.7638888888888888
    ],
    "1.4": [
        0.8185840707964602
    ],
    "1.3": [
        0.8707482993197279
    ],
    "1.2": [
        0.8712871287128713
    ],
    "1.1": [
        0.92
    ],
    "0.9": [
        0.9393939393939394
    ],
    "0.8": [
        1.0
    ],
    "0.7": [
        1.0
    ],
    "0.6": [
        1.0
    ],
    "0.5": [
        1.0
    ],
    "0.4": [
        1.0
    ],
    "0.3": [
        1.0
    ],
    "0.2": [
        1.0
    ],
    "0.1": [
        null
    ]
}