{
    "inf": [
        0.5935483870967742
    ],
    "2": [
        0.5935483870967742
    ],
    "1.6": [
        0.6162988115449916
    ],
    "1.5": [
        0.8034188034188035
    ],
    "1.4": [
        0.8532110091743119
    ],
    "1.3": [
        0.9180327868852459
    ],
    "1.2": [
        0.9210526315789473
    ],
    "1.1": [
        0.9545454545454546
    ],
    "0.9": [
        1.0
    ],
    "0.8": [
        1.0
    ],
    "0.7": [
        1.0
    ],
    "0.6": [
        1.0
    ],
    "0.5": [
        1.0
    ],
    "0.4": [
        null
    ],
    "0.3": [
        null
    ],
    "0.2": [
        null
    ],
    "0.1": [
        null
    ]
}