{
    "inf": [
        0.6161290322580645
    ],
    "2": [
        0.6161290322580645
    ],
    "1.6": [
        0.6191247974068071
    ],
    "1.5": [
        0.6965065502183406
    ],
    "1.4": [
        0.7717041800643086
    ],
    "1.3": [
        0.7990867579908676
    ],
    "1.2": [
        0.84375
    ],
    "1.1": [
        0.8888888888888888
    ],
    "0.9": [
        0.9122807017543859
    ],
    "0.8": [
        0.8888888888888888
    ],
    "0.7": [
        0.875
    ],
    "0.6": [
        0.9411764705882353
    ],
    "0.5": [
        0.9230769230769231
    ],
    "0.4": [
        0.875
    ],
    "0.3": [
        1.0
    ],
    "0.2": [
        null
    ],
    "0.1": [
        null
    ]
}