{
    "inf": [
        0.6096774193548387
    ],
    "2": [
        0.6161290322580645
    ],
    "1.6": [
        0.6136363636363636
    ],
    "1.5": [
        0.7107942973523421
    ],
    "1.4": [
        0.7375328083989501
    ],
    "1.3": [
        0.7818791946308725
    ],
    "1.2": [
        0.8059071729957806
    ],
    "1.1": [
        0.8
    ],
    "0.9": [
        0.8425925925925926
    ],
    "0.8": [
        0.8414634146341463
    ],
    "0.7": [
        0.8709677419354839
    ],
    "0.6": [
        0.8947368421052632
    ],
    "0.5": [
        0.9615384615384616
    ],
    "0.4": [
        1.0
    ],
    "0.3": [
        1.0
    ],
    "0.2": [
        1.0
    ],
    "0.1": [
        null
    ]
}