{
    "inf": [
        0.6096774193548387
    ],
    "2": [
        0.6064516129032258
    ],
    "1.6": [
        0.6103896103896104
    ],
    "1.5": [
        0.7235955056179775
    ],
    "1.4": [
        0.7574850299401198
    ],
    "1.3": [
        0.7888446215139442
    ],
    "1.2": [
        0.8274111675126904
    ],
    "1.1": [
        0.8707482993197279
    ],
    "0.9": [
        0.8783783783783784
    ],
    "0.8": [
        0.9215686274509803
    ],
    "0.7": [
        0.9166666666666666
    ],
    "0.6": [
        0.8928571428571429
    ],
    "0.5": [
        0.875
    ],
    "0.4": [
        1.0
    ],
    "0.3": [
        1.0
    ],
    "0.2": [
        1.0
    ],
    "0.1": [
        null
    ]
}