{
    "inf": [
        0.6258064516129033
    ],
    "2": [
        0.6258064516129033
    ],
    "1.6": [
        0.6360655737704918
    ],
    "1.5": [
        0.7374429223744292
    ],
    "1.4": [
        0.7515527950310559
    ],
    "1.3": [
        0.7675438596491229
    ],
    "1.2": [
        0.8
    ],
    "1.1": [
        0.875
    ],
    "0.9": [
        0.9074074074074074
    ],
    "0.8": [
        0.918918918918919
    ],
    "0.7": [
        0.9285714285714286
    ],
    "0.6": [
        0.8947368421052632
    ],
    "0.5": [
        0.8571428571428571
    ],
    "0.4": [
        1.0
    ],
    "0.3": [
        1.0
    ],
    "0.2": [
        1.0
    ],
    "0.1": [
        null
    ]
}