{
    "inf": [
        0.6838709677419355
    ],
    "2": [
        0.682258064516129
    ],
    "1.6": [
        0.719758064516129
    ],
    "1.5": [
        0.7213114754098361
    ],
    "1.4": [
        0.7382198952879581
    ],
    "1.3": [
        0.7335329341317365
    ],
    "1.2": [
        0.7543859649122807
    ],
    "1.1": [
        0.765625
    ],
    "0.9": [
        0.7621621621621621
    ],
    "0.8": [
        0.7604790419161677
    ],
    "0.7": [
        0.7841726618705036
    ],
    "0.6": [
        0.7786885245901639
    ],
    "0.5": [
        0.7980769230769231
    ],
    "0.4": [
        0.8125
    ],
    "0.3": [
        0.8166666666666667
    ],
    "0.2": [
        0.8333333333333334
    ],
    "0.1": [
        1.0
    ]
}