{
    "inf": [
        0.6693548387096774
    ],
    "2": [
        0.6645161290322581
    ],
    "1.6": [
        0.7015503875968992
    ],
    "1.5": [
        0.7035398230088495
    ],
    "1.4": [
        0.7289002557544757
    ],
    "1.3": [
        0.7172619047619048
    ],
    "1.2": [
        0.7250859106529209
    ],
    "1.1": [
        0.7611336032388664
    ],
    "0.9": [
        0.7868852459016393
    ],
    "0.8": [
        0.779874213836478
    ],
    "0.7": [
        0.7637795275590551
    ],
    "0.6": [
        0.76
    ],
    "0.5": [
        0.7866666666666666
    ],
    "0.4": [
        0.8070175438596491
    ],
    "0.3": [
        0.9230769230769231
    ],
    "0.2": [
        0.8888888888888888
    ],
    "0.1": [
        1.0
    ]
}