{
    "inf": [
        0.6806451612903226
    ],
    "2": [
        0.6758064516129032
    ],
    "1.6": [
        0.7305502846299811
    ],
    "1.5": [
        0.7505376344086021
    ],
    "1.4": [
        0.763681592039801
    ],
    "1.3": [
        0.7853107344632768
    ],
    "1.2": [
        0.77491961414791
    ],
    "1.1": [
        0.8146718146718147
    ],
    "0.9": [
        0.8735632183908046
    ],
    "0.8": [
        0.8918918918918919
    ],
    "0.7": [
        0.9230769230769231
    ],
    "0.6": [
        0.9038461538461539
    ],
    "0.5": [
        0.9156626506024096
    ],
    "0.4": [
        0.9491525423728814
    ],
    "0.3": [
        1.0
    ],
    "0.2": [
        1.0
    ],
    "0.1": [
        1.0
    ]
}