{
    "inf": [
        0.603225806451613
    ],
    "2": [
        0.603225806451613
    ],
    "1.6": [
        0.6061588330632091
    ],
    "1.5": [
        0.7226107226107226
    ],
    "1.4": [
        0.7565543071161048
    ],
    "1.3": [
        0.7711442786069652
    ],
    "1.2": [
        0.8273381294964028
    ],
    "1.1": [
        0.8543689320388349
    ],
    "0.9": [
        0.8947368421052632
    ],
    "0.8": [
        0.9047619047619048
    ],
    "0.7": [
        0.9285714285714286
    ],
    "0.6": [
        1.0
    ],
    "0.5": [
        1.0
    ],
    "0.4": [
        1.0
    ],
    "0.3": [
        1.0
    ],
    "0.2": [
        1.0
    ],
    "0.1": [
        null
    ]
}