{
    "inf": [
        0.6290322580645161
    ],
    "2": [
        0.6274193548387097
    ],
    "1.6": [
        0.6563011456628478
    ],
    "1.5": [
        0.7956730769230769
    ],
    "1.4": [
        0.8096774193548387
    ],
    "1.3": [
        0.8027522935779816
    ],
    "1.2": [
        0.8224852071005917
    ],
    "1.1": [
        0.8275862068965517
    ],
    "0.9": [
        0.8552631578947368
    ],
    "0.8": [
        0.8888888888888888
    ],
    "0.7": [
        0.8947368421052632
    ],
    "0.6": [
        0.875
    ],
    "0.5": [
        1.0
    ],
    "0.4": [
        1.0
    ],
    "0.3": [
        1.0
    ],
    "0.2": [
        null
    ],
    "0.1": [
        null
    ]
}