{
    "inf": [
        0.6048387096774194
    ],
    "2": [
        0.6
    ],
    "1.6": [
        0.6012965964343598
    ],
    "1.5": [
        0.7142857142857143
    ],
    "1.4": [
        0.758957654723127
    ],
    "1.3": [
        0.7950819672131147
    ],
    "1.2": [
        0.8333333333333334
    ],
    "1.1": [
        0.8445945945945946
    ],
    "0.9": [
        0.8933333333333333
    ],
    "0.8": [
        0.9122807017543859
    ],
    "0.7": [
        0.8974358974358975
    ],
    "0.6": [
        0.9285714285714286
    ],
    "0.5": [
        0.8888888888888888
    ],
    "0.4": [
        1.0
    ],
    "0.3": [
        1.0
    ],
    "0.2": [
        1.0
    ],
    "0.1": [
        1.0
    ]
}