{
    "inf": [
        0.6112903225806452
    ],
    "2": [
        0.6064516129032258
    ],
    "1.6": [
        0.6292517006802721
    ],
    "1.5": [
        0.7707736389684814
    ],
    "1.4": [
        0.8186046511627907
    ],
    "1.3": [
        0.8372093023255814
    ],
    "1.2": [
        0.8941176470588236
    ],
    "1.1": [
        0.9122807017543859
    ],
    "0.9": [
        0.9615384615384616
    ],
    "0.8": [
        1.0
    ],
    "0.7": [
        1.0
    ],
    "0.6": [
        1.0
    ],
    "0.5": [
        1.0
    ],
    "0.4": [
        1.0
    ],
    "0.3": [
        1.0
    ],
    "0.2": [
        null
    ],
    "0.1": [
        null
    ]
}