{
    "inf": [
        0.5903225806451613
    ],
    "2": [
        0.5887096774193549
    ],
    "1.6": [
        0.6
    ],
    "1.5": [
        0.712468193384224
    ],
    "1.4": [
        0.7550200803212851
    ],
    "1.3": [
        0.8011363636363636
    ],
    "1.2": [
        0.7833333333333333
    ],
    "1.1": [
        0.8275862068965517
    ],
    "0.9": [
        0.8571428571428571
    ],
    "0.8": [
        0.8529411764705882
    ],
    "0.7": [
        0.8571428571428571
    ],
    "0.6": [
        0.9090909090909091
    ],
    "0.5": [
        1.0
    ],
    "0.4": [
        1.0
    ],
    "0.3": [
        1.0
    ],
    "0.2": [
        1.0
    ],
    "0.1": [
        null
    ]
}