{
    "inf": [
        0.5629032258064516
    ],
    "2": [
        0.5629032258064516
    ],
    "1.6": [
        0.5656401944894651
    ],
    "1.5": [
        0.6627358490566038
    ],
    "1.4": [
        0.7168458781362007
    ],
    "1.3": [
        0.7352941176470589
    ],
    "1.2": [
        0.7905405405405406
    ],
    "1.1": [
        0.8260869565217391
    ],
    "0.9": [
        0.8333333333333334
    ],
    "0.8": [
        0.875
    ],
    "0.7": [
        0.8571428571428571
    ],
    "0.6": [
        0.8571428571428571
    ],
    "0.5": [
        0.8333333333333334
    ],
    "0.4": [
        0.75
    ],
    "0.3": [
        1.0
    ],
    "0.2": [
        1.0
    ],
    "0.1": [
        1.0
    ]
}