{
    "inf": [
        0.6161290322580645
    ],
    "2": [
        0.6161290322580645
    ],
    "1.6": [
        0.6181229773462783
    ],
    "1.5": [
        0.7293577981651376
    ],
    "1.4": [
        0.7885906040268457
    ],
    "1.3": [
        0.7880184331797235
    ],
    "1.2": [
        0.7986111111111112
    ],
    "1.1": [
        0.8
    ],
    "0.9": [
        0.75
    ],
    "0.8": [
        0.7419354838709677
    ],
    "0.7": [
        0.7619047619047619
    ],
    "0.6": [
        0.8461538461538461
    ],
    "0.5": [
        0.875
    ],
    "0.4": [
        1.0
    ],
    "0.3": [
        1.0
    ],
    "0.2": [
        1.0
    ],
    "0.1": [
        null
    ]
}