{
    "inf": [
        0.635483870967742
    ],
    "2": [
        0.635483870967742
    ],
    "1.6": [
        0.6375404530744336
    ],
    "1.5": [
        0.7309322033898306
    ],
    "1.4": [
        0.7723076923076924
    ],
    "1.3": [
        0.7625
    ],
    "1.2": [
        0.7771739130434783
    ],
    "1.1": [
        0.8
    ],
    "0.9": [
        0.7910447761194029
    ],
    "0.8": [
        0.8163265306122449
    ],
    "0.7": [
        0.9310344827586207
    ],
    "0.6": [
        0.9444444444444444
    ],
    "0.5": [
        0.9
    ],
    "0.4": [
        0.8333333333333334
    ],
    "0.3": [
        1.0
    ],
    "0.2": [
        1.0
    ],
    "0.1": [
        1.0
    ]
}