{
    "inf": [
        0.55
    ],
    "2": [
        0.55
    ],
    "1.6": [
        0.551779935275081
    ],
    "1.5": [
        0.6226415094339622
    ],
    "1.4": [
        0.6936936936936937
    ],
    "1.3": [
        0.7113821138211383
    ],
    "1.2": [
        0.7714285714285715
    ],
    "1.1": [
        0.7954545454545454
    ],
    "0.9": [
        0.8289473684210527
    ],
    "0.8": [
        0.8913043478260869
    ],
    "0.7": [
        0.8857142857142857
    ],
    "0.6": [
        0.9473684210526315
    ],
    "0.5": [
        0.9166666666666666
    ],
    "0.4": [
        0.8333333333333334
    ],
    "0.3": [
        1.0
    ],
    "0.2": [
        1.0
    ],
    "0.1": [
        1.0
    ]
}