{
    "inf": [
        0.667741935483871
    ],
    "2": [
        0.6758064516129032
    ],
    "1.6": [
        0.7345309381237525
    ],
    "1.5": [
        0.7595238095238095
    ],
    "1.4": [
        0.7759103641456583
    ],
    "1.3": [
        0.7885906040268457
    ],
    "1.2": [
        0.7938931297709924
    ],
    "1.1": [
        0.7782608695652173
    ],
    "0.9": [
        0.8278145695364238
    ],
    "0.8": [
        0.8421052631578947
    ],
    "0.7": [
        0.8440366972477065
    ],
    "0.6": [
        0.8450704225352113
    ],
    "0.5": [
        0.9047619047619048
    ],
    "0.4": [
        0.8974358974358975
    ],
    "0.3": [
        0.9642857142857143
    ],
    "0.2": [
        0.9375
    ],
    "0.1": [
        1.0
    ]
}