{
    "inf": [
        0.6435483870967742
    ],
    "2": [
        0.6435483870967742
    ],
    "1.6": [
        0.6949458483754513
    ],
    "1.5": [
        0.8174603174603174
    ],
    "1.4": [
        0.8888888888888888
    ],
    "1.3": [
        0.8461538461538461
    ],
    "1.2": [
        0.6666666666666666
    ],
    "1.1": [
        null
    ],
    "0.9": [
        null
    ],
    "0.8": [
        null
    ],
    "0.7": [
        null
    ],
    "0.6": [
        null
    ],
    "0.5": [
        null
    ],
    "0.4": [
        null
    ],
    "0.3": [
        null
    ],
    "0.2": [
        null
    ],
    "0.1": [
        null
    ]
}