{
    "inf": [
        0.5806451612903226
    ],
    "2": [
        0.5774193548387097
    ],
    "1.6": [
        0.5912897822445561
    ],
    "1.5": [
        0.772
    ],
    "1.4": [
        0.8467741935483871
    ],
    "1.3": [
        0.9210526315789473
    ],
    "1.2": [
        0.9347826086956522
    ],
    "1.1": [
        0.9655172413793104
    ],
    "0.9": [
        1.0
    ],
    "0.8": [
        1.0
    ],
    "0.7": [
        1.0
    ],
    "0.6": [
        1.0
    ],
    "0.5": [
        1.0
    ],
    "0.4": [
        1.0
    ],
    "0.3": [
        1.0
    ],
    "0.2": [
        null
    ],
    "0.1": [
        null
    ]
}