{
    "inf": [
        0.5758064516129032
    ],
    "2": [
        0.5758064516129032
    ],
    "1.6": [
        0.5758064516129032
    ],
    "1.5": [
        0.6649484536082474
    ],
    "1.4": [
        0.7398373983739838
    ],
    "1.3": [
        0.7764705882352941
    ],
    "1.2": [
        0.803030303030303
    ],
    "1.1": [
        0.8369565217391305
    ],
    "0.9": [
        0.8048780487804879
    ],
    "0.8": [
        0.8
    ],
    "0.7": [
        1.0
    ],
    "0.6": [
        1.0
    ],
    "0.5": [
        1.0
    ],
    "0.4": [
        1.0
    ],
    "0.3": [
        1.0
    ],
    "0.2": [
        1.0
    ],
    "0.1": [
        1.0
    ]
}