{
    "inf": [
        0.6129032258064516
    ],
    "2": [
        0.6129032258064516
    ],
    "1.6": [
        0.6158833063209076
    ],
    "1.5": [
        0.7078189300411523
    ],
    "1.4": [
        0.7357512953367875
    ],
    "1.3": [
        0.755700325732899
    ],
    "1.2": [
        0.7903930131004366
    ],
    "1.1": [
        0.819672131147541
    ],
    "0.9": [
        0.8165137614678899
    ],
    "0.8": [
        0.8160919540229885
    ],
    "0.7": [
        0.8253968253968254
    ],
    "0.6": [
        0.813953488372093
    ],
    "0.5": [
        0.8636363636363636
    ],
    "0.4": [
        0.9285714285714286
    ],
    "0.3": [
        0.875
    ],
    "0.2": [
        1.0
    ],
    "0.1": [
        null
    ]
}