{
    "inf": [
        0.6048387096774194
    ],
    "2": [
        0.6048387096774194
    ],
    "1.6": [
        0.7101123595505618
    ],
    "1.5": [
        0.8421052631578947
    ],
    "1.4": [
        null
    ],
    "1.3": [
        null
    ],
    "1.2": [
        null
    ],
    "1.1": [
        null
    ],
    "0.9": [
        null
    ],
    "0.8": [
        null
    ],
    "0.7": [
        null
    ],
    "0.6": [
        null
    ],
    "0.5": [
        null
    ],
    "0.4": [
        null
    ],
    "0.3": [
        null
    ],
    "0.2": [
        null
    ],
    "0.1": [
        null
    ]
}