{
    "inf": [
        0.5774193548387097
    ],
    "2": [
        0.5887096774193549
    ],
    "1.6": [
        0.5898692810457516
    ],
    "1.5": [
        0.7508305647840532
    ],
    "1.4": [
        0.7894736842105263
    ],
    "1.3": [
        0.8045977011494253
    ],
    "1.2": [
        0.8448275862068966
    ],
    "1.1": [
        0.9333333333333333
    ],
    "0.9": [
        0.9
    ],
    "0.8": [
        0.8333333333333334
    ],
    "0.7": [
        1.0
    ],
    "0.6": [
        1.0
    ],
    "0.5": [
        null
    ],
    "0.4": [
        null
    ],
    "0.3": [
        null
    ],
    "0.2": [
        null
    ],
    "0.1": [
        null
    ]
}