{
    "inf": [
        0.6225806451612903
    ],
    "2": [
        0.6225806451612903
    ],
    "1.6": [
        0.6631762652705061
    ],
    "1.5": [
        0.8187919463087249
    ],
    "1.4": [
        0.7391304347826086
    ],
    "1.3": [
        0.8181818181818182
    ],
    "1.2": [
        0.8571428571428571
    ],
    "1.1": [
        1.0
    ],
    "0.9": [
        1.0
    ],
    "0.8": [
        1.0
    ],
    "0.7": [
        1.0
    ],
    "0.6": [
        null
    ],
    "0.5": [
        null
    ],
    "0.4": [
        null
    ],
    "0.3": [
        null
    ],
    "0.2": [
        null
    ],
    "0.1": [
        null
    ]
}