{
    "inf": [
        0.603225806451613
    ],
    "2": [
        0.603225806451613
    ],
    "1.6": [
        0.6051779935275081
    ],
    "1.5": [
        0.68762278978389
    ],
    "1.4": [
        0.7634961439588689
    ],
    "1.3": [
        0.7762711864406779
    ],
    "1.2": [
        0.8045454545454546
    ],
    "1.1": [
        0.8364779874213837
    ],
    "0.9": [
        0.8681318681318682
    ],
    "0.8": [
        0.9354838709677419
    ],
    "0.7": [
        0.9333333333333333
    ],
    "0.6": [
        0.9130434782608695
    ],
    "0.5": [
        1.0
    ],
    "0.4": [
        1.0
    ],
    "0.3": [
        1.0
    ],
    "0.2": [
        1.0
    ],
    "0.1": [
        1.0
    ]
}