{
    "inf": [
        0.5967741935483871
    ],
    "2": [
        0.5919354838709677
    ],
    "1.6": [
        0.6003236245954693
    ],
    "1.5": [
        0.6666666666666666
    ],
    "1.4": [
        0.7326968973747017
    ],
    "1.3": [
        0.7567567567567568
    ],
    "1.2": [
        0.774074074074074
    ],
    "1.1": [
        0.7718446601941747
    ],
    "0.9": [
        0.7902097902097902
    ],
    "0.8": [
        0.8067226890756303
    ],
    "0.7": [
        0.8235294117647058
    ],
    "0.6": [
        0.7678571428571429
    ],
    "0.5": [
        0.7619047619047619
    ],
    "0.4": [
        0.7419354838709677
    ],
    "0.3": [
        0.9090909090909091
    ],
    "0.2": [
        1.0
    ],
    "0.1": [
        null
    ]
}