{
    "inf": [
        0.6532258064516129
    ],
    "2": [
        0.6580645161290323
    ],
    "1.6": [
        0.6970873786407767
    ],
    "1.5": [
        0.7181208053691275
    ],
    "1.4": [
        0.7421875
    ],
    "1.3": [
        0.7696793002915452
    ],
    "1.2": [
        0.7840531561461794
    ],
    "1.1": [
        0.7977099236641222
    ],
    "0.9": [
        0.8306010928961749
    ],
    "0.8": [
        0.8513513513513513
    ],
    "0.7": [
        0.8861788617886179
    ],
    "0.6": [
        0.898989898989899
    ],
    "0.5": [
        0.9156626506024096
    ],
    "0.4": [
        0.9384615384615385
    ],
    "0.3": [
        0.9523809523809523
    ],
    "0.2": [
        0.92
    ],
    "0.1": [
        1.0
    ]
}