{
    "inf": [
        0.5935483870967742
    ],
    "2": [
        0.5935483870967742
    ],
    "1.6": [
        0.6009852216748769
    ],
    "1.5": [
        0.7558139534883721
    ],
    "1.4": [
        0.7772511848341233
    ],
    "1.3": [
        0.8115942028985508
    ],
    "1.2": [
        0.8369565217391305
    ],
    "1.1": [
        0.8888888888888888
    ],
    "0.9": [
        0.9545454545454546
    ],
    "0.8": [
        1.0
    ],
    "0.7": [
        1.0
    ],
    "0.6": [
        1.0
    ],
    "0.5": [
        1.0
    ],
    "0.4": [
        1.0
    ],
    "0.3": [
        1.0
    ],
    "0.2": [
        null
    ],
    "0.1": [
        null
    ]
}