{
    "inf": [
        0.667741935483871
    ],
    "2": [
        0.667741935483871
    ],
    "1.6": [
        0.7154150197628458
    ],
    "1.5": [
        0.7300884955752213
    ],
    "1.4": [
        0.7397959183673469
    ],
    "1.3": [
        0.7536231884057971
    ],
    "1.2": [
        0.7753164556962026
    ],
    "1.1": [
        0.7972027972027972
    ],
    "0.9": [
        0.8078602620087336
    ],
    "0.8": [
        0.8109452736318408
    ],
    "0.7": [
        0.8166666666666667
    ],
    "0.6": [
        0.8431372549019608
    ],
    "0.5": [
        0.8409090909090909
    ],
    "0.4": [
        0.8407079646017699
    ],
    "0.3": [
        0.8505747126436781
    ],
    "0.2": [
        0.8181818181818182
    ],
    "0.1": [
        0.7647058823529411
    ]
}