{
    "inf": [
        0.6338709677419355
    ],
    "2": [
        0.632258064516129
    ],
    "1.6": [
        0.6390243902439025
    ],
    "1.5": [
        0.747016706443914
    ],
    "1.4": [
        0.776173285198556
    ],
    "1.3": [
        0.8333333333333334
    ],
    "1.2": [
        0.856
    ],
    "1.1": [
        0.9594594594594594
    ],
    "0.9": [
        1.0
    ],
    "0.8": [
        1.0
    ],
    "0.7": [
        1.0
    ],
    "0.6": [
        1.0
    ],
    "0.5": [
        1.0
    ],
    "0.4": [
        1.0
    ],
    "0.3": [
        null
    ],
    "0.2": [
        null
    ],
    "0.1": [
        null
    ]
}