{
    "inf": [
        0.582258064516129
    ],
    "2": [
        0.5790322580645161
    ],
    "1.6": [
        0.5867768595041323
    ],
    "1.5": [
        0.7398648648648649
    ],
    "1.4": [
        0.8523489932885906
    ],
    "1.3": [
        0.8625
    ],
    "1.2": [
        0.8484848484848485
    ],
    "1.1": [
        0.9375
    ],
    "0.9": [
        1.0
    ],
    "0.8": [
        1.0
    ],
    "0.7": [
        1.0
    ],
    "0.6": [
        1.0
    ],
    "0.5": [
        1.0
    ],
    "0.4": [
        1.0
    ],
    "0.3": [
        1.0
    ],
    "0.2": [
        1.0
    ],
    "0.1": [
        null
    ]
}