{
    "inf": [
        0.6338709677419355
    ],
    "2": [
        0.632258064516129
    ],
    "1.6": [
        0.6373983739837399
    ],
    "1.5": [
        0.7559241706161137
    ],
    "1.4": [
        0.8082191780821918
    ],
    "1.3": [
        0.835820895522388
    ],
    "1.2": [
        0.8759124087591241
    ],
    "1.1": [
        0.8804347826086957
    ],
    "0.9": [
        0.8913043478260869
    ],
    "0.8": [
        0.896551724137931
    ],
    "0.7": [
        0.9047619047619048
    ],
    "0.6": [
        0.9090909090909091
    ],
    "0.5": [
        1.0
    ],
    "0.4": [
        1.0
    ],
    "0.3": [
        1.0
    ],
    "0.2": [
        null
    ],
    "0.1": [
        null
    ]
}