{
    "inf": [
        0.6983870967741935
    ],
    "2": [
        0.6935483870967742
    ],
    "1.6": [
        0.7211155378486056
    ],
    "1.5": [
        0.7377049180327869
    ],
    "1.4": [
        0.7412398921832885
    ],
    "1.3": [
        0.7252396166134185
    ],
    "1.2": [
        0.7418181818181818
    ],
    "1.1": [
        0.7802690582959642
    ],
    "0.9": [
        0.7806451612903226
    ],
    "0.8": [
        0.8076923076923077
    ],
    "0.7": [
        0.8
    ],
    "0.6": [
        0.8117647058823529
    ],
    "0.5": [
        0.7936507936507936
    ],
    "0.4": [
        0.9090909090909091
    ],
    "0.3": [
        0.96
    ],
    "0.2": [
        0.9166666666666666
    ],
    "0.1": [
        1.0
    ]
}