{
    "inf": [
        0.5774193548387097
    ],
    "2": [
        0.6016129032258064
    ],
    "1.6": [
        0.592891760904685
    ],
    "1.5": [
        0.65748031496063
    ],
    "1.4": [
        0.6963855421686747
    ],
    "1.3": [
        0.7407407407407407
    ],
    "1.2": [
        0.7634854771784232
    ],
    "1.1": [
        0.8125
    ],
    "0.9": [
        0.8045112781954887
    ],
    "0.8": [
        0.8
    ],
    "0.7": [
        0.7746478873239436
    ],
    "0.6": [
        0.84
    ],
    "0.5": [
        0.696969696969697
    ],
    "0.4": [
        0.7647058823529411
    ],
    "0.3": [
        0.9166666666666666
    ],
    "0.2": [
        1.0
    ],
    "0.1": [
        1.0
    ]
}