{
    "inf": [
        0.5774193548387097
    ],
    "2": [
        0.5774193548387097
    ],
    "1.6": [
        0.5822368421052632
    ],
    "1.5": [
        0.6898148148148148
    ],
    "1.4": [
        0.750788643533123
    ],
    "1.3": [
        0.7816593886462883
    ],
    "1.2": [
        0.8214285714285714
    ],
    "1.1": [
        0.8363636363636363
    ],
    "0.9": [
        0.9454545454545454
    ],
    "0.8": [
        0.9444444444444444
    ],
    "0.7": [
        0.96
    ],
    "0.6": [
        0.9411764705882353
    ],
    "0.5": [
        1.0
    ],
    "0.4": [
        1.0
    ],
    "0.3": [
        1.0
    ],
    "0.2": [
        1.0
    ],
    "0.1": [
        1.0
    ]
}