{
    "inf": [
        0.6129032258064516
    ],
    "2": [
        0.6209677419354839
    ],
    "1.6": [
        0.6636029411764706
    ],
    "1.5": [
        0.8585858585858586
    ],
    "1.4": [
        0.9411764705882353
    ],
    "1.3": [
        1.0
    ],
    "1.2": [
        1.0
    ],
    "1.1": [
        1.0
    ],
    "0.9": [
        null
    ],
    "0.8": [
        null
    ],
    "0.7": [
        null
    ],
    "0.6": [
        null
    ],
    "0.5": [
        null
    ],
    "0.4": [
        null
    ],
    "0.3": [
        null
    ],
    "0.2": [
        null
    ],
    "0.1": [
        null
    ]
}