{
    "inf": [
        0.6645161290322581
    ],
    "2": [
        0.6629032258064517
    ],
    "1.6": [
        0.7038391224862889
    ],
    "1.5": [
        0.714867617107943
    ],
    "1.4": [
        0.7146171693735499
    ],
    "1.3": [
        0.725130890052356
    ],
    "1.2": [
        0.7272727272727273
    ],
    "1.1": [
        0.7406143344709898
    ],
    "0.9": [
        0.7863247863247863
    ],
    "0.8": [
        0.803921568627451
    ],
    "0.7": [
        0.8111111111111111
    ],
    "0.6": [
        0.8278145695364238
    ],
    "0.5": [
        0.8473282442748091
    ],
    "0.4": [
        0.8333333333333334
    ],
    "0.3": [
        0.8378378378378378
    ],
    "0.2": [
        0.9487179487179487
    ],
    "0.1": [
        0.9285714285714286
    ]
}