{
    "inf": [
        0.6548387096774193
    ],
    "2": [
        0.6548387096774193
    ],
    "1.6": [
        0.6757215619694398
    ],
    "1.5": [
        0.8164794007490637
    ],
    "1.4": [
        0.8712121212121212
    ],
    "1.3": [
        0.855072463768116
    ],
    "1.2": [
        0.8846153846153846
    ],
    "1.1": [
        1.0
    ],
    "0.9": [
        1.0
    ],
    "0.8": [
        1.0
    ],
    "0.7": [
        1.0
    ],
    "0.6": [
        1.0
    ],
    "0.5": [
        1.0
    ],
    "0.4": [
        null
    ],
    "0.3": [
        null
    ],
    "0.2": [
        null
    ],
    "0.1": [
        null
    ]
}