{
    "inf": [
        0.6016129032258064
    ],
    "2": [
        0.6016129032258064
    ],
    "1.6": [
        0.6078431372549019
    ],
    "1.5": [
        0.7354651162790697
    ],
    "1.4": [
        0.7607655502392344
    ],
    "1.3": [
        0.8129496402877698
    ],
    "1.2": [
        0.8367346938775511
    ],
    "1.1": [
        0.8461538461538461
    ],
    "0.9": [
        0.88
    ],
    "0.8": [
        1.0
    ],
    "0.7": [
        1.0
    ],
    "0.6": [
        1.0
    ],
    "0.5": [
        1.0
    ],
    "0.4": [
        1.0
    ],
    "0.3": [
        1.0
    ],
    "0.2": [
        1.0
    ],
    "0.1": [
        null
    ]
}