{
    "inf": [
        0.614516129032258
    ],
    "2": [
        0.614516129032258
    ],
    "1.6": [
        0.6268656716417911
    ],
    "1.5": [
        0.7583892617449665
    ],
    "1.4": [
        0.8081395348837209
    ],
    "1.3": [
        0.8431372549019608
    ],
    "1.2": [
        0.8571428571428571
    ],
    "1.1": [
        0.8260869565217391
    ],
    "0.9": [
        0.8095238095238095
    ],
    "0.8": [
        0.8461538461538461
    ],
    "0.7": [
        1.0
    ],
    "0.6": [
        1.0
    ],
    "0.5": [
        1.0
    ],
    "0.4": [
        null
    ],
    "0.3": [
        null
    ],
    "0.2": [
        null
    ],
    "0.1": [
        null
    ]
}