{
    "inf": [
        0.6
    ],
    "2": [
        0.6
    ],
    "1.6": [
        0.6
    ],
    "1.5": [
        0.640625
    ],
    "1.4": [
        0.7041564792176039
    ],
    "1.3": [
        0.7384615384615385
    ],
    "1.2": [
        0.7587548638132295
    ],
    "1.1": [
        0.7766990291262136
    ],
    "0.9": [
        0.8088235294117647
    ],
    "0.8": [
        0.8725490196078431
    ],
    "0.7": [
        0.8933333333333333
    ],
    "0.6": [
        0.8888888888888888
    ],
    "0.5": [
        0.918918918918919
    ],
    "0.4": [
        0.9166666666666666
    ],
    "0.3": [
        1.0
    ],
    "0.2": [
        1.0
    ],
    "0.1": [
        1.0
    ]
}