{
    "inf": [
        0.5951612903225807
    ],
    "2": [
        0.5951612903225807
    ],
    "1.6": [
        0.600326264274062
    ],
    "1.5": [
        0.8879310344827587
    ],
    "1.4": [
        0.9714285714285714
    ],
    "1.3": [
        1.0
    ],
    "1.2": [
        1.0
    ],
    "1.1": [
        1.0
    ],
    "0.9": [
        1.0
    ],
    "0.8": [
        null
    ],
    "0.7": [
        null
    ],
    "0.6": [
        null
    ],
    "0.5": [
        null
    ],
    "0.4": [
        null
    ],
    "0.3": [
        null
    ],
    "0.2": [
        null
    ],
    "0.1": [
        null
    ]
}