{
    "inf": [
        0.5806451612903226
    ],
    "2": [
        0.582258064516129
    ],
    "1.6": [
        0.5737439222042139
    ],
    "1.5": [
        0.7017543859649122
    ],
    "1.4": [
        0.7528089887640449
    ],
    "1.3": [
        0.7868852459016393
    ],
    "1.2": [
        0.8429752066115702
    ],
    "1.1": [
        0.8804347826086957
    ],
    "0.9": [
        0.9310344827586207
    ],
    "0.8": [
        0.9444444444444444
    ],
    "0.7": [
        0.8888888888888888
    ],
    "0.6": [
        1.0
    ],
    "0.5": [
        1.0
    ],
    "0.4": [
        null
    ],
    "0.3": [
        null
    ],
    "0.2": [
        1.0
    ],
    "0.1": [
        null
    ]
}