{
    "inf": [
        0.5629032258064516
    ],
    "2": [
        0.5612903225806452
    ],
    "1.6": [
        0.564935064935065
    ],
    "1.5": [
        0.6686626746506986
    ],
    "1.4": [
        0.7128712871287128
    ],
    "1.3": [
        0.7311178247734139
    ],
    "1.2": [
        0.75
    ],
    "1.1": [
        0.7905982905982906
    ],
    "0.9": [
        0.7785234899328859
    ],
    "0.8": [
        0.7913043478260869
    ],
    "0.7": [
        0.8313253012048193
    ],
    "0.6": [
        0.8656716417910447
    ],
    "0.5": [
        0.8913043478260869
    ],
    "0.4": [
        0.8461538461538461
    ],
    "0.3": [
        0.8333333333333334
    ],
    "0.2": [
        1.0
    ],
    "0.1": [
        1.0
    ]
}