{
    "inf": [
        0.5774193548387097
    ],
    "2": [
        0.603225806451613
    ],
    "1.6": [
        0.6056105610561056
    ],
    "1.5": [
        0.775330396475771
    ],
    "1.4": [
        0.8688524590163934
    ],
    "1.3": [
        0.8947368421052632
    ],
    "1.2": [
        0.918918918918919
    ],
    "1.1": [
        0.9642857142857143
    ],
    "0.9": [
        1.0
    ],
    "0.8": [
        1.0
    ],
    "0.7": [
        1.0
    ],
    "0.6": [
        1.0
    ],
    "0.5": [
        null
    ],
    "0.4": [
        null
    ],
    "0.3": [
        null
    ],
    "0.2": [
        null
    ],
    "0.1": [
        null
    ]
}