{
    "inf": [
        0.6661290322580645
    ],
    "2": [
        0.6629032258064517
    ],
    "1.6": [
        0.6923076923076923
    ],
    "1.5": [
        0.6952965235173824
    ],
    "1.4": [
        0.7084282460136674
    ],
    "1.3": [
        0.7305699481865285
    ],
    "1.2": [
        0.7321937321937322
    ],
    "1.1": [
        0.75
    ],
    "0.9": [
        0.759493670886076
    ],
    "0.8": [
        0.7807486631016043
    ],
    "0.7": [
        0.7791411042944786
    ],
    "0.6": [
        0.7916666666666666
    ],
    "0.5": [
        0.7777777777777778
    ],
    "0.4": [
        0.7608695652173914
    ],
    "0.3": [
        0.8028169014084507
    ],
    "0.2": [
        0.7954545454545454
    ],
    "0.1": [
        0.875
    ]
}