{
    "inf": [
        0.6870967741935484
    ],
    "2": [
        0.6919354838709677
    ],
    "1.6": [
        0.7431372549019608
    ],
    "1.5": [
        0.7445414847161572
    ],
    "1.4": [
        0.7701711491442543
    ],
    "1.3": [
        0.7977207977207977
    ],
    "1.2": [
        0.801980198019802
    ],
    "1.1": [
        0.8143939393939394
    ],
    "0.9": [
        0.845360824742268
    ],
    "0.8": [
        0.8304093567251462
    ],
    "0.7": [
        0.8489208633093526
    ],
    "0.6": [
        0.8524590163934426
    ],
    "0.5": [
        0.8679245283018868
    ],
    "0.4": [
        0.8625
    ],
    "0.3": [
        0.9183673469387755
    ],
    "0.2": [
        0.9032258064516129
    ],
    "0.1": [
        1.0
    ]
}