{
    "inf": [
        0.5693548387096774
    ],
    "2": [
        0.5725806451612904
    ],
    "1.6": [
        0.5804878048780487
    ],
    "1.5": [
        0.6774193548387096
    ],
    "1.4": [
        0.7363636363636363
    ],
    "1.3": [
        0.7342657342657343
    ],
    "1.2": [
        0.7111111111111111
    ],
    "1.1": [
        0.8064516129032258
    ],
    "0.9": [
        0.8695652173913043
    ],
    "0.8": [
        1.0
    ],
    "0.7": [
        0.75
    ],
    "0.6": [
        1.0
    ],
    "0.5": [
        1.0
    ],
    "0.4": [
        1.0
    ],
    "0.3": [
        null
    ],
    "0.2": [
        null
    ],
    "0.1": [
        null
    ]
}