{
    "inf": [
        0.5790322580645161
    ],
    "2": [
        0.5790322580645161
    ],
    "1.6": [
        0.6365384615384615
    ],
    "1.5": [
        0.9135802469135802
    ],
    "1.4": [
        0.967741935483871
    ],
    "1.3": [
        0.8888888888888888
    ],
    "1.2": [
        1.0
    ],
    "1.1": [
        1.0
    ],
    "0.9": [
        null
    ],
    "0.8": [
        null
    ],
    "0.7": [
        null
    ],
    "0.6": [
        null
    ],
    "0.5": [
        null
    ],
    "0.4": [
        null
    ],
    "0.3": [
        null
    ],
    "0.2": [
        null
    ],
    "0.1": [
        null
    ]
}