{
    "inf": [
        0.5483870967741935
    ],
    "2": [
        0.5483870967741935
    ],
    "1.6": [
        0.5521172638436482
    ],
    "1.5": [
        0.6237864077669902
    ],
    "1.4": [
        0.6549019607843137
    ],
    "1.3": [
        0.7142857142857143
    ],
    "1.2": [
        0.7338709677419355
    ],
    "1.1": [
        0.7093023255813954
    ],
    "0.9": [
        0.6808510638297872
    ],
    "0.8": [
        0.6666666666666666
    ],
    "0.7": [
        0.75
    ],
    "0.6": [
        0.8181818181818182
    ],
    "0.5": [
        1.0
    ],
    "0.4": [
        1.0
    ],
    "0.3": [
        1.0
    ],
    "0.2": [
        1.0
    ],
    "0.1": [
        null
    ]
}