{
    "inf": [
        0.6935483870967742
    ],
    "2": [
        0.6806451612903226
    ],
    "1.6": [
        0.7124060150375939
    ],
    "1.5": [
        0.7478632478632479
    ],
    "1.4": [
        0.7586206896551724
    ],
    "1.3": [
        0.7630853994490359
    ],
    "1.2": [
        0.7950310559006211
    ],
    "1.1": [
        0.7876712328767124
    ],
    "0.9": [
        0.8125
    ],
    "0.8": [
        0.8
    ],
    "0.7": [
        0.8513513513513513
    ],
    "0.6": [
        0.8740157480314961
    ],
    "0.5": [
        0.87
    ],
    "0.4": [
        0.9041095890410958
    ],
    "0.3": [
        0.8867924528301887
    ],
    "0.2": [
        0.8387096774193549
    ],
    "0.1": [
        1.0
    ]
}