{
    "inf": [
        0.7129032258064516
    ],
    "2": [
        0.7112903225806452
    ],
    "1.6": [
        0.7730061349693251
    ],
    "1.5": [
        0.7701149425287356
    ],
    "1.4": [
        0.8066298342541437
    ],
    "1.3": [
        0.8158730158730159
    ],
    "1.2": [
        0.8202247191011236
    ],
    "1.1": [
        0.8491379310344828
    ],
    "0.9": [
        0.8816568047337278
    ],
    "0.8": [
        0.9166666666666666
    ],
    "0.7": [
        0.9099099099099099
    ],
    "0.6": [
        0.9042553191489362
    ],
    "0.5": [
        0.9333333333333333
    ],
    "0.4": [
        0.9215686274509803
    ],
    "0.3": [
        0.9411764705882353
    ],
    "0.2": [
        0.9411764705882353
    ],
    "0.1": [
        1.0
    ]
}