{
    "inf": [
        0.5983870967741935
    ],
    "2": [
        0.5983870967741935
    ],
    "1.6": [
        0.6032520325203252
    ],
    "1.5": [
        0.6811594202898551
    ],
    "1.4": [
        0.7106598984771574
    ],
    "1.3": [
        0.75
    ],
    "1.2": [
        0.7704918032786885
    ],
    "1.1": [
        0.8529411764705882
    ],
    "0.9": [
        0.8333333333333334
    ],
    "0.8": [
        1.0
    ],
    "0.7": [
        1.0
    ],
    "0.6": [
        1.0
    ],
    "0.5": [
        null
    ],
    "0.4": [
        null
    ],
    "0.3": [
        null
    ],
    "0.2": [
        null
    ],
    "0.1": [
        null
    ]
}