{
    "inf": [
        0.6080645161290322
    ],
    "2": [
        0.6080645161290322
    ],
    "1.6": [
        0.6678899082568808
    ],
    "1.5": [
        0.7209302325581395
    ],
    "1.4": [
        0.7407407407407407
    ],
    "1.3": [
        0.6666666666666666
    ],
    "1.2": [
        1.0
    ],
    "1.1": [
        null
    ],
    "0.9": [
        null
    ],
    "0.8": [
        null
    ],
    "0.7": [
        null
    ],
    "0.6": [
        null
    ],
    "0.5": [
        null
    ],
    "0.4": [
        null
    ],
    "0.3": [
        null
    ],
    "0.2": [
        null
    ],
    "0.1": [
        null
    ]
}