{
    "inf": [
        0.6758064516129032
    ],
    "2": [
        0.6741935483870968
    ],
    "1.6": [
        0.7170172084130019
    ],
    "1.5": [
        0.7239915074309978
    ],
    "1.4": [
        0.7493917274939172
    ],
    "1.3": [
        0.7372654155495979
    ],
    "1.2": [
        0.7544378698224852
    ],
    "1.1": [
        0.7598684210526315
    ],
    "0.9": [
        0.8070175438596491
    ],
    "0.8": [
        0.7864077669902912
    ],
    "0.7": [
        0.7877094972067039
    ],
    "0.6": [
        0.8051948051948052
    ],
    "0.5": [
        0.782608695652174
    ],
    "0.4": [
        0.8217821782178217
    ],
    "0.3": [
        0.8108108108108109
    ],
    "0.2": [
        0.9183673469387755
    ],
    "0.1": [
        0.9615384615384616
    ]
}