{
    "inf": [
        0.6419354838709678
    ],
    "2": [
        0.635483870967742
    ],
    "1.6": [
        0.6683673469387755
    ],
    "1.5": [
        0.8351254480286738
    ],
    "1.4": [
        0.8939393939393939
    ],
    "1.3": [
        0.9420289855072463
    ],
    "1.2": [
        0.972972972972973
    ],
    "1.1": [
        0.9444444444444444
    ],
    "0.9": [
        1.0
    ],
    "0.8": [
        1.0
    ],
    "0.7": [
        1.0
    ],
    "0.6": [
        1.0
    ],
    "0.5": [
        null
    ],
    "0.4": [
        null
    ],
    "0.3": [
        null
    ],
    "0.2": [
        null
    ],
    "0.1": [
        null
    ]
}