{
    "inf": [
        0.5983870967741935
    ],
    "2": [
        0.5887096774193549
    ],
    "1.6": [
        0.5874587458745875
    ],
    "1.5": [
        0.7134831460674157
    ],
    "1.4": [
        0.8010752688172043
    ],
    "1.3": [
        0.8492063492063492
    ],
    "1.2": [
        0.9142857142857143
    ],
    "1.1": [
        0.9322033898305084
    ],
    "0.9": [
        0.9565217391304348
    ],
    "0.8": [
        0.9285714285714286
    ],
    "0.7": [
        1.0
    ],
    "0.6": [
        1.0
    ],
    "0.5": [
        null
    ],
    "0.4": [
        null
    ],
    "0.3": [
        null
    ],
    "0.2": [
        null
    ],
    "0.1": [
        null
    ]
}