{
    "inf": [
        0.5532258064516129
    ],
    "2": [
        0.5532258064516129
    ],
    "1.6": [
        0.6127659574468085
    ],
    "1.5": [
        0.7608695652173914
    ],
    "1.4": [
        0.9
    ],
    "1.3": [
        1.0
    ],
    "1.2": [
        null
    ],
    "1.1": [
        null
    ],
    "0.9": [
        null
    ],
    "0.8": [
        null
    ],
    "0.7": [
        null
    ],
    "0.6": [
        null
    ],
    "0.5": [
        null
    ],
    "0.4": [
        null
    ],
    "0.3": [
        null
    ],
    "0.2": [
        null
    ],
    "0.1": [
        null
    ]
}