{
    "inf": [
        0.5403225806451613
    ],
    "2": [
        0.5612903225806452
    ],
    "1.6": [
        0.5728476821192053
    ],
    "1.5": [
        0.7507082152974505
    ],
    "1.4": [
        0.7786885245901639
    ],
    "1.3": [
        0.8427672955974843
    ],
    "1.2": [
        0.8282828282828283
    ],
    "1.1": [
        0.8985507246376812
    ],
    "0.9": [
        0.9565217391304348
    ],
    "0.8": [
        1.0
    ],
    "0.7": [
        1.0
    ],
    "0.6": [
        1.0
    ],
    "0.5": [
        1.0
    ],
    "0.4": [
        null
    ],
    "0.3": [
        null
    ],
    "0.2": [
        null
    ],
    "0.1": [
        null
    ]
}