{
    "inf": [
        0.5903225806451613
    ],
    "2": [
        0.5887096774193549
    ],
    "1.6": [
        0.5960591133004927
    ],
    "1.5": [
        0.8047945205479452
    ],
    "1.4": [
        0.8648648648648649
    ],
    "1.3": [
        0.9487179487179487
    ],
    "1.2": [
        1.0
    ],
    "1.1": [
        1.0
    ],
    "0.9": [
        1.0
    ],
    "0.8": [
        1.0
    ],
    "0.7": [
        null
    ],
    "0.6": [
        null
    ],
    "0.5": [
        null
    ],
    "0.4": [
        null
    ],
    "0.3": [
        null
    ],
    "0.2": [
        null
    ],
    "0.1": [
        null
    ]
}