{
    "inf": [
        0.667741935483871
    ],
    "2": [
        0.6725806451612903
    ],
    "1.6": [
        0.7248576850094877
    ],
    "1.5": [
        0.7368421052631579
    ],
    "1.4": [
        0.7543859649122807
    ],
    "1.3": [
        0.7635327635327636
    ],
    "1.2": [
        0.760655737704918
    ],
    "1.1": [
        0.7765151515151515
    ],
    "0.9": [
        0.7918781725888325
    ],
    "0.8": [
        0.813953488372093
    ],
    "0.7": [
        0.8405797101449275
    ],
    "0.6": [
        0.8706896551724138
    ],
    "0.5": [
        0.8842105263157894
    ],
    "0.4": [
        0.8873239436619719
    ],
    "0.3": [
        0.9245283018867925
    ],
    "0.2": [
        0.9459459459459459
    ],
    "0.1": [
        1.0
    ]
}