{
    "inf": [
        0.6080645161290322
    ],
    "2": [
        0.5854838709677419
    ],
    "1.6": [
        0.5788590604026845
    ],
    "1.5": [
        0.7458745874587459
    ],
    "1.4": [
        0.8198757763975155
    ],
    "1.3": [
        0.8369565217391305
    ],
    "1.2": [
        0.8225806451612904
    ],
    "1.1": [
        0.8461538461538461
    ],
    "0.9": [
        0.9166666666666666
    ],
    "0.8": [
        1.0
    ],
    "0.7": [
        1.0
    ],
    "0.6": [
        1.0
    ],
    "0.5": [
        1.0
    ],
    "0.4": [
        1.0
    ],
    "0.3": [
        null
    ],
    "0.2": [
        null
    ],
    "0.1": [
        null
    ]
}