{
    "inf": [
        0.6338709677419355
    ],
    "2": [
        0.6338709677419355
    ],
    "1.6": [
        0.6447368421052632
    ],
    "1.5": [
        0.7837837837837838
    ],
    "1.4": [
        0.8202764976958525
    ],
    "1.3": [
        0.8650793650793651
    ],
    "1.2": [
        0.9259259259259259
    ],
    "1.1": [
        0.9791666666666666
    ],
    "0.9": [
        1.0
    ],
    "0.8": [
        1.0
    ],
    "0.7": [
        1.0
    ],
    "0.6": [
        1.0
    ],
    "0.5": [
        1.0
    ],
    "0.4": [
        null
    ],
    "0.3": [
        null
    ],
    "0.2": [
        null
    ],
    "0.1": [
        null
    ]
}