{
    "inf": [
        0.6870967741935484
    ],
    "2": [
        0.6967741935483871
    ],
    "1.6": [
        0.7388781431334622
    ],
    "1.5": [
        0.7751091703056768
    ],
    "1.4": [
        0.7917675544794189
    ],
    "1.3": [
        0.8091397849462365
    ],
    "1.2": [
        0.8181818181818182
    ],
    "1.1": [
        0.8297101449275363
    ],
    "0.9": [
        0.8585365853658536
    ],
    "0.8": [
        0.8470588235294118
    ],
    "0.7": [
        0.8287671232876712
    ],
    "0.6": [
        0.8596491228070176
    ],
    "0.5": [
        0.8484848484848485
    ],
    "0.4": [
        0.8767123287671232
    ],
    "0.3": [
        0.9130434782608695
    ],
    "0.2": [
        0.9583333333333334
    ],
    "0.1": [
        1.0
    ]
}