{
    "inf": [
        0.6806451612903226
    ],
    "2": [
        0.6903225806451613
    ],
    "1.6": [
        0.717948717948718
    ],
    "1.5": [
        0.7317073170731707
    ],
    "1.4": [
        0.7412060301507538
    ],
    "1.3": [
        0.747093023255814
    ],
    "1.2": [
        0.7569444444444444
    ],
    "1.1": [
        0.7834645669291339
    ],
    "0.9": [
        0.825136612021858
    ],
    "0.8": [
        0.8410596026490066
    ],
    "0.7": [
        0.8604651162790697
    ],
    "0.6": [
        0.8468468468468469
    ],
    "0.5": [
        0.8604651162790697
    ],
    "0.4": [
        0.8769230769230769
    ],
    "0.3": [
        0.9285714285714286
    ],
    "0.2": [
        0.9
    ],
    "0.1": [
        1.0
    ]
}