{
    "inf": [
        0.6403225806451613
    ],
    "2": [
        0.6387096774193548
    ],
    "1.6": [
        0.6471544715447154
    ],
    "1.5": [
        0.7254098360655737
    ],
    "1.4": [
        0.7540106951871658
    ],
    "1.3": [
        0.7770034843205574
    ],
    "1.2": [
        0.8240740740740741
    ],
    "1.1": [
        0.8277777777777777
    ],
    "0.9": [
        0.8301886792452831
    ],
    "0.8": [
        0.8705882352941177
    ],
    "0.7": [
        0.8955223880597015
    ],
    "0.6": [
        0.9387755102040817
    ],
    "0.5": [
        0.875
    ],
    "0.4": [
        0.9230769230769231
    ],
    "0.3": [
        1.0
    ],
    "0.2": [
        1.0
    ],
    "0.1": [
        null
    ]
}