{
    "inf": [
        0.7209677419354839
    ],
    "2": [
        0.7161290322580646
    ],
    "1.6": [
        0.8106904231625836
    ],
    "1.5": [
        0.8169014084507042
    ],
    "1.4": [
        0.8184818481848185
    ],
    "1.3": [
        0.836
    ],
    "1.2": [
        0.8450704225352113
    ],
    "1.1": [
        0.8268156424581006
    ],
    "0.9": [
        0.8482142857142857
    ],
    "0.8": [
        0.8735632183908046
    ],
    "0.7": [
        0.873015873015873
    ],
    "0.6": [
        0.9166666666666666
    ],
    "0.5": [
        0.9032258064516129
    ],
    "0.4": [
        1.0
    ],
    "0.3": [
        1.0
    ],
    "0.2": [
        1.0
    ],
    "0.1": [
        1.0
    ]
}