{
    "inf": [
        0.535483870967742
    ],
    "2": [
        0.5709677419354838
    ],
    "1.6": [
        0.5429497568881686
    ],
    "1.5": [
        0.6564551422319475
    ],
    "1.4": [
        0.7147147147147147
    ],
    "1.3": [
        0.7352941176470589
    ],
    "1.2": [
        0.7263681592039801
    ],
    "1.1": [
        0.8
    ],
    "0.9": [
        0.8433734939759037
    ],
    "0.8": [
        0.84
    ],
    "0.7": [
        0.8055555555555556
    ],
    "0.6": [
        0.88
    ],
    "0.5": [
        0.8888888888888888
    ],
    "0.4": [
        0.9333333333333333
    ],
    "0.3": [
        1.0
    ],
    "0.2": [
        1.0
    ],
    "0.1": [
        null
    ]
}