{
    "inf": [
        0.5887096774193549
    ],
    "2": [
        0.5903225806451613
    ],
    "1.6": [
        0.5951219512195122
    ],
    "1.5": [
        0.6848341232227488
    ],
    "1.4": [
        0.7231833910034602
    ],
    "1.3": [
        0.7417840375586855
    ],
    "1.2": [
        0.7741935483870968
    ],
    "1.1": [
        0.7962962962962963
    ],
    "0.9": [
        0.8153846153846154
    ],
    "0.8": [
        0.8571428571428571
    ],
    "0.7": [
        0.896551724137931
    ],
    "0.6": [
        0.9090909090909091
    ],
    "0.5": [
        1.0
    ],
    "0.4": [
        1.0
    ],
    "0.3": [
        1.0
    ],
    "0.2": [
        null
    ],
    "0.1": [
        null
    ]
}