{
    "inf": [
        0.5693548387096774
    ],
    "2": [
        0.5725806451612904
    ],
    "1.6": [
        0.5918367346938775
    ],
    "1.5": [
        0.7939698492462312
    ],
    "1.4": [
        0.825
    ],
    "1.3": [
        0.8787878787878788
    ],
    "1.2": [
        0.8823529411764706
    ],
    "1.1": [
        1.0
    ],
    "0.9": [
        1.0
    ],
    "0.8": [
        1.0
    ],
    "0.7": [
        1.0
    ],
    "0.6": [
        1.0
    ],
    "0.5": [
        null
    ],
    "0.4": [
        null
    ],
    "0.3": [
        null
    ],
    "0.2": [
        null
    ],
    "0.1": [
        null
    ]
}