{
    "inf": [
        0.6258064516129033
    ],
    "2": [
        0.6241935483870967
    ],
    "1.6": [
        0.6298701298701299
    ],
    "1.5": [
        0.7599009900990099
    ],
    "1.4": [
        0.8075601374570447
    ],
    "1.3": [
        0.8469387755102041
    ],
    "1.2": [
        0.8905109489051095
    ],
    "1.1": [
        0.9029126213592233
    ],
    "0.9": [
        0.9791666666666666
    ],
    "0.8": [
        1.0
    ],
    "0.7": [
        1.0
    ],
    "0.6": [
        1.0
    ],
    "0.5": [
        1.0
    ],
    "0.4": [
        1.0
    ],
    "0.3": [
        1.0
    ],
    "0.2": [
        1.0
    ],
    "0.1": [
        1.0
    ]
}