{
    "inf": [
        0.5564516129032258
    ],
    "2": [
        0.5693548387096774
    ],
    "1.6": [
        0.5709677419354838
    ],
    "1.5": [
        0.6240157480314961
    ],
    "1.4": [
        0.6490384615384616
    ],
    "1.3": [
        0.6996805111821086
    ],
    "1.2": [
        0.734375
    ],
    "1.1": [
        0.7523364485981309
    ],
    "0.9": [
        0.7714285714285715
    ],
    "0.8": [
        0.7864077669902912
    ],
    "0.7": [
        0.7375
    ],
    "0.6": [
        0.8125
    ],
    "0.5": [
        0.9111111111111111
    ],
    "0.4": [
        0.8620689655172413
    ],
    "0.3": [
        0.8235294117647058
    ],
    "0.2": [
        1.0
    ],
    "0.1": [
        1.0
    ]
}