{
    "inf": [
        0.635483870967742
    ],
    "2": [
        0.635483870967742
    ],
    "1.6": [
        0.6459016393442623
    ],
    "1.5": [
        0.7130977130977131
    ],
    "1.4": [
        0.7572254335260116
    ],
    "1.3": [
        0.7945736434108527
    ],
    "1.2": [
        0.8210526315789474
    ],
    "1.1": [
        0.8125
    ],
    "0.9": [
        0.8656716417910447
    ],
    "0.8": [
        0.84
    ],
    "0.7": [
        0.8409090909090909
    ],
    "0.6": [
        0.896551724137931
    ],
    "0.5": [
        0.875
    ],
    "0.4": [
        0.75
    ],
    "0.3": [
        0.8333333333333334
    ],
    "0.2": [
        0.6666666666666666
    ],
    "0.1": [
        null
    ]
}