{
    "inf": [
        0.6048387096774194
    ],
    "2": [
        0.6048387096774194
    ],
    "1.6": [
        0.6048387096774194
    ],
    "1.5": [
        0.722707423580786
    ],
    "1.4": [
        0.7739938080495357
    ],
    "1.3": [
        0.8081632653061225
    ],
    "1.2": [
        0.8142076502732241
    ],
    "1.1": [
        0.8402777777777778
    ],
    "0.9": [
        0.8571428571428571
    ],
    "0.8": [
        0.8653846153846154
    ],
    "0.7": [
        0.8484848484848485
    ],
    "0.6": [
        0.8181818181818182
    ],
    "0.5": [
        0.9285714285714286
    ],
    "0.4": [
        0.9090909090909091
    ],
    "0.3": [
        1.0
    ],
    "0.2": [
        1.0
    ],
    "0.1": [
        1.0
    ]
}