{
    "inf": [
        0.6983870967741935
    ],
    "2": [
        0.6951612903225807
    ],
    "1.6": [
        0.7569892473118279
    ],
    "1.5": [
        0.7892030848329049
    ],
    "1.4": [
        0.7944785276073619
    ],
    "1.3": [
        0.8217054263565892
    ],
    "1.2": [
        0.8433179723502304
    ],
    "1.1": [
        0.8626373626373627
    ],
    "0.9": [
        0.9083969465648855
    ],
    "0.8": [
        0.9230769230769231
    ],
    "0.7": [
        0.9746835443037974
    ],
    "0.6": [
        0.9811320754716981
    ],
    "0.5": [
        1.0
    ],
    "0.4": [
        1.0
    ],
    "0.3": [
        1.0
    ],
    "0.2": [
        1.0
    ],
    "0.1": [
        1.0
    ]
}