{
    "inf": [
        0.7161290322580646
    ],
    "2": [
        0.7096774193548387
    ],
    "1.6": [
        0.7480769230769231
    ],
    "1.5": [
        0.7456896551724138
    ],
    "1.4": [
        0.7696078431372549
    ],
    "1.3": [
        0.773224043715847
    ],
    "1.2": [
        0.7660256410256411
    ],
    "1.1": [
        0.7689530685920578
    ],
    "0.9": [
        0.7816593886462883
    ],
    "0.8": [
        0.7923497267759563
    ],
    "0.7": [
        0.810126582278481
    ],
    "0.6": [
        0.8225806451612904
    ],
    "0.5": [
        0.8217821782178217
    ],
    "0.4": [
        0.8313253012048193
    ],
    "0.3": [
        0.8307692307692308
    ],
    "0.2": [
        0.868421052631579
    ],
    "0.1": [
        0.9130434782608695
    ]
}