{
    "inf": [
        0.6790322580645162
    ],
    "2": [
        0.682258064516129
    ],
    "1.6": [
        0.7182203389830508
    ],
    "1.5": [
        0.7190721649484536
    ],
    "1.4": [
        0.7408536585365854
    ],
    "1.3": [
        0.7711267605633803
    ],
    "1.2": [
        0.7925311203319502
    ],
    "1.1": [
        0.8067632850241546
    ],
    "0.9": [
        0.8214285714285714
    ],
    "0.8": [
        0.8070175438596491
    ],
    "0.7": [
        0.8131868131868132
    ],
    "0.6": [
        0.8028169014084507
    ],
    "0.5": [
        0.74
    ],
    "0.4": [
        0.7241379310344828
    ],
    "0.3": [
        0.8571428571428571
    ],
    "0.2": [
        0.75
    ],
    "0.1": [
        null
    ]
}