{
    "inf": [
        0.6741935483870968
    ],
    "2": [
        0.6645161290322581
    ],
    "1.6": [
        0.7051039697542533
    ],
    "1.5": [
        0.7303609341825902
    ],
    "1.4": [
        0.7205542725173211
    ],
    "1.3": [
        0.7413333333333333
    ],
    "1.2": [
        0.721875
    ],
    "1.1": [
        0.7359154929577465
    ],
    "0.9": [
        0.7761904761904762
    ],
    "0.8": [
        0.7663043478260869
    ],
    "0.7": [
        0.7727272727272727
    ],
    "0.6": [
        0.7851239669421488
    ],
    "0.5": [
        0.8207547169811321
    ],
    "0.4": [
        0.8271604938271605
    ],
    "0.3": [
        0.82
    ],
    "0.2": [
        0.9285714285714286
    ],
    "0.1": [
        1.0
    ]
}