{
    "inf": [
        0.6096774193548387
    ],
    "2": [
        0.6096774193548387
    ],
    "1.6": [
        0.6126418152350082
    ],
    "1.5": [
        0.6802443991853361
    ],
    "1.4": [
        0.7186629526462396
    ],
    "1.3": [
        0.7378277153558053
    ],
    "1.2": [
        0.7584541062801933
    ],
    "1.1": [
        0.7544910179640718
    ],
    "0.9": [
        0.8076923076923077
    ],
    "0.8": [
        0.8450704225352113
    ],
    "0.7": [
        0.9130434782608695
    ],
    "0.6": [
        0.9428571428571428
    ],
    "0.5": [
        0.8947368421052632
    ],
    "0.4": [
        0.9333333333333333
    ],
    "0.3": [
        1.0
    ],
    "0.2": [
        1.0
    ],
    "0.1": [
        null
    ]
}