{
    "inf": [
        0.7
    ],
    "2": [
        0.7080645161290322
    ],
    "1.6": [
        0.7509578544061303
    ],
    "1.5": [
        0.7478070175438597
    ],
    "1.4": [
        0.7651515151515151
    ],
    "1.3": [
        0.7625698324022346
    ],
    "1.2": [
        0.7911392405063291
    ],
    "1.1": [
        0.7877697841726619
    ],
    "0.9": [
        0.7989949748743719
    ],
    "0.8": [
        0.8070175438596491
    ],
    "0.7": [
        0.8235294117647058
    ],
    "0.6": [
        0.8016528925619835
    ],
    "0.5": [
        0.8235294117647058
    ],
    "0.4": [
        0.8378378378378378
    ],
    "0.3": [
        0.8823529411764706
    ],
    "0.2": [
        0.9032258064516129
    ],
    "0.1": [
        0.9166666666666666
    ]
}