{
    "inf": [
        0.6258064516129033
    ],
    "2": [
        0.632258064516129
    ],
    "1.6": [
        0.6378737541528239
    ],
    "1.5": [
        0.78
    ],
    "1.4": [
        0.8599033816425121
    ],
    "1.3": [
        0.8978102189781022
    ],
    "1.2": [
        0.8933333333333333
    ],
    "1.1": [
        0.9166666666666666
    ],
    "0.9": [
        0.9166666666666666
    ],
    "0.8": [
        0.8888888888888888
    ],
    "0.7": [
        1.0
    ],
    "0.6": [
        1.0
    ],
    "0.5": [
        1.0
    ],
    "0.4": [
        null
    ],
    "0.3": [
        null
    ],
    "0.2": [
        null
    ],
    "0.1": [
        null
    ]
}