{
    "inf": [
        0.6241935483870967
    ],
    "2": [
        0.6241935483870967
    ],
    "1.6": [
        0.6292682926829268
    ],
    "1.5": [
        0.7837078651685393
    ],
    "1.4": [
        0.8195121951219512
    ],
    "1.3": [
        0.8691588785046729
    ],
    "1.2": [
        0.9054054054054054
    ],
    "1.1": [
        0.9230769230769231
    ],
    "0.9": [
        0.9444444444444444
    ],
    "0.8": [
        1.0
    ],
    "0.7": [
        1.0
    ],
    "0.6": [
        1.0
    ],
    "0.5": [
        1.0
    ],
    "0.4": [
        1.0
    ],
    "0.3": [
        1.0
    ],
    "0.2": [
        1.0
    ],
    "0.1": [
        null
    ]
}