{
    "inf": [
        0.617741935483871
    ],
    "2": [
        0.617741935483871
    ],
    "1.6": [
        0.6318407960199005
    ],
    "1.5": [
        0.7648578811369509
    ],
    "1.4": [
        0.7834645669291339
    ],
    "1.3": [
        0.8300653594771242
    ],
    "1.2": [
        0.8762886597938144
    ],
    "1.1": [
        0.8666666666666667
    ],
    "0.9": [
        0.9545454545454546
    ],
    "0.8": [
        1.0
    ],
    "0.7": [
        1.0
    ],
    "0.6": [
        1.0
    ],
    "0.5": [
        1.0
    ],
    "0.4": [
        1.0
    ],
    "0.3": [
        1.0
    ],
    "0.2": [
        1.0
    ],
    "0.1": [
        null
    ]
}