{
    "inf": [
        0.6854838709677419
    ],
    "2": [
        0.682258064516129
    ],
    "1.6": [
        0.7161654135338346
    ],
    "1.5": [
        0.7323651452282157
    ],
    "1.4": [
        0.7453271028037384
    ],
    "1.3": [
        0.7597911227154047
    ],
    "1.2": [
        0.7595307917888563
    ],
    "1.1": [
        0.7666666666666667
    ],
    "0.9": [
        0.8061674008810573
    ],
    "0.8": [
        0.8042328042328042
    ],
    "0.7": [
        0.8235294117647058
    ],
    "0.6": [
        0.8040540540540541
    ],
    "0.5": [
        0.848
    ],
    "0.4": [
        0.8709677419354839
    ],
    "0.3": [
        0.8709677419354839
    ],
    "0.2": [
        0.8571428571428571
    ],
    "0.1": [
        0.9285714285714286
    ]
}