{
    "inf": [
        0.6370967741935484
    ],
    "2": [
        0.6370967741935484
    ],
    "1.6": [
        0.6448445171849427
    ],
    "1.5": [
        0.75
    ],
    "1.4": [
        0.8181818181818182
    ],
    "1.3": [
        0.794392523364486
    ],
    "1.2": [
        0.8507462686567164
    ],
    "1.1": [
        0.8536585365853658
    ],
    "0.9": [
        0.9285714285714286
    ],
    "0.8": [
        1.0
    ],
    "0.7": [
        1.0
    ],
    "0.6": [
        1.0
    ],
    "0.5": [
        1.0
    ],
    "0.4": [
        1.0
    ],
    "0.3": [
        1.0
    ],
    "0.2": [
        1.0
    ],
    "0.1": [
        1.0
    ]
}