{
    "inf": [
        0.6596774193548387
    ],
    "2": [
        0.6596774193548387
    ],
    "1.6": [
        0.67779632721202
    ],
    "1.5": [
        0.8107255520504731
    ],
    "1.4": [
        0.8258426966292135
    ],
    "1.3": [
        0.8487394957983193
    ],
    "1.2": [
        0.8194444444444444
    ],
    "1.1": [
        0.9024390243902439
    ],
    "0.9": [
        0.9230769230769231
    ],
    "0.8": [
        1.0
    ],
    "0.7": [
        null
    ],
    "0.6": [
        null
    ],
    "0.5": [
        null
    ],
    "0.4": [
        null
    ],
    "0.3": [
        null
    ],
    "0.2": [
        null
    ],
    "0.1": [
        null
    ]
}