{
    "inf": [
        0.614516129032258
    ],
    "2": [
        0.6129032258064516
    ],
    "1.6": [
        0.6173044925124792
    ],
    "1.5": [
        0.7967479674796748
    ],
    "1.4": [
        0.8434782608695652
    ],
    "1.3": [
        0.8813559322033898
    ],
    "1.2": [
        0.8888888888888888
    ],
    "1.1": [
        0.9230769230769231
    ],
    "0.9": [
        1.0
    ],
    "0.8": [
        1.0
    ],
    "0.7": [
        1.0
    ],
    "0.6": [
        null
    ],
    "0.5": [
        null
    ],
    "0.4": [
        null
    ],
    "0.3": [
        null
    ],
    "0.2": [
        null
    ],
    "0.1": [
        null
    ]
}