{
    "inf": [
        0.6225806451612903
    ],
    "2": [
        0.6258064516129033
    ],
    "1.6": [
        0.6260296540362438
    ],
    "1.5": [
        0.8169014084507042
    ],
    "1.4": [
        0.8095238095238095
    ],
    "1.3": [
        0.8701298701298701
    ],
    "1.2": [
        0.925
    ],
    "1.1": [
        0.9523809523809523
    ],
    "0.9": [
        1.0
    ],
    "0.8": [
        1.0
    ],
    "0.7": [
        null
    ],
    "0.6": [
        null
    ],
    "0.5": [
        null
    ],
    "0.4": [
        null
    ],
    "0.3": [
        null
    ],
    "0.2": [
        null
    ],
    "0.1": [
        null
    ]
}