{
    "inf": [
        0.65
    ],
    "2": [
        0.65
    ],
    "1.6": [
        0.6494345718901454
    ],
    "1.5": [
        0.6800766283524904
    ],
    "1.4": [
        0.6835748792270532
    ],
    "1.3": [
        0.7151162790697675
    ],
    "1.2": [
        0.7601476014760148
    ],
    "1.1": [
        0.7853658536585366
    ],
    "0.9": [
        0.8305084745762712
    ],
    "0.8": [
        0.896551724137931
    ],
    "0.7": [
        0.8833333333333333
    ],
    "0.6": [
        0.9047619047619048
    ],
    "0.5": [
        0.8571428571428571
    ],
    "0.4": [
        1.0
    ],
    "0.3": [
        1.0
    ],
    "0.2": [
        1.0
    ],
    "0.1": [
        1.0
    ]
}