{
    "inf": [
        0.6435483870967742
    ],
    "2": [
        0.6435483870967742
    ],
    "1.6": [
        0.659468438538206
    ],
    "1.5": [
        0.851063829787234
    ],
    "1.4": [
        0.8828125
    ],
    "1.3": [
        0.922077922077922
    ],
    "1.2": [
        0.9375
    ],
    "1.1": [
        1.0
    ],
    "0.9": [
        1.0
    ],
    "0.8": [
        1.0
    ],
    "0.7": [
        1.0
    ],
    "0.6": [
        1.0
    ],
    "0.5": [
        null
    ],
    "0.4": [
        null
    ],
    "0.3": [
        null
    ],
    "0.2": [
        null
    ],
    "0.1": [
        null
    ]
}