{
    "inf": [
        0.5725806451612904
    ],
    "2": [
        0.5935483870967742
    ],
    "1.6": [
        0.6099173553719008
    ],
    "1.5": [
        0.7773584905660378
    ],
    "1.4": [
        0.8611111111111112
    ],
    "1.3": [
        0.7857142857142857
    ],
    "1.2": [
        0.875
    ],
    "1.1": [
        0.9032258064516129
    ],
    "0.9": [
        0.8461538461538461
    ],
    "0.8": [
        0.8571428571428571
    ],
    "0.7": [
        1.0
    ],
    "0.6": [
        1.0
    ],
    "0.5": [
        1.0
    ],
    "0.4": [
        null
    ],
    "0.3": [
        1.0
    ],
    "0.2": [
        null
    ],
    "0.1": [
        null
    ]
}