{
    "inf": [
        0.614516129032258
    ],
    "2": [
        0.614516129032258
    ],
    "1.6": [
        0.6223662884927067
    ],
    "1.5": [
        0.7252747252747253
    ],
    "1.4": [
        0.7794561933534743
    ],
    "1.3": [
        0.7984496124031008
    ],
    "1.2": [
        0.8238341968911918
    ],
    "1.1": [
        0.8490566037735849
    ],
    "0.9": [
        0.8666666666666667
    ],
    "0.8": [
        0.8918918918918919
    ],
    "0.7": [
        0.9166666666666666
    ],
    "0.6": [
        0.9743589743589743
    ],
    "0.5": [
        0.9655172413793104
    ],
    "0.4": [
        0.9333333333333333
    ],
    "0.3": [
        1.0
    ],
    "0.2": [
        1.0
    ],
    "0.1": [
        1.0
    ]
}