{
    "inf": [
        0.6064516129032258
    ],
    "2": [
        0.614516129032258
    ],
    "1.6": [
        0.6138933764135702
    ],
    "1.5": [
        0.6206261510128913
    ],
    "1.4": [
        0.6895787139689579
    ],
    "1.3": [
        0.7419354838709677
    ],
    "1.2": [
        0.7266666666666667
    ],
    "1.1": [
        0.7622641509433963
    ],
    "0.9": [
        0.7771428571428571
    ],
    "0.8": [
        0.8106060606060606
    ],
    "0.7": [
        0.8217821782178217
    ],
    "0.6": [
        0.8441558441558441
    ],
    "0.5": [
        0.8913043478260869
    ],
    "0.4": [
        0.926829268292683
    ],
    "0.3": [
        0.8333333333333334
    ],
    "0.2": [
        0.8571428571428571
    ],
    "0.1": [
        1.0
    ]
}