{
    "inf": [
        0.7
    ],
    "2": [
        0.7064516129032258
    ],
    "1.6": [
        0.7423664122137404
    ],
    "1.5": [
        0.7611607142857143
    ],
    "1.4": [
        0.7664233576642335
    ],
    "1.3": [
        0.7718309859154929
    ],
    "1.2": [
        0.8163934426229508
    ],
    "1.1": [
        0.8215613382899628
    ],
    "0.9": [
        0.8647342995169082
    ],
    "0.8": [
        0.9044943820224719
    ],
    "0.7": [
        0.9044585987261147
    ],
    "0.6": [
        0.9307692307692308
    ],
    "0.5": [
        0.9469026548672567
    ],
    "0.4": [
        0.9444444444444444
    ],
    "0.3": [
        0.9692307692307692
    ],
    "0.2": [
        0.975609756097561
    ],
    "0.1": [
        1.0
    ]
}