{
    "inf": [
        0.617741935483871
    ],
    "2": [
        0.617741935483871
    ],
    "1.6": [
        0.6306156405990017
    ],
    "1.5": [
        0.8067226890756303
    ],
    "1.4": [
        0.8623853211009175
    ],
    "1.3": [
        0.8928571428571429
    ],
    "1.2": [
        0.9166666666666666
    ],
    "1.1": [
        0.9047619047619048
    ],
    "0.9": [
        1.0
    ],
    "0.8": [
        1.0
    ],
    "0.7": [
        1.0
    ],
    "0.6": [
        1.0
    ],
    "0.5": [
        1.0
    ],
    "0.4": [
        1.0
    ],
    "0.3": [
        null
    ],
    "0.2": [
        null
    ],
    "0.1": [
        null
    ]
}