{
    "inf": [
        0.635483870967742
    ],
    "2": [
        0.635483870967742
    ],
    "1.6": [
        0.6375404530744336
    ],
    "1.5": [
        0.7655913978494624
    ],
    "1.4": [
        0.8253521126760563
    ],
    "1.3": [
        0.8489208633093526
    ],
    "1.2": [
        0.868020304568528
    ],
    "1.1": [
        0.8827586206896552
    ],
    "0.9": [
        0.9726027397260274
    ],
    "0.8": [
        0.9767441860465116
    ],
    "0.7": [
        1.0
    ],
    "0.6": [
        1.0
    ],
    "0.5": [
        1.0
    ],
    "0.4": [
        1.0
    ],
    "0.3": [
        1.0
    ],
    "0.2": [
        1.0
    ],
    "0.1": [
        null
    ]
}