{
    "inf": [
        0.6161290322580645
    ],
    "2": [
        0.617741935483871
    ],
    "1.6": [
        0.6414141414141414
    ],
    "1.5": [
        0.7593123209169055
    ],
    "1.4": [
        0.8290155440414507
    ],
    "1.3": [
        0.8363636363636363
    ],
    "1.2": [
        0.8253968253968254
    ],
    "1.1": [
        0.8484848484848485
    ],
    "0.9": [
        1.0
    ],
    "0.8": [
        1.0
    ],
    "0.7": [
        1.0
    ],
    "0.6": [
        1.0
    ],
    "0.5": [
        1.0
    ],
    "0.4": [
        1.0
    ],
    "0.3": [
        1.0
    ],
    "0.2": [
        1.0
    ],
    "0.1": [
        null
    ]
}