{
    "inf": [
        0.6435483870967742
    ],
    "2": [
        0.6483870967741936
    ],
    "1.6": [
        0.6844106463878327
    ],
    "1.5": [
        0.7139689578713969
    ],
    "1.4": [
        0.7473684210526316
    ],
    "1.3": [
        0.782608695652174
    ],
    "1.2": [
        0.8131868131868132
    ],
    "1.1": [
        0.8305785123966942
    ],
    "0.9": [
        0.8430232558139535
    ],
    "0.8": [
        0.8405797101449275
    ],
    "0.7": [
        0.8448275862068966
    ],
    "0.6": [
        0.8541666666666666
    ],
    "0.5": [
        0.9076923076923077
    ],
    "0.4": [
        0.92
    ],
    "0.3": [
        0.9032258064516129
    ],
    "0.2": [
        0.8181818181818182
    ],
    "0.1": [
        1.0
    ]
}