{
    "inf": [
        0.5935483870967742
    ],
    "2": [
        0.6016129032258064
    ],
    "1.6": [
        0.6112026359143328
    ],
    "1.5": [
        0.734375
    ],
    "1.4": [
        0.7894736842105263
    ],
    "1.3": [
        0.8207547169811321
    ],
    "1.2": [
        0.835820895522388
    ],
    "1.1": [
        0.8461538461538461
    ],
    "0.9": [
        0.8
    ],
    "0.8": [
        1.0
    ],
    "0.7": [
        1.0
    ],
    "0.6": [
        1.0
    ],
    "0.5": [
        null
    ],
    "0.4": [
        null
    ],
    "0.3": [
        null
    ],
    "0.2": [
        null
    ],
    "0.1": [
        null
    ]
}