{
    "inf": [
        0.6435483870967742
    ],
    "2": [
        0.6419354838709678
    ],
    "1.6": [
        0.6735849056603773
    ],
    "1.5": [
        0.6858974358974359
    ],
    "1.4": [
        0.7037914691943128
    ],
    "1.3": [
        0.7229551451187335
    ],
    "1.2": [
        0.7180232558139535
    ],
    "1.1": [
        0.7548387096774194
    ],
    "0.9": [
        0.7682926829268293
    ],
    "0.8": [
        0.7792792792792793
    ],
    "0.7": [
        0.7958115183246073
    ],
    "0.6": [
        0.7953216374269005
    ],
    "0.5": [
        0.8013245033112583
    ],
    "0.4": [
        0.7950819672131147
    ],
    "0.3": [
        0.7849462365591398
    ],
    "0.2": [
        0.8
    ],
    "0.1": [
        0.782608695652174
    ]
}