{
    "inf": [
        0.6790322580645162
    ],
    "2": [
        0.6741935483870968
    ],
    "1.6": [
        0.691743119266055
    ],
    "1.5": [
        0.7207792207792207
    ],
    "1.4": [
        0.7587939698492462
    ],
    "1.3": [
        0.7803468208092486
    ],
    "1.2": [
        0.8151815181518152
    ],
    "1.1": [
        0.8195488721804511
    ],
    "0.9": [
        0.8557213930348259
    ],
    "0.8": [
        0.8602150537634409
    ],
    "0.7": [
        0.8703703703703703
    ],
    "0.6": [
        0.8805970149253731
    ],
    "0.5": [
        0.8796296296296297
    ],
    "0.4": [
        0.9176470588235294
    ],
    "0.3": [
        0.9137931034482759
    ],
    "0.2": [
        0.9642857142857143
    ],
    "0.1": [
        0.9230769230769231
    ]
}