{
    "inf": [
        0.6854838709677419
    ],
    "2": [
        0.7096774193548387
    ],
    "1.6": [
        0.7360594795539034
    ],
    "1.5": [
        0.7566462167689162
    ],
    "1.4": [
        0.7850678733031674
    ],
    "1.3": [
        0.7848101265822784
    ],
    "1.2": [
        0.7853107344632768
    ],
    "1.1": [
        0.7948717948717948
    ],
    "0.9": [
        0.8
    ],
    "0.8": [
        0.8130841121495327
    ],
    "0.7": [
        0.824468085106383
    ],
    "0.6": [
        0.8490566037735849
    ],
    "0.5": [
        0.8582089552238806
    ],
    "0.4": [
        0.8666666666666667
    ],
    "0.3": [
        0.9178082191780822
    ],
    "0.2": [
        0.9245283018867925
    ],
    "0.1": [
        1.0
    ]
}