{
    "inf": [
        0.6403225806451613
    ],
    "2": [
        0.6403225806451613
    ],
    "1.6": [
        0.6403225806451613
    ],
    "1.5": [
        0.6953405017921147
    ],
    "1.4": [
        0.7391304347826086
    ],
    "1.3": [
        0.7745098039215687
    ],
    "1.2": [
        0.7871720116618076
    ],
    "1.1": [
        0.7849829351535836
    ],
    "0.9": [
        0.7793427230046949
    ],
    "0.8": [
        0.7816091954022989
    ],
    "0.7": [
        0.7841726618705036
    ],
    "0.6": [
        0.7610619469026548
    ],
    "0.5": [
        0.7558139534883721
    ],
    "0.4": [
        0.8095238095238095
    ],
    "0.3": [
        0.82
    ],
    "0.2": [
        0.8620689655172413
    ],
    "0.1": [
        1.0
    ]
}