{
    "inf": [
        0.6161290322580645
    ],
    "2": [
        0.6161290322580645
    ],
    "1.6": [
        0.6321070234113713
    ],
    "1.5": [
        0.8114754098360656
    ],
    "1.4": [
        0.8613138686131386
    ],
    "1.3": [
        0.9253731343283582
    ],
    "1.2": [
        0.8974358974358975
    ],
    "1.1": [
        0.8888888888888888
    ],
    "0.9": [
        0.9090909090909091
    ],
    "0.8": [
        0.875
    ],
    "0.7": [
        0.75
    ],
    "0.6": [
        1.0
    ],
    "0.5": [
        1.0
    ],
    "0.4": [
        1.0
    ],
    "0.3": [
        1.0
    ],
    "0.2": [
        null
    ],
    "0.1": [
        null
    ]
}