{
    "inf": [
        0.6435483870967742
    ],
    "2": [
        0.6564516129032258
    ],
    "1.6": [
        0.711864406779661
    ],
    "1.5": [
        0.6995073891625616
    ],
    "1.4": [
        0.7134670487106017
    ],
    "1.3": [
        0.7388535031847133
    ],
    "1.2": [
        0.75
    ],
    "1.1": [
        0.7510729613733905
    ],
    "0.9": [
        0.7653631284916201
    ],
    "0.8": [
        0.7741935483870968
    ],
    "0.7": [
        0.78125
    ],
    "0.6": [
        0.803921568627451
    ],
    "0.5": [
        0.8170731707317073
    ],
    "0.4": [
        0.8360655737704918
    ],
    "0.3": [
        0.8958333333333334
    ],
    "0.2": [
        0.8888888888888888
    ],
    "0.1": [
        1.0
    ]
}