{
    "inf": [
        0.7290322580645161
    ],
    "2": [
        0.7193548387096774
    ],
    "1.6": [
        0.7514018691588785
    ],
    "1.5": [
        0.7763713080168776
    ],
    "1.4": [
        0.7941888619854721
    ],
    "1.3": [
        0.8100558659217877
    ],
    "1.2": [
        0.828125
    ],
    "1.1": [
        0.8397212543554007
    ],
    "0.9": [
        0.8392857142857143
    ],
    "0.8": [
        0.8469387755102041
    ],
    "0.7": [
        0.8352272727272727
    ],
    "0.6": [
        0.8709677419354839
    ],
    "0.5": [
        0.8976377952755905
    ],
    "0.4": [
        0.9150943396226415
    ],
    "0.3": [
        0.9367088607594937
    ],
    "0.2": [
        0.9482758620689655
    ],
    "0.1": [
        0.9629629629629629
    ]
}