{
    "inf": [
        0.5983870967741935
    ],
    "2": [
        0.5951612903225807
    ],
    "1.6": [
        0.6155115511551155
    ],
    "1.5": [
        0.8120805369127517
    ],
    "1.4": [
        0.884393063583815
    ],
    "1.3": [
        0.9047619047619048
    ],
    "1.2": [
        0.8823529411764706
    ],
    "1.1": [
        0.8863636363636364
    ],
    "0.9": [
        0.9473684210526315
    ],
    "0.8": [
        1.0
    ],
    "0.7": [
        1.0
    ],
    "0.6": [
        1.0
    ],
    "0.5": [
        1.0
    ],
    "0.4": [
        1.0
    ],
    "0.3": [
        1.0
    ],
    "0.2": [
        1.0
    ],
    "0.1": [
        null
    ]
}