{
    "inf": [
        0.603225806451613
    ],
    "2": [
        0.603225806451613
    ],
    "1.6": [
        0.6648451730418944
    ],
    "1.5": [
        0.8863636363636364
    ],
    "1.4": [
        0.896551724137931
    ],
    "1.3": [
        0.9259259259259259
    ],
    "1.2": [
        1.0
    ],
    "1.1": [
        1.0
    ],
    "0.9": [
        null
    ],
    "0.8": [
        null
    ],
    "0.7": [
        null
    ],
    "0.6": [
        null
    ],
    "0.5": [
        null
    ],
    "0.4": [
        null
    ],
    "0.3": [
        null
    ],
    "0.2": [
        null
    ],
    "0.1": [
        null
    ]
}