{
    "inf": [
        0.6112903225806452
    ],
    "2": [
        0.6129032258064516
    ],
    "1.6": [
        0.6148867313915858
    ],
    "1.5": [
        0.68359375
    ],
    "1.4": [
        0.7331730769230769
    ],
    "1.3": [
        0.7815384615384615
    ],
    "1.2": [
        0.8024193548387096
    ],
    "1.1": [
        0.7875647668393783
    ],
    "0.9": [
        0.8363636363636363
    ],
    "0.8": [
        0.9080459770114943
    ],
    "0.7": [
        0.9047619047619048
    ],
    "0.6": [
        0.9361702127659575
    ],
    "0.5": [
        0.9354838709677419
    ],
    "0.4": [
        1.0
    ],
    "0.3": [
        1.0
    ],
    "0.2": [
        1.0
    ],
    "0.1": [
        null
    ]
}