{
    "inf": [
        0.635483870967742
    ],
    "2": [
        0.6338709677419355
    ],
    "1.6": [
        0.6187399030694669
    ],
    "1.5": [
        0.6946107784431138
    ],
    "1.4": [
        0.7621776504297995
    ],
    "1.3": [
        0.7849056603773585
    ],
    "1.2": [
        0.8181818181818182
    ],
    "1.1": [
        0.8392857142857143
    ],
    "0.9": [
        0.8214285714285714
    ],
    "0.8": [
        0.8947368421052632
    ],
    "0.7": [
        0.9666666666666667
    ],
    "0.6": [
        0.9333333333333333
    ],
    "0.5": [
        1.0
    ],
    "0.4": [
        1.0
    ],
    "0.3": [
        1.0
    ],
    "0.2": [
        null
    ],
    "0.1": [
        null
    ]
}