{
    "inf": [
        0.617741935483871
    ],
    "2": [
        0.6193548387096774
    ],
    "1.6": [
        0.6268174474959612
    ],
    "1.5": [
        0.6690017513134852
    ],
    "1.4": [
        0.7269076305220884
    ],
    "1.3": [
        0.7585421412300684
    ],
    "1.2": [
        0.7719298245614035
    ],
    "1.1": [
        0.7888888888888889
    ],
    "0.9": [
        0.8369565217391305
    ],
    "0.8": [
        0.8493723849372385
    ],
    "0.7": [
        0.8529411764705882
    ],
    "0.6": [
        0.888235294117647
    ],
    "0.5": [
        0.8819444444444444
    ],
    "0.4": [
        0.8983050847457628
    ],
    "0.3": [
        0.926829268292683
    ],
    "0.2": [
        0.9629629629629629
    ],
    "0.1": [
        1.0
    ]
}