{
    "inf": [
        0.5951612903225807
    ],
    "2": [
        0.5903225806451613
    ],
    "1.6": [
        0.5919354838709677
    ],
    "1.5": [
        0.6403846153846153
    ],
    "1.4": [
        0.7336814621409922
    ],
    "1.3": [
        0.7541528239202658
    ],
    "1.2": [
        0.7688888888888888
    ],
    "1.1": [
        0.7666666666666667
    ],
    "0.9": [
        0.8426966292134831
    ],
    "0.8": [
        0.7575757575757576
    ],
    "0.7": [
        0.7777777777777778
    ],
    "0.6": [
        0.75
    ],
    "0.5": [
        0.9333333333333333
    ],
    "0.4": [
        1.0
    ],
    "0.3": [
        1.0
    ],
    "0.2": [
        1.0
    ],
    "0.1": [
        null
    ]
}