{
    "inf": [
        0.5870967741935483
    ],
    "2": [
        0.5887096774193549
    ],
    "1.6": [
        0.5996705107084019
    ],
    "1.5": [
        0.7046632124352331
    ],
    "1.4": [
        0.7297297297297297
    ],
    "1.3": [
        0.7619047619047619
    ],
    "1.2": [
        0.7560975609756098
    ],
    "1.1": [
        0.8
    ],
    "0.9": [
        0.8333333333333334
    ],
    "0.8": [
        0.8666666666666667
    ],
    "0.7": [
        1.0
    ],
    "0.6": [
        1.0
    ],
    "0.5": [
        1.0
    ],
    "0.4": [
        null
    ],
    "0.3": [
        null
    ],
    "0.2": [
        null
    ],
    "0.1": [
        null
    ]
}