{
    "inf": [
        0.6016129032258064
    ],
    "2": [
        0.5983870967741935
    ],
    "1.6": [
        0.608130081300813
    ],
    "1.5": [
        0.7086776859504132
    ],
    "1.4": [
        0.7637362637362637
    ],
    "1.3": [
        0.7809187279151943
    ],
    "1.2": [
        0.7818930041152263
    ],
    "1.1": [
        0.7804878048780488
    ],
    "0.9": [
        0.8032786885245902
    ],
    "0.8": [
        0.82
    ],
    "0.7": [
        0.8666666666666667
    ],
    "0.6": [
        0.9454545454545454
    ],
    "0.5": [
        0.9459459459459459
    ],
    "0.4": [
        1.0
    ],
    "0.3": [
        1.0
    ],
    "0.2": [
        1.0
    ],
    "0.1": [
        1.0
    ]
}