{
    "inf": [
        0.617741935483871
    ],
    "2": [
        0.5741935483870968
    ],
    "1.6": [
        0.6200657894736842
    ],
    "1.5": [
        0.7991266375545851
    ],
    "1.4": [
        0.8552631578947368
    ],
    "1.3": [
        0.9047619047619048
    ],
    "1.2": [
        0.9285714285714286
    ],
    "1.1": [
        1.0
    ],
    "0.9": [
        1.0
    ],
    "0.8": [
        1.0
    ],
    "0.7": [
        null
    ],
    "0.6": [
        null
    ],
    "0.5": [
        null
    ],
    "0.4": [
        null
    ],
    "0.3": [
        null
    ],
    "0.2": [
        null
    ],
    "0.1": [
        null
    ]
}