{
    "inf": [
        0.6080645161290322
    ],
    "2": [
        0.6080645161290322
    ],
    "1.6": [
        0.6285714285714286
    ],
    "1.5": [
        0.8081180811808119
    ],
    "1.4": [
        0.8527131782945736
    ],
    "1.3": [
        0.9324324324324325
    ],
    "1.2": [
        0.9285714285714286
    ],
    "1.1": [
        0.9696969696969697
    ],
    "0.9": [
        0.8333333333333334
    ],
    "0.8": [
        1.0
    ],
    "0.7": [
        1.0
    ],
    "0.6": [
        1.0
    ],
    "0.5": [
        1.0
    ],
    "0.4": [
        null
    ],
    "0.3": [
        null
    ],
    "0.2": [
        null
    ],
    "0.1": [
        null
    ]
}