{
    "inf": [
        0.603225806451613
    ],
    "2": [
        0.6016129032258064
    ],
    "1.6": [
        0.6067961165048543
    ],
    "1.5": [
        0.6648550724637681
    ],
    "1.4": [
        0.7101769911504425
    ],
    "1.3": [
        0.7439353099730458
    ],
    "1.2": [
        0.7432432432432432
    ],
    "1.1": [
        0.7782258064516129
    ],
    "0.9": [
        0.8165680473372781
    ],
    "0.8": [
        0.8129496402877698
    ],
    "0.7": [
        0.8411214953271028
    ],
    "0.6": [
        0.8433734939759037
    ],
    "0.5": [
        0.9016393442622951
    ],
    "0.4": [
        0.9069767441860465
    ],
    "0.3": [
        0.9583333333333334
    ],
    "0.2": [
        0.9444444444444444
    ],
    "0.1": [
        0.8333333333333334
    ]
}