{
    "inf": [
        0.5903225806451613
    ],
    "2": [
        0.5903225806451613
    ],
    "1.6": [
        0.5990180032733224
    ],
    "1.5": [
        0.7111111111111111
    ],
    "1.4": [
        0.7677902621722846
    ],
    "1.3": [
        0.7970297029702971
    ],
    "1.2": [
        0.81875
    ],
    "1.1": [
        0.8796296296296297
    ],
    "0.9": [
        0.9245283018867925
    ],
    "0.8": [
        0.9411764705882353
    ],
    "0.7": [
        0.95
    ],
    "0.6": [
        0.9333333333333333
    ],
    "0.5": [
        1.0
    ],
    "0.4": [
        1.0
    ],
    "0.3": [
        1.0
    ],
    "0.2": [
        null
    ],
    "0.1": [
        null
    ]
}