{
    "inf": [
        0.617741935483871
    ],
    "2": [
        0.6241935483870967
    ],
    "1.6": [
        0.6061588330632091
    ],
    "1.5": [
        0.692144373673036
    ],
    "1.4": [
        0.7395209580838323
    ],
    "1.3": [
        0.7721518987341772
    ],
    "1.2": [
        0.8023255813953488
    ],
    "1.1": [
        0.7983870967741935
    ],
    "0.9": [
        0.8412698412698413
    ],
    "0.8": [
        0.8235294117647058
    ],
    "0.7": [
        0.9
    ],
    "0.6": [
        0.8
    ],
    "0.5": [
        1.0
    ],
    "0.4": [
        1.0
    ],
    "0.3": [
        1.0
    ],
    "0.2": [
        null
    ],
    "0.1": [
        null
    ]
}