{
    "inf": [
        0.6064516129032258
    ],
    "2": [
        0.6064516129032258
    ],
    "1.6": [
        0.6114754098360655
    ],
    "1.5": [
        0.727027027027027
    ],
    "1.4": [
        0.7860262008733624
    ],
    "1.3": [
        0.7960526315789473
    ],
    "1.2": [
        0.819047619047619
    ],
    "1.1": [
        0.85
    ],
    "0.9": [
        0.9166666666666666
    ],
    "0.8": [
        0.95
    ],
    "0.7": [
        0.9285714285714286
    ],
    "0.6": [
        1.0
    ],
    "0.5": [
        1.0
    ],
    "0.4": [
        1.0
    ],
    "0.3": [
        1.0
    ],
    "0.2": [
        null
    ],
    "0.1": [
        null
    ]
}