{
    "inf": [
        0.667741935483871
    ],
    "2": [
        0.667741935483871
    ],
    "1.6": [
        0.7148514851485148
    ],
    "1.5": [
        0.7377049180327869
    ],
    "1.4": [
        0.7586206896551724
    ],
    "1.3": [
        0.7747747747747747
    ],
    "1.2": [
        0.7800687285223368
    ],
    "1.1": [
        0.7881040892193308
    ],
    "0.9": [
        0.8112244897959183
    ],
    "0.8": [
        0.8181818181818182
    ],
    "0.7": [
        0.8548387096774194
    ],
    "0.6": [
        0.883495145631068
    ],
    "0.5": [
        0.8936170212765957
    ],
    "0.4": [
        0.890625
    ],
    "0.3": [
        0.972972972972973
    ],
    "0.2": [
        1.0
    ],
    "0.1": [
        1.0
    ]
}