{
    "inf": [
        0.6693548387096774
    ],
    "2": [
        0.6693548387096774
    ],
    "1.6": [
        0.6715210355987055
    ],
    "1.5": [
        0.750965250965251
    ],
    "1.4": [
        0.7952069716775599
    ],
    "1.3": [
        0.8190954773869347
    ],
    "1.2": [
        0.8176470588235294
    ],
    "1.1": [
        0.8172413793103448
    ],
    "0.9": [
        0.8317307692307693
    ],
    "0.8": [
        0.8433734939759037
    ],
    "0.7": [
        0.8439716312056738
    ],
    "0.6": [
        0.8545454545454545
    ],
    "0.5": [
        0.8433734939759037
    ],
    "0.4": [
        0.8620689655172413
    ],
    "0.3": [
        0.868421052631579
    ],
    "0.2": [
        0.9230769230769231
    ],
    "0.1": [
        0.5
    ]
}