{
    "inf": [
        0.6048387096774194
    ],
    "2": [
        0.6274193548387097
    ],
    "1.6": [
        0.6722129783693843
    ],
    "1.5": [
        0.7972972972972973
    ],
    "1.4": [
        0.8461538461538461
    ],
    "1.3": [
        0.8823529411764706
    ],
    "1.2": [
        1.0
    ],
    "1.1": [
        1.0
    ],
    "0.9": [
        null
    ],
    "0.8": [
        null
    ],
    "0.7": [
        null
    ],
    "0.6": [
        null
    ],
    "0.5": [
        null
    ],
    "0.4": [
        null
    ],
    "0.3": [
        null
    ],
    "0.2": [
        null
    ],
    "0.1": [
        null
    ]
}