{
    "inf": [
        0.5903225806451613
    ],
    "2": [
        0.5903225806451613
    ],
    "1.6": [
        0.6080402010050251
    ],
    "1.5": [
        0.7549407114624506
    ],
    "1.4": [
        0.7543859649122807
    ],
    "1.3": [
        0.7592592592592593
    ],
    "1.2": [
        0.7352941176470589
    ],
    "1.1": [
        0.7083333333333334
    ],
    "0.9": [
        0.8571428571428571
    ],
    "0.8": [
        0.6666666666666666
    ],
    "0.7": [
        1.0
    ],
    "0.6": [
        1.0
    ],
    "0.5": [
        null
    ],
    "0.4": [
        null
    ],
    "0.3": [
        null
    ],
    "0.2": [
        null
    ],
    "0.1": [
        null
    ]
}