{
    "inf": [
        0.5709677419354838
    ],
    "2": [
        0.5709677419354838
    ],
    "1.6": [
        0.5721231766612642
    ],
    "1.5": [
        0.6273408239700374
    ],
    "1.4": [
        0.6832579185520362
    ],
    "1.3": [
        0.723463687150838
    ],
    "1.2": [
        0.7711267605633803
    ],
    "1.1": [
        0.7896995708154506
    ],
    "0.9": [
        0.8712121212121212
    ],
    "0.8": [
        0.900990099009901
    ],
    "0.7": [
        0.9178082191780822
    ],
    "0.6": [
        0.9215686274509803
    ],
    "0.5": [
        0.9428571428571428
    ],
    "0.4": [
        1.0
    ],
    "0.3": [
        1.0
    ],
    "0.2": [
        1.0
    ],
    "0.1": [
        1.0
    ]
}