{
    "inf": [
        0.6983870967741935
    ],
    "2": [
        0.714516129032258
    ],
    "1.6": [
        0.7596741344195519
    ],
    "1.5": [
        0.7759036144578313
    ],
    "1.4": [
        0.8065395095367848
    ],
    "1.3": [
        0.8148148148148148
    ],
    "1.2": [
        0.8231046931407943
    ],
    "1.1": [
        0.8286852589641435
    ],
    "0.9": [
        0.8783068783068783
    ],
    "0.8": [
        0.89375
    ],
    "0.7": [
        0.905511811023622
    ],
    "0.6": [
        0.9252336448598131
    ],
    "0.5": [
        0.9333333333333333
    ],
    "0.4": [
        0.9433962264150944
    ],
    "0.3": [
        0.9459459459459459
    ],
    "0.2": [
        1.0
    ],
    "0.1": [
        1.0
    ]
}