{
    "inf": [
        0.6161290322580645
    ],
    "2": [
        0.6161290322580645
    ],
    "1.6": [
        0.6270627062706271
    ],
    "1.5": [
        0.7993079584775087
    ],
    "1.4": [
        0.8493150684931506
    ],
    "1.3": [
        0.8125
    ],
    "1.2": [
        0.8723404255319149
    ],
    "1.1": [
        0.96
    ],
    "0.9": [
        1.0
    ],
    "0.8": [
        1.0
    ],
    "0.7": [
        1.0
    ],
    "0.6": [
        null
    ],
    "0.5": [
        null
    ],
    "0.4": [
        null
    ],
    "0.3": [
        null
    ],
    "0.2": [
        null
    ],
    "0.1": [
        null
    ]
}