{
    "inf": [
        0.567741935483871
    ],
    "2": [
        0.614516129032258
    ],
    "1.6": [
        0.6094003241491086
    ],
    "1.5": [
        0.7329842931937173
    ],
    "1.4": [
        0.7336065573770492
    ],
    "1.3": [
        0.8154761904761905
    ],
    "1.2": [
        0.7927927927927928
    ],
    "1.1": [
        0.7945205479452054
    ],
    "0.9": [
        0.8611111111111112
    ],
    "0.8": [
        0.9444444444444444
    ],
    "0.7": [
        0.9
    ],
    "0.6": [
        1.0
    ],
    "0.5": [
        1.0
    ],
    "0.4": [
        null
    ],
    "0.3": [
        null
    ],
    "0.2": [
        null
    ],
    "0.1": [
        null
    ]
}