{
    "inf": [
        0.6274193548387097
    ],
    "2": [
        0.6338709677419355
    ],
    "1.6": [
        0.6258064516129033
    ],
    "1.5": [
        0.6848030018761726
    ],
    "1.4": [
        0.7407407407407407
    ],
    "1.3": [
        0.7531172069825436
    ],
    "1.2": [
        0.7642045454545454
    ],
    "1.1": [
        0.7795031055900621
    ],
    "0.9": [
        0.8
    ],
    "0.8": [
        0.8122270742358079
    ],
    "0.7": [
        0.8118811881188119
    ],
    "0.6": [
        0.8245614035087719
    ],
    "0.5": [
        0.825503355704698
    ],
    "0.4": [
        0.8278688524590164
    ],
    "0.3": [
        0.8210526315789474
    ],
    "0.2": [
        0.8448275862068966
    ],
    "0.1": [
        0.9090909090909091
    ]
}