{
    "inf": [
        0.6306451612903226
    ],
    "2": [
        0.6306451612903226
    ],
    "1.6": [
        0.7066666666666667
    ],
    "1.5": [
        0.9436619718309859
    ],
    "1.4": [
        0.9411764705882353
    ],
    "1.3": [
        1.0
    ],
    "1.2": [
        1.0
    ],
    "1.1": [
        1.0
    ],
    "0.9": [
        null
    ],
    "0.8": [
        null
    ],
    "0.7": [
        null
    ],
    "0.6": [
        null
    ],
    "0.5": [
        null
    ],
    "0.4": [
        null
    ],
    "0.3": [
        null
    ],
    "0.2": [
        null
    ],
    "0.1": [
        null
    ]
}