{
    "inf": [
        0.6338709677419355
    ],
    "2": [
        0.6338709677419355
    ],
    "1.6": [
        0.6773618538324421
    ],
    "1.5": [
        0.8396946564885496
    ],
    "1.4": [
        0.8666666666666667
    ],
    "1.3": [
        0.7777777777777778
    ],
    "1.2": [
        1.0
    ],
    "1.1": [
        1.0
    ],
    "0.9": [
        null
    ],
    "0.8": [
        null
    ],
    "0.7": [
        null
    ],
    "0.6": [
        null
    ],
    "0.5": [
        null
    ],
    "0.4": [
        null
    ],
    "0.3": [
        null
    ],
    "0.2": [
        null
    ],
    "0.1": [
        null
    ]
}