{
    "inf": [
        0.614516129032258
    ],
    "2": [
        0.614516129032258
    ],
    "1.6": [
        0.6696588868940754
    ],
    "1.5": [
        0.8867924528301887
    ],
    "1.4": [
        0.8333333333333334
    ],
    "1.3": [
        1.0
    ],
    "1.2": [
        1.0
    ],
    "1.1": [
        1.0
    ],
    "0.9": [
        1.0
    ],
    "0.8": [
        1.0
    ],
    "0.7": [
        null
    ],
    "0.6": [
        null
    ],
    "0.5": [
        null
    ],
    "0.4": [
        null
    ],
    "0.3": [
        null
    ],
    "0.2": [
        null
    ],
    "0.1": [
        null
    ]
}