{
    "inf": [
        0.6709677419354839
    ],
    "2": [
        0.667741935483871
    ],
    "1.6": [
        0.7051039697542533
    ],
    "1.5": [
        0.7350427350427351
    ],
    "1.4": [
        0.7523584905660378
    ],
    "1.3": [
        0.7806788511749347
    ],
    "1.2": [
        0.7840236686390533
    ],
    "1.1": [
        0.78839590443686
    ],
    "0.9": [
        0.7805907172995781
    ],
    "0.8": [
        0.8071065989847716
    ],
    "0.7": [
        0.8165680473372781
    ],
    "0.6": [
        0.8251748251748252
    ],
    "0.5": [
        0.8151260504201681
    ],
    "0.4": [
        0.8279569892473119
    ],
    "0.3": [
        0.8235294117647058
    ],
    "0.2": [
        0.9047619047619048
    ],
    "0.1": [
        0.9444444444444444
    ]
}