{
    "inf": [
        0.6
    ],
    "2": [
        0.6
    ],
    "1.6": [
        0.6038961038961039
    ],
    "1.5": [
        0.6995412844036697
    ],
    "1.4": [
        0.7549019607843137
    ],
    "1.3": [
        0.7904761904761904
    ],
    "1.2": [
        0.8289473684210527
    ],
    "1.1": [
        0.875
    ],
    "0.9": [
        0.9047619047619048
    ],
    "0.8": [
        0.896551724137931
    ],
    "0.7": [
        0.9
    ],
    "0.6": [
        1.0
    ],
    "0.5": [
        1.0
    ],
    "0.4": [
        1.0
    ],
    "0.3": [
        1.0
    ],
    "0.2": [
        1.0
    ],
    "0.1": [
        1.0
    ]
}