{
    "inf": [
        0.635483870967742
    ],
    "2": [
        0.6451612903225806
    ],
    "1.6": [
        0.6804511278195489
    ],
    "1.5": [
        0.7176724137931034
    ],
    "1.4": [
        0.7374701670644391
    ],
    "1.3": [
        0.7438692098092643
    ],
    "1.2": [
        0.7538461538461538
    ],
    "1.1": [
        0.7720588235294118
    ],
    "0.9": [
        0.797979797979798
    ],
    "0.8": [
        0.80625
    ],
    "0.7": [
        0.8095238095238095
    ],
    "0.6": [
        0.801980198019802
    ],
    "0.5": [
        0.7763157894736842
    ],
    "0.4": [
        0.8392857142857143
    ],
    "0.3": [
        0.875
    ],
    "0.2": [
        0.9166666666666666
    ],
    "0.1": [
        1.0
    ]
}