{
    "inf": [
        0.6241935483870967
    ],
    "2": [
        0.6403225806451613
    ],
    "1.6": [
        0.6348949919224556
    ],
    "1.5": [
        0.6895910780669146
    ],
    "1.4": [
        0.753880266075388
    ],
    "1.3": [
        0.7796610169491526
    ],
    "1.2": [
        0.7966101694915254
    ],
    "1.1": [
        0.8288973384030418
    ],
    "0.9": [
        0.8333333333333334
    ],
    "0.8": [
        0.8707482993197279
    ],
    "0.7": [
        0.859375
    ],
    "0.6": [
        0.8909090909090909
    ],
    "0.5": [
        0.9
    ],
    "0.4": [
        0.921875
    ],
    "0.3": [
        0.9534883720930233
    ],
    "0.2": [
        0.9411764705882353
    ],
    "0.1": [
        0.8571428571428571
    ]
}