{
    "inf": [
        0.6016129032258064
    ],
    "2": [
        0.6016129032258064
    ],
    "1.6": [
        0.6062091503267973
    ],
    "1.5": [
        0.7677725118483413
    ],
    "1.4": [
        0.8734177215189873
    ],
    "1.3": [
        0.9047619047619048
    ],
    "1.2": [
        1.0
    ],
    "1.1": [
        1.0
    ],
    "0.9": [
        1.0
    ],
    "0.8": [
        1.0
    ],
    "0.7": [
        1.0
    ],
    "0.6": [
        1.0
    ],
    "0.5": [
        null
    ],
    "0.4": [
        null
    ],
    "0.3": [
        null
    ],
    "0.2": [
        null
    ],
    "0.1": [
        null
    ]
}