{
    "inf": [
        0.632258064516129
    ],
    "2": [
        0.632258064516129
    ],
    "1.6": [
        0.6350245499181669
    ],
    "1.5": [
        0.7835365853658537
    ],
    "1.4": [
        0.8121546961325967
    ],
    "1.3": [
        0.8454545454545455
    ],
    "1.2": [
        0.9
    ],
    "1.1": [
        0.9696969696969697
    ],
    "0.9": [
        1.0
    ],
    "0.8": [
        1.0
    ],
    "0.7": [
        1.0
    ],
    "0.6": [
        1.0
    ],
    "0.5": [
        1.0
    ],
    "0.4": [
        1.0
    ],
    "0.3": [
        1.0
    ],
    "0.2": [
        1.0
    ],
    "0.1": [
        null
    ]
}