{
    "inf": [
        0.5709677419354838
    ],
    "2": [
        0.5709677419354838
    ],
    "1.6": [
        0.5709677419354838
    ],
    "1.5": [
        0.6267190569744597
    ],
    "1.4": [
        0.6805194805194805
    ],
    "1.3": [
        0.7152542372881356
    ],
    "1.2": [
        0.7410714285714286
    ],
    "1.1": [
        0.776536312849162
    ],
    "0.9": [
        0.822429906542056
    ],
    "0.8": [
        0.8048780487804879
    ],
    "0.7": [
        0.8253968253968254
    ],
    "0.6": [
        0.84
    ],
    "0.5": [
        0.8333333333333334
    ],
    "0.4": [
        0.8571428571428571
    ],
    "0.3": [
        0.9166666666666666
    ],
    "0.2": [
        0.75
    ],
    "0.1": [
        0.6666666666666666
    ]
}