{
    "inf": [
        0.6387096774193548
    ],
    "2": [
        0.6209677419354839
    ],
    "1.6": [
        0.625
    ],
    "1.5": [
        0.7318840579710145
    ],
    "1.4": [
        0.7829181494661922
    ],
    "1.3": [
        0.8045454545454546
    ],
    "1.2": [
        0.8267716535433071
    ],
    "1.1": [
        0.8761904761904762
    ],
    "0.9": [
        0.84
    ],
    "0.8": [
        0.8571428571428571
    ],
    "0.7": [
        0.9032258064516129
    ],
    "0.6": [
        0.875
    ],
    "0.5": [
        1.0
    ],
    "0.4": [
        1.0
    ],
    "0.3": [
        1.0
    ],
    "0.2": [
        null
    ],
    "0.1": [
        null
    ]
}