{
    "inf": [
        0.5758064516129032
    ],
    "2": [
        0.5612903225806452
    ],
    "1.6": [
        0.5638126009693053
    ],
    "1.5": [
        0.6599099099099099
    ],
    "1.4": [
        0.7077922077922078
    ],
    "1.3": [
        0.7416666666666667
    ],
    "1.2": [
        0.7989130434782609
    ],
    "1.1": [
        0.8253968253968254
    ],
    "0.9": [
        0.8588235294117647
    ],
    "0.8": [
        0.8333333333333334
    ],
    "0.7": [
        0.84
    ],
    "0.6": [
        0.9090909090909091
    ],
    "0.5": [
        0.8695652173913043
    ],
    "0.4": [
        0.8461538461538461
    ],
    "0.3": [
        0.5
    ],
    "0.2": [
        1.0
    ],
    "0.1": [
        1.0
    ]
}