{
    "inf": [
        0.6129032258064516
    ],
    "2": [
        0.6
    ],
    "1.6": [
        0.608130081300813
    ],
    "1.5": [
        0.7526315789473684
    ],
    "1.4": [
        0.8235294117647058
    ],
    "1.3": [
        0.8761904761904762
    ],
    "1.2": [
        0.90625
    ],
    "1.1": [
        0.9210526315789473
    ],
    "0.9": [
        1.0
    ],
    "0.8": [
        0.9285714285714286
    ],
    "0.7": [
        1.0
    ],
    "0.6": [
        1.0
    ],
    "0.5": [
        null
    ],
    "0.4": [
        null
    ],
    "0.3": [
        null
    ],
    "0.2": [
        null
    ],
    "0.1": [
        null
    ]
}