{
    "inf": [
        0.7
    ],
    "2": [
        0.7016129032258065
    ],
    "1.6": [
        0.7326923076923076
    ],
    "1.5": [
        0.7320261437908496
    ],
    "1.4": [
        0.7434052757793765
    ],
    "1.3": [
        0.7547683923705722
    ],
    "1.2": [
        0.7682926829268293
    ],
    "1.1": [
        0.7622377622377622
    ],
    "0.9": [
        0.8009259259259259
    ],
    "0.8": [
        0.8176795580110497
    ],
    "0.7": [
        0.8376623376623377
    ],
    "0.6": [
        0.8307692307692308
    ],
    "0.5": [
        0.8482142857142857
    ],
    "0.4": [
        0.8674698795180723
    ],
    "0.3": [
        0.9322033898305084
    ],
    "0.2": [
        0.9512195121951219
    ],
    "0.1": [
        0.9285714285714286
    ]
}