{
    "inf": [
        0.5967741935483871
    ],
    "2": [
        0.5935483870967742
    ],
    "1.6": [
        0.6200657894736842
    ],
    "1.5": [
        0.7142857142857143
    ],
    "1.4": [
        0.8198757763975155
    ],
    "1.3": [
        0.8913043478260869
    ],
    "1.2": [
        0.9056603773584906
    ],
    "1.1": [
        0.8888888888888888
    ],
    "0.9": [
        1.0
    ],
    "0.8": [
        1.0
    ],
    "0.7": [
        1.0
    ],
    "0.6": [
        1.0
    ],
    "0.5": [
        1.0
    ],
    "0.4": [
        null
    ],
    "0.3": [
        null
    ],
    "0.2": [
        null
    ],
    "0.1": [
        null
    ]
}