{
    "inf": [
        0.6064516129032258
    ],
    "2": [
        0.6112903225806452
    ],
    "1.6": [
        0.6199021207177814
    ],
    "1.5": [
        0.7088305489260143
    ],
    "1.4": [
        0.7539432176656151
    ],
    "1.3": [
        0.7863636363636364
    ],
    "1.2": [
        0.793939393939394
    ],
    "1.1": [
        0.8434782608695652
    ],
    "0.9": [
        0.9076923076923077
    ],
    "0.8": [
        0.9019607843137255
    ],
    "0.7": [
        0.9615384615384616
    ],
    "0.6": [
        0.9473684210526315
    ],
    "0.5": [
        0.875
    ],
    "0.4": [
        1.0
    ],
    "0.3": [
        null
    ],
    "0.2": [
        null
    ],
    "0.1": [
        null
    ]
}