{
    "inf": [
        0.5935483870967742
    ],
    "2": [
        0.5935483870967742
    ],
    "1.6": [
        0.6076158940397351
    ],
    "1.5": [
        0.7695035460992907
    ],
    "1.4": [
        0.8169014084507042
    ],
    "1.3": [
        0.8433734939759037
    ],
    "1.2": [
        0.875
    ],
    "1.1": [
        0.76
    ],
    "0.9": [
        0.75
    ],
    "0.8": [
        null
    ],
    "0.7": [
        null
    ],
    "0.6": [
        null
    ],
    "0.5": [
        null
    ],
    "0.4": [
        null
    ],
    "0.3": [
        null
    ],
    "0.2": [
        null
    ],
    "0.1": [
        null
    ]
}