{
    "inf": [
        0.5725806451612904
    ],
    "2": [
        0.5919354838709677
    ],
    "1.6": [
        0.5830618892508144
    ],
    "1.5": [
        0.6857142857142857
    ],
    "1.4": [
        0.6937269372693727
    ],
    "1.3": [
        0.7355769230769231
    ],
    "1.2": [
        0.7421383647798742
    ],
    "1.1": [
        0.7619047619047619
    ],
    "0.9": [
        0.8775510204081632
    ],
    "0.8": [
        0.8648648648648649
    ],
    "0.7": [
        1.0
    ],
    "0.6": [
        1.0
    ],
    "0.5": [
        1.0
    ],
    "0.4": [
        1.0
    ],
    "0.3": [
        1.0
    ],
    "0.2": [
        null
    ],
    "0.1": [
        null
    ]
}