{
    "inf": [
        0.6693548387096774
    ],
    "2": [
        0.6806451612903226
    ],
    "1.6": [
        0.7456647398843931
    ],
    "1.5": [
        0.75
    ],
    "1.4": [
        0.7632850241545893
    ],
    "1.3": [
        0.787292817679558
    ],
    "1.2": [
        0.8099688473520249
    ],
    "1.1": [
        0.8315412186379928
    ],
    "0.9": [
        0.8504672897196262
    ],
    "0.8": [
        0.8776595744680851
    ],
    "0.7": [
        0.8875
    ],
    "0.6": [
        0.8671875
    ],
    "0.5": [
        0.9217391304347826
    ],
    "0.4": [
        0.9354838709677419
    ],
    "0.3": [
        0.9375
    ],
    "0.2": [
        0.9523809523809523
    ],
    "0.1": [
        0.9523809523809523
    ]
}