{
    "inf": [
        0.6096774193548387
    ],
    "2": [
        0.6096774193548387
    ],
    "1.6": [
        0.6106623586429726
    ],
    "1.5": [
        0.7223427331887202
    ],
    "1.4": [
        0.7735294117647059
    ],
    "1.3": [
        0.8075313807531381
    ],
    "1.2": [
        0.8152173913043478
    ],
    "1.1": [
        0.8201438848920863
    ],
    "0.9": [
        0.8831168831168831
    ],
    "0.8": [
        0.9347826086956522
    ],
    "0.7": [
        0.9655172413793104
    ],
    "0.6": [
        0.9545454545454546
    ],
    "0.5": [
        0.9333333333333333
    ],
    "0.4": [
        1.0
    ],
    "0.3": [
        1.0
    ],
    "0.2": [
        1.0
    ],
    "0.1": [
        1.0
    ]
}