{
    "inf": [
        0.6258064516129033
    ],
    "2": [
        0.6258064516129033
    ],
    "1.6": [
        0.6967370441458733
    ],
    "1.5": [
        0.8648648648648649
    ],
    "1.4": [
        0.9130434782608695
    ],
    "1.3": [
        0.875
    ],
    "1.2": [
        1.0
    ],
    "1.1": [
        1.0
    ],
    "0.9": [
        null
    ],
    "0.8": [
        null
    ],
    "0.7": [
        null
    ],
    "0.6": [
        null
    ],
    "0.5": [
        null
    ],
    "0.4": [
        null
    ],
    "0.3": [
        null
    ],
    "0.2": [
        null
    ],
    "0.1": [
        null
    ]
}