{
    "inf": [
        0.6129032258064516
    ],
    "2": [
        0.6129032258064516
    ],
    "1.6": [
        0.6196013289036545
    ],
    "1.5": [
        0.783625730994152
    ],
    "1.4": [
        0.8507462686567164
    ],
    "1.3": [
        0.9026548672566371
    ],
    "1.2": [
        0.9523809523809523
    ],
    "1.1": [
        0.9761904761904762
    ],
    "0.9": [
        1.0
    ],
    "0.8": [
        1.0
    ],
    "0.7": [
        1.0
    ],
    "0.6": [
        1.0
    ],
    "0.5": [
        null
    ],
    "0.4": [
        null
    ],
    "0.3": [
        null
    ],
    "0.2": [
        null
    ],
    "0.1": [
        null
    ]
}