{
    "inf": [
        0.6580645161290323
    ],
    "2": [
        0.6548387096774193
    ],
    "1.6": [
        0.6574675324675324
    ],
    "1.5": [
        0.7405940594059406
    ],
    "1.4": [
        0.7766749379652605
    ],
    "1.3": [
        0.8069620253164557
    ],
    "1.2": [
        0.8436213991769548
    ],
    "1.1": [
        0.861878453038674
    ],
    "0.9": [
        0.8857142857142857
    ],
    "0.8": [
        0.9390243902439024
    ],
    "0.7": [
        0.9333333333333333
    ],
    "0.6": [
        0.9743589743589743
    ],
    "0.5": [
        1.0
    ],
    "0.4": [
        1.0
    ],
    "0.3": [
        1.0
    ],
    "0.2": [
        1.0
    ],
    "0.1": [
        1.0
    ]
}