{
    "inf": [
        0.6951612903225807
    ],
    "2": [
        0.6951612903225807
    ],
    "1.6": [
        0.7310606060606061
    ],
    "1.5": [
        0.7416481069042317
    ],
    "1.4": [
        0.7538071065989848
    ],
    "1.3": [
        0.7787356321839081
    ],
    "1.2": [
        0.7870967741935484
    ],
    "1.1": [
        0.7843866171003717
    ],
    "0.9": [
        0.7874396135265701
    ],
    "0.8": [
        0.8
    ],
    "0.7": [
        0.7974683544303798
    ],
    "0.6": [
        0.7985074626865671
    ],
    "0.5": [
        0.83
    ],
    "0.4": [
        0.8481012658227848
    ],
    "0.3": [
        0.9259259259259259
    ],
    "0.2": [
        0.9696969696969697
    ],
    "0.1": [
        1.0
    ]
}