{
    "inf": [
        0.5758064516129032
    ],
    "2": [
        0.5758064516129032
    ],
    "1.6": [
        0.5900826446280992
    ],
    "1.5": [
        0.7287066246056783
    ],
    "1.4": [
        0.7897435897435897
    ],
    "1.3": [
        0.831858407079646
    ],
    "1.2": [
        0.8805970149253731
    ],
    "1.1": [
        0.9459459459459459
    ],
    "0.9": [
        1.0
    ],
    "0.8": [
        1.0
    ],
    "0.7": [
        1.0
    ],
    "0.6": [
        null
    ],
    "0.5": [
        null
    ],
    "0.4": [
        null
    ],
    "0.3": [
        null
    ],
    "0.2": [
        null
    ],
    "0.1": [
        null
    ]
}