{
    "inf": [
        0.6709677419354839
    ],
    "2": [
        0.6629032258064517
    ],
    "1.6": [
        0.7137254901960784
    ],
    "1.5": [
        0.7505720823798627
    ],
    "1.4": [
        0.783641160949868
    ],
    "1.3": [
        0.796923076923077
    ],
    "1.2": [
        0.8050541516245487
    ],
    "1.1": [
        0.8389830508474576
    ],
    "0.9": [
        0.8705882352941177
    ],
    "0.8": [
        0.8768115942028986
    ],
    "0.7": [
        0.8545454545454545
    ],
    "0.6": [
        0.8586956521739131
    ],
    "0.5": [
        0.8805970149253731
    ],
    "0.4": [
        0.8636363636363636
    ],
    "0.3": [
        0.96
    ],
    "0.2": [
        1.0
    ],
    "0.1": [
        1.0
    ]
}