{
    "inf": [
        0.65
    ],
    "2": [
        0.65
    ],
    "1.6": [
        0.6644628099173554
    ],
    "1.5": [
        0.7745535714285714
    ],
    "1.4": [
        0.844311377245509
    ],
    "1.3": [
        0.8813559322033898
    ],
    "1.2": [
        0.9235294117647059
    ],
    "1.1": [
        0.9512195121951219
    ],
    "0.9": [
        1.0
    ],
    "0.8": [
        1.0
    ],
    "0.7": [
        1.0
    ],
    "0.6": [
        1.0
    ],
    "0.5": [
        1.0
    ],
    "0.4": [
        1.0
    ],
    "0.3": [
        1.0
    ],
    "0.2": [
        1.0
    ],
    "0.1": [
        null
    ]
}