{
    "inf": [
        0.6112903225806452
    ],
    "2": [
        0.6112903225806452
    ],
    "1.6": [
        0.6292517006802721
    ],
    "1.5": [
        0.8659217877094972
    ],
    "1.4": [
        0.9066666666666666
    ],
    "1.3": [
        0.9655172413793104
    ],
    "1.2": [
        1.0
    ],
    "1.1": [
        1.0
    ],
    "0.9": [
        1.0
    ],
    "0.8": [
        1.0
    ],
    "0.7": [
        1.0
    ],
    "0.6": [
        1.0
    ],
    "0.5": [
        null
    ],
    "0.4": [
        null
    ],
    "0.3": [
        null
    ],
    "0.2": [
        null
    ],
    "0.1": [
        null
    ]
}