{
    "inf": [
        0.5903225806451613
    ],
    "2": [
        0.5903225806451613
    ],
    "1.6": [
        0.5922330097087378
    ],
    "1.5": [
        0.6955602536997886
    ],
    "1.4": [
        0.7418478260869565
    ],
    "1.3": [
        0.7818181818181819
    ],
    "1.2": [
        0.8379629629629629
    ],
    "1.1": [
        0.8520710059171598
    ],
    "0.9": [
        0.9069767441860465
    ],
    "0.8": [
        0.9
    ],
    "0.7": [
        0.8867924528301887
    ],
    "0.6": [
        0.9230769230769231
    ],
    "0.5": [
        0.88
    ],
    "0.4": [
        0.9230769230769231
    ],
    "0.3": [
        0.875
    ],
    "0.2": [
        0.6666666666666666
    ],
    "0.1": [
        1.0
    ]
}