{
    "inf": [
        0.6209677419354839
    ],
    "2": [
        0.6209677419354839
    ],
    "1.6": [
        0.6660746003552398
    ],
    "1.5": [
        0.875
    ],
    "1.4": [
        0.9705882352941176
    ],
    "1.3": [
        1.0
    ],
    "1.2": [
        1.0
    ],
    "1.1": [
        1.0
    ],
    "0.9": [
        null
    ],
    "0.8": [
        null
    ],
    "0.7": [
        null
    ],
    "0.6": [
        null
    ],
    "0.5": [
        null
    ],
    "0.4": [
        null
    ],
    "0.3": [
        null
    ],
    "0.2": [
        null
    ],
    "0.1": [
        null
    ]
}