{
    "inf": [
        0.617741935483871
    ],
    "2": [
        0.6258064516129033
    ],
    "1.6": [
        0.6384892086330936
    ],
    "1.5": [
        0.6795131845841785
    ],
    "1.4": [
        0.6795180722891566
    ],
    "1.3": [
        0.7043010752688172
    ],
    "1.2": [
        0.7129909365558912
    ],
    "1.1": [
        0.7297297297297297
    ],
    "0.9": [
        0.755656108597285
    ],
    "0.8": [
        0.7819148936170213
    ],
    "0.7": [
        0.7735849056603774
    ],
    "0.6": [
        0.8235294117647058
    ],
    "0.5": [
        0.8411214953271028
    ],
    "0.4": [
        0.8636363636363636
    ],
    "0.3": [
        0.8771929824561403
    ],
    "0.2": [
        0.9210526315789473
    ],
    "0.1": [
        0.9411764705882353
    ]
}