{
    "inf": [
        0.7016129032258065
    ],
    "2": [
        0.6983870967741935
    ],
    "1.6": [
        0.7391304347826086
    ],
    "1.5": [
        0.7629107981220657
    ],
    "1.4": [
        0.7821229050279329
    ],
    "1.3": [
        0.7777777777777778
    ],
    "1.2": [
        0.7822878228782287
    ],
    "1.1": [
        0.8201754385964912
    ],
    "0.9": [
        0.8448275862068966
    ],
    "0.8": [
        0.863013698630137
    ],
    "0.7": [
        0.8780487804878049
    ],
    "0.6": [
        0.9130434782608695
    ],
    "0.5": [
        0.927536231884058
    ],
    "0.4": [
        0.9444444444444444
    ],
    "0.3": [
        0.95
    ],
    "0.2": [
        0.9565217391304348
    ],
    "0.1": [
        1.0
    ]
}