{
    "inf": [
        0.6064516129032258
    ],
    "2": [
        0.6064516129032258
    ],
    "1.6": [
        0.6077795786061588
    ],
    "1.5": [
        0.7117903930131004
    ],
    "1.4": [
        0.7692307692307693
    ],
    "1.3": [
        0.8191881918819188
    ],
    "1.2": [
        0.8146341463414634
    ],
    "1.1": [
        0.8176470588235294
    ],
    "0.9": [
        0.8508771929824561
    ],
    "0.8": [
        0.8735632183908046
    ],
    "0.7": [
        0.873015873015873
    ],
    "0.6": [
        0.8780487804878049
    ],
    "0.5": [
        0.8333333333333334
    ],
    "0.4": [
        0.85
    ],
    "0.3": [
        0.8571428571428571
    ],
    "0.2": [
        1.0
    ],
    "0.1": [
        1.0
    ]
}