{
    "inf": [
        0.6048387096774194
    ],
    "2": [
        0.6080645161290322
    ],
    "1.6": [
        0.6268174474959612
    ],
    "1.5": [
        0.6660482374768089
    ],
    "1.4": [
        0.7155555555555555
    ],
    "1.3": [
        0.7456647398843931
    ],
    "1.2": [
        0.7617328519855595
    ],
    "1.1": [
        0.7665198237885462
    ],
    "0.9": [
        0.7569444444444444
    ],
    "0.8": [
        0.8085106382978723
    ],
    "0.7": [
        0.8266666666666667
    ],
    "0.6": [
        0.8363636363636363
    ],
    "0.5": [
        0.875
    ],
    "0.4": [
        1.0
    ],
    "0.3": [
        1.0
    ],
    "0.2": [
        1.0
    ],
    "0.1": [
        1.0
    ]
}