{
    "inf": [
        0.5887096774193549
    ],
    "2": [
        0.5790322580645161
    ],
    "1.6": [
        0.587378640776699
    ],
    "1.5": [
        0.6593406593406593
    ],
    "1.4": [
        0.7405247813411079
    ],
    "1.3": [
        0.7078189300411523
    ],
    "1.2": [
        0.7472527472527473
    ],
    "1.1": [
        0.7767857142857143
    ],
    "0.9": [
        0.8431372549019608
    ],
    "0.8": [
        0.9117647058823529
    ],
    "0.7": [
        0.875
    ],
    "0.6": [
        0.9166666666666666
    ],
    "0.5": [
        0.875
    ],
    "0.4": [
        1.0
    ],
    "0.3": [
        1.0
    ],
    "0.2": [
        1.0
    ],
    "0.1": [
        null
    ]
}