{
    "inf": [
        0.603225806451613
    ],
    "2": [
        0.603225806451613
    ],
    "1.6": [
        0.6146341463414634
    ],
    "1.5": [
        0.7152173913043478
    ],
    "1.4": [
        0.7339181286549707
    ],
    "1.3": [
        0.7563025210084033
    ],
    "1.2": [
        0.7717391304347826
    ],
    "1.1": [
        0.8134328358208955
    ],
    "0.9": [
        0.8636363636363636
    ],
    "0.8": [
        0.875
    ],
    "0.7": [
        0.8888888888888888
    ],
    "0.6": [
        0.875
    ],
    "0.5": [
        0.875
    ],
    "0.4": [
        0.8
    ],
    "0.3": [
        1.0
    ],
    "0.2": [
        null
    ],
    "0.1": [
        null
    ]
}