{
    "inf": [
        0.5596774193548387
    ],
    "2": [
        0.5532258064516129
    ],
    "1.6": [
        0.5395799676898223
    ],
    "1.5": [
        0.6058823529411764
    ],
    "1.4": [
        0.6612903225806451
    ],
    "1.3": [
        0.7009345794392523
    ],
    "1.2": [
        0.6666666666666666
    ],
    "1.1": [
        0.6756756756756757
    ],
    "0.9": [
        0.8461538461538461
    ],
    "0.8": [
        0.8333333333333334
    ],
    "0.7": [
        0.7142857142857143
    ],
    "0.6": [
        1.0
    ],
    "0.5": [
        1.0
    ],
    "0.4": [
        1.0
    ],
    "0.3": [
        1.0
    ],
    "0.2": [
        null
    ],
    "0.1": [
        null
    ]
}