{
    "inf": [
        0.5629032258064516
    ],
    "2": [
        0.5532258064516129
    ],
    "1.6": [
        0.5582922824302134
    ],
    "1.5": [
        0.7375
    ],
    "1.4": [
        0.7740112994350282
    ],
    "1.3": [
        0.8090909090909091
    ],
    "1.2": [
        0.8888888888888888
    ],
    "1.1": [
        0.8913043478260869
    ],
    "0.9": [
        0.875
    ],
    "0.8": [
        0.9
    ],
    "0.7": [
        1.0
    ],
    "0.6": [
        1.0
    ],
    "0.5": [
        1.0
    ],
    "0.4": [
        1.0
    ],
    "0.3": [
        1.0
    ],
    "0.2": [
        null
    ],
    "0.1": [
        null
    ]
}