{
    "inf": [
        0.646774193548387
    ],
    "2": [
        0.6596774193548387
    ],
    "1.6": [
        0.70276008492569
    ],
    "1.5": [
        0.7146464646464646
    ],
    "1.4": [
        0.7295774647887324
    ],
    "1.3": [
        0.7540453074433657
    ],
    "1.2": [
        0.7712177121771218
    ],
    "1.1": [
        0.7850877192982456
    ],
    "0.9": [
        0.8156424581005587
    ],
    "0.8": [
        0.7908496732026143
    ],
    "0.7": [
        0.8099173553719008
    ],
    "0.6": [
        0.8144329896907216
    ],
    "0.5": [
        0.8591549295774648
    ],
    "0.4": [
        0.9130434782608695
    ],
    "0.3": [
        0.8709677419354839
    ],
    "0.2": [
        0.9444444444444444
    ],
    "0.1": [
        1.0
    ]
}