{
    "inf": [
        0.6096774193548387
    ],
    "2": [
        0.614516129032258
    ],
    "1.6": [
        0.5831987075928917
    ],
    "1.5": [
        0.7036247334754797
    ],
    "1.4": [
        0.7506561679790026
    ],
    "1.3": [
        0.7766323024054983
    ],
    "1.2": [
        0.794392523364486
    ],
    "1.1": [
        0.8043478260869565
    ],
    "0.9": [
        0.881578947368421
    ],
    "0.8": [
        0.875
    ],
    "0.7": [
        0.8717948717948718
    ],
    "0.6": [
        0.8333333333333334
    ],
    "0.5": [
        0.8235294117647058
    ],
    "0.4": [
        1.0
    ],
    "0.3": [
        1.0
    ],
    "0.2": [
        1.0
    ],
    "0.1": [
        null
    ]
}