{
    "inf": [
        0.5870967741935483
    ],
    "2": [
        0.5903225806451613
    ],
    "1.6": [
        0.5702746365105008
    ],
    "1.5": [
        0.6701461377870563
    ],
    "1.4": [
        0.7063953488372093
    ],
    "1.3": [
        0.7272727272727273
    ],
    "1.2": [
        0.7371134020618557
    ],
    "1.1": [
        0.7484662576687117
    ],
    "0.9": [
        0.7582417582417582
    ],
    "0.8": [
        0.7727272727272727
    ],
    "0.7": [
        0.7868852459016393
    ],
    "0.6": [
        0.8285714285714286
    ],
    "0.5": [
        0.88
    ],
    "0.4": [
        0.8461538461538461
    ],
    "0.3": [
        0.6666666666666666
    ],
    "0.2": [
        1.0
    ],
    "0.1": [
        null
    ]
}