{
    "inf": [
        0.6258064516129033
    ],
    "2": [
        0.6258064516129033
    ],
    "1.6": [
        0.6319218241042345
    ],
    "1.5": [
        0.773224043715847
    ],
    "1.4": [
        0.821256038647343
    ],
    "1.3": [
        0.8134328358208955
    ],
    "1.2": [
        0.8777777777777778
    ],
    "1.1": [
        0.9183673469387755
    ],
    "0.9": [
        0.9583333333333334
    ],
    "0.8": [
        0.9375
    ],
    "0.7": [
        0.875
    ],
    "0.6": [
        1.0
    ],
    "0.5": [
        1.0
    ],
    "0.4": [
        null
    ],
    "0.3": [
        null
    ],
    "0.2": [
        null
    ],
    "0.1": [
        null
    ]
}