{
    "inf": [
        0.5661290322580645
    ],
    "2": [
        0.5661290322580645
    ],
    "1.6": [
        0.6673913043478261
    ],
    "1.5": [
        0.868421052631579
    ],
    "1.4": [
        0.75
    ],
    "1.3": [
        null
    ],
    "1.2": [
        null
    ],
    "1.1": [
        null
    ],
    "0.9": [
        null
    ],
    "0.8": [
        null
    ],
    "0.7": [
        null
    ],
    "0.6": [
        null
    ],
    "0.5": [
        null
    ],
    "0.4": [
        null
    ],
    "0.3": [
        null
    ],
    "0.2": [
        null
    ],
    "0.1": [
        null
    ]
}