{
    "inf": [
        0.5741935483870968
    ],
    "2": [
        0.5741935483870968
    ],
    "1.6": [
        0.5760517799352751
    ],
    "1.5": [
        0.6483050847457628
    ],
    "1.4": [
        0.6823204419889503
    ],
    "1.3": [
        0.7030075187969925
    ],
    "1.2": [
        0.7386934673366834
    ],
    "1.1": [
        0.7482993197278912
    ],
    "0.9": [
        0.7682926829268293
    ],
    "0.8": [
        0.7719298245614035
    ],
    "0.7": [
        0.7692307692307693
    ],
    "0.6": [
        0.7916666666666666
    ],
    "0.5": [
        0.7894736842105263
    ],
    "0.4": [
        1.0
    ],
    "0.3": [
        1.0
    ],
    "0.2": [
        1.0
    ],
    "0.1": [
        1.0
    ]
}