{
    "inf": [
        0.6129032258064516
    ],
    "2": [
        0.6129032258064516
    ],
    "1.6": [
        0.6158833063209076
    ],
    "1.5": [
        0.6594982078853047
    ],
    "1.4": [
        0.6983471074380165
    ],
    "1.3": [
        0.7342995169082126
    ],
    "1.2": [
        0.779874213836478
    ],
    "1.1": [
        0.7962962962962963
    ],
    "0.9": [
        0.8414634146341463
    ],
    "0.8": [
        0.837037037037037
    ],
    "0.7": [
        0.8762886597938144
    ],
    "0.6": [
        0.8571428571428571
    ],
    "0.5": [
        0.8571428571428571
    ],
    "0.4": [
        0.868421052631579
    ],
    "0.3": [
        0.8421052631578947
    ],
    "0.2": [
        0.9166666666666666
    ],
    "0.1": [
        1.0
    ]
}