{
    "inf": [
        0.6370967741935484
    ],
    "2": [
        0.6451612903225806
    ],
    "1.6": [
        0.683111954459203
    ],
    "1.5": [
        0.7063829787234043
    ],
    "1.4": [
        0.7369727047146402
    ],
    "1.3": [
        0.7478753541076487
    ],
    "1.2": [
        0.770764119601329
    ],
    "1.1": [
        0.758364312267658
    ],
    "0.9": [
        0.8118811881188119
    ],
    "0.8": [
        0.8265895953757225
    ],
    "0.7": [
        0.8591549295774648
    ],
    "0.6": [
        0.8859649122807017
    ],
    "0.5": [
        0.8952380952380953
    ],
    "0.4": [
        0.9259259259259259
    ],
    "0.3": [
        0.9454545454545454
    ],
    "0.2": [
        0.972972972972973
    ],
    "0.1": [
        1.0
    ]
}