{
    "inf": [
        0.5951612903225807
    ],
    "2": [
        0.5951612903225807
    ],
    "1.6": [
        0.6078767123287672
    ],
    "1.5": [
        0.78125
    ],
    "1.4": [
        0.7241379310344828
    ],
    "1.3": [
        0.7692307692307693
    ],
    "1.2": [
        0.8571428571428571
    ],
    "1.1": [
        1.0
    ],
    "0.9": [
        1.0
    ],
    "0.8": [
        null
    ],
    "0.7": [
        null
    ],
    "0.6": [
        null
    ],
    "0.5": [
        null
    ],
    "0.4": [
        null
    ],
    "0.3": [
        null
    ],
    "0.2": [
        null
    ],
    "0.1": [
        null
    ]
}