{
    "inf": [
        0.6435483870967742
    ],
    "2": [
        0.6370967741935484
    ],
    "1.6": [
        0.6794425087108014
    ],
    "1.5": [
        0.8343558282208589
    ],
    "1.4": [
        0.8166666666666667
    ],
    "1.3": [
        0.95
    ],
    "1.2": [
        1.0
    ],
    "1.1": [
        1.0
    ],
    "0.9": [
        1.0
    ],
    "0.8": [
        null
    ],
    "0.7": [
        null
    ],
    "0.6": [
        null
    ],
    "0.5": [
        null
    ],
    "0.4": [
        null
    ],
    "0.3": [
        null
    ],
    "0.2": [
        null
    ],
    "0.1": [
        null
    ]
}