{
    "inf": [
        0.635483870967742
    ],
    "2": [
        0.635483870967742
    ],
    "1.6": [
        0.6375404530744336
    ],
    "1.5": [
        0.6683937823834197
    ],
    "1.4": [
        0.7077798861480076
    ],
    "1.3": [
        0.7295597484276729
    ],
    "1.2": [
        0.7569444444444444
    ],
    "1.1": [
        0.7674418604651163
    ],
    "0.9": [
        0.7946127946127947
    ],
    "0.8": [
        0.8037735849056604
    ],
    "0.7": [
        0.8177966101694916
    ],
    "0.6": [
        0.8226600985221675
    ],
    "0.5": [
        0.8253012048192772
    ],
    "0.4": [
        0.8633093525179856
    ],
    "0.3": [
        0.91
    ],
    "0.2": [
        0.9428571428571428
    ],
    "0.1": [
        1.0
    ]
}