{
    "inf": [
        0.614516129032258
    ],
    "2": [
        0.635483870967742
    ],
    "1.6": [
        0.6332794830371568
    ],
    "1.5": [
        0.7198364008179959
    ],
    "1.4": [
        0.7653333333333333
    ],
    "1.3": [
        0.7898305084745763
    ],
    "1.2": [
        0.8304347826086956
    ],
    "1.1": [
        0.8277777777777777
    ],
    "0.9": [
        0.8962264150943396
    ],
    "0.8": [
        0.8840579710144928
    ],
    "0.7": [
        0.8723404255319149
    ],
    "0.6": [
        0.8064516129032258
    ],
    "0.5": [
        0.8333333333333334
    ],
    "0.4": [
        0.8125
    ],
    "0.3": [
        0.8
    ],
    "0.2": [
        1.0
    ],
    "0.1": [
        null
    ]
}