{
    "inf": [
        0.6596774193548387
    ],
    "2": [
        0.6580645161290323
    ],
    "1.6": [
        0.7
    ],
    "1.5": [
        0.703125
    ],
    "1.4": [
        0.6996904024767802
    ],
    "1.3": [
        0.6992481203007519
    ],
    "1.2": [
        0.7109004739336493
    ],
    "1.1": [
        0.7167630057803468
    ],
    "0.9": [
        0.7583333333333333
    ],
    "0.8": [
        0.74
    ],
    "0.7": [
        0.8023255813953488
    ],
    "0.6": [
        0.8307692307692308
    ],
    "0.5": [
        0.8163265306122449
    ],
    "0.4": [
        0.8780487804878049
    ],
    "0.3": [
        0.8421052631578947
    ],
    "0.2": [
        0.8888888888888888
    ],
    "0.1": [
        null
    ]
}