{
    "inf": [
        0.6596774193548387
    ],
    "2": [
        0.6532258064516129
    ],
    "1.6": [
        0.6825938566552902
    ],
    "1.5": [
        0.7929292929292929
    ],
    "1.4": [
        0.813953488372093
    ],
    "1.3": [
        0.7714285714285715
    ],
    "1.2": [
        0.6666666666666666
    ],
    "1.1": [
        0.6666666666666666
    ],
    "0.9": [
        null
    ],
    "0.8": [
        null
    ],
    "0.7": [
        null
    ],
    "0.6": [
        null
    ],
    "0.5": [
        null
    ],
    "0.4": [
        null
    ],
    "0.3": [
        null
    ],
    "0.2": [
        null
    ],
    "0.1": [
        null
    ]
}