{
    "inf": [
        0.5919354838709677
    ],
    "2": [
        0.5919354838709677
    ],
    "1.6": [
        0.6393762183235867
    ],
    "1.5": [
        0.8153846153846154
    ],
    "1.4": [
        0.9
    ],
    "1.3": [
        1.0
    ],
    "1.2": [
        null
    ],
    "1.1": [
        null
    ],
    "0.9": [
        null
    ],
    "0.8": [
        null
    ],
    "0.7": [
        null
    ],
    "0.6": [
        null
    ],
    "0.5": [
        null
    ],
    "0.4": [
        null
    ],
    "0.3": [
        null
    ],
    "0.2": [
        null
    ],
    "0.1": [
        null
    ]
}