{
    "inf": [
        0.6338709677419355
    ],
    "2": [
        0.6435483870967742
    ],
    "1.6": [
        0.6953125
    ],
    "1.5": [
        0.7182795698924731
    ],
    "1.4": [
        0.7153652392947103
    ],
    "1.3": [
        0.7167630057803468
    ],
    "1.2": [
        0.7402597402597403
    ],
    "1.1": [
        0.7444444444444445
    ],
    "0.9": [
        0.7523809523809524
    ],
    "0.8": [
        0.7727272727272727
    ],
    "0.7": [
        0.7564102564102564
    ],
    "0.6": [
        0.7769230769230769
    ],
    "0.5": [
        0.8073394495412844
    ],
    "0.4": [
        0.8518518518518519
    ],
    "0.3": [
        0.9107142857142857
    ],
    "0.2": [
        0.9230769230769231
    ],
    "0.1": [
        1.0
    ]
}