{
    "inf": [
        0.5870967741935483
    ],
    "2": [
        0.5870967741935483
    ],
    "1.6": [
        0.5870967741935483
    ],
    "1.5": [
        0.6435452793834296
    ],
    "1.4": [
        0.7408376963350786
    ],
    "1.3": [
        0.7814814814814814
    ],
    "1.2": [
        0.8138297872340425
    ],
    "1.1": [
        0.8333333333333334
    ],
    "0.9": [
        0.90625
    ],
    "0.8": [
        0.9130434782608695
    ],
    "0.7": [
        0.972972972972973
    ],
    "0.6": [
        0.9565217391304348
    ],
    "0.5": [
        0.9333333333333333
    ],
    "0.4": [
        1.0
    ],
    "0.3": [
        1.0
    ],
    "0.2": [
        1.0
    ],
    "0.1": [
        1.0
    ]
}