{
    "inf": [
        0.6935483870967742
    ],
    "2": [
        0.7080645161290322
    ],
    "1.6": [
        0.7535070140280561
    ],
    "1.5": [
        0.7714285714285715
    ],
    "1.4": [
        0.7867036011080333
    ],
    "1.3": [
        0.7972508591065293
    ],
    "1.2": [
        0.8143939393939394
    ],
    "1.1": [
        0.8227272727272728
    ],
    "0.9": [
        0.8209876543209876
    ],
    "0.8": [
        0.837037037037037
    ],
    "0.7": [
        0.853448275862069
    ],
    "0.6": [
        0.8631578947368421
    ],
    "0.5": [
        0.8309859154929577
    ],
    "0.4": [
        0.8627450980392157
    ],
    "0.3": [
        0.8947368421052632
    ],
    "0.2": [
        1.0
    ],
    "0.1": [
        1.0
    ]
}