{
    "inf": [
        0.6
    ],
    "2": [
        0.6
    ],
    "1.6": [
        0.6058158319870759
    ],
    "1.5": [
        0.6640625
    ],
    "1.4": [
        0.7456359102244389
    ],
    "1.3": [
        0.8067484662576687
    ],
    "1.2": [
        0.8405797101449275
    ],
    "1.1": [
        0.8508771929824561
    ],
    "0.9": [
        0.8609271523178808
    ],
    "0.8": [
        0.8434782608695652
    ],
    "0.7": [
        0.8404255319148937
    ],
    "0.6": [
        0.8888888888888888
    ],
    "0.5": [
        0.9574468085106383
    ],
    "0.4": [
        1.0
    ],
    "0.3": [
        1.0
    ],
    "0.2": [
        1.0
    ],
    "0.1": [
        null
    ]
}