{
    "inf": [
        0.7032258064516129
    ],
    "2": [
        0.7048387096774194
    ],
    "1.6": [
        0.7247706422018348
    ],
    "1.5": [
        0.7248995983935743
    ],
    "1.4": [
        0.7649769585253456
    ],
    "1.3": [
        0.7828282828282829
    ],
    "1.2": [
        0.7780898876404494
    ],
    "1.1": [
        0.7878787878787878
    ],
    "0.9": [
        0.8024193548387096
    ],
    "0.8": [
        0.8165938864628821
    ],
    "0.7": [
        0.82
    ],
    "0.6": [
        0.8520710059171598
    ],
    "0.5": [
        0.8378378378378378
    ],
    "0.4": [
        0.865546218487395
    ],
    "0.3": [
        0.8556701030927835
    ],
    "0.2": [
        0.9090909090909091
    ],
    "0.1": [
        0.9090909090909091
    ]
}