{
    "inf": [
        0.6193548387096774
    ],
    "2": [
        0.6193548387096774
    ],
    "1.6": [
        0.6084142394822006
    ],
    "1.5": [
        0.7088888888888889
    ],
    "1.4": [
        0.7634730538922155
    ],
    "1.3": [
        0.7782258064516129
    ],
    "1.2": [
        0.8361581920903954
    ],
    "1.1": [
        0.8571428571428571
    ],
    "0.9": [
        0.9027777777777778
    ],
    "0.8": [
        0.92
    ],
    "0.7": [
        0.926829268292683
    ],
    "0.6": [
        0.9642857142857143
    ],
    "0.5": [
        0.9375
    ],
    "0.4": [
        1.0
    ],
    "0.3": [
        1.0
    ],
    "0.2": [
        null
    ],
    "0.1": [
        null
    ]
}