{
    "inf": [
        0.5967741935483871
    ],
    "2": [
        0.5887096774193549
    ],
    "1.6": [
        0.592891760904685
    ],
    "1.5": [
        0.6564885496183206
    ],
    "1.4": [
        0.7115384615384616
    ],
    "1.3": [
        0.7346938775510204
    ],
    "1.2": [
        0.7491039426523297
    ],
    "1.1": [
        0.7612612612612613
    ],
    "0.9": [
        0.8409090909090909
    ],
    "0.8": [
        0.8425925925925926
    ],
    "0.7": [
        0.8192771084337349
    ],
    "0.6": [
        0.8235294117647058
    ],
    "0.5": [
        0.8809523809523809
    ],
    "0.4": [
        0.875
    ],
    "0.3": [
        0.8125
    ],
    "0.2": [
        0.8
    ],
    "0.1": [
        1.0
    ]
}