{
    "inf": [
        0.6516129032258065
    ],
    "2": [
        0.6516129032258065
    ],
    "1.6": [
        0.6547811993517018
    ],
    "1.5": [
        0.7616822429906542
    ],
    "1.4": [
        0.8229508196721311
    ],
    "1.3": [
        0.8379629629629629
    ],
    "1.2": [
        0.8924050632911392
    ],
    "1.1": [
        0.8846153846153846
    ],
    "0.9": [
        0.9
    ],
    "0.8": [
        0.8787878787878788
    ],
    "0.7": [
        0.9565217391304348
    ],
    "0.6": [
        1.0
    ],
    "0.5": [
        1.0
    ],
    "0.4": [
        1.0
    ],
    "0.3": [
        1.0
    ],
    "0.2": [
        1.0
    ],
    "0.1": [
        1.0
    ]
}