{
    "inf": [
        0.614516129032258
    ],
    "2": [
        0.614516129032258
    ],
    "1.6": [
        0.664179104477612
    ],
    "1.5": [
        0.845360824742268
    ],
    "1.4": [
        0.9565217391304348
    ],
    "1.3": [
        1.0
    ],
    "1.2": [
        1.0
    ],
    "1.1": [
        1.0
    ],
    "0.9": [
        1.0
    ],
    "0.8": [
        null
    ],
    "0.7": [
        null
    ],
    "0.6": [
        null
    ],
    "0.5": [
        null
    ],
    "0.4": [
        null
    ],
    "0.3": [
        null
    ],
    "0.2": [
        null
    ],
    "0.1": [
        null
    ]
}