{
    "inf": [
        0.6209677419354839
    ],
    "2": [
        0.6225806451612903
    ],
    "1.6": [
        0.6256077795786061
    ],
    "1.5": [
        0.6957547169811321
    ],
    "1.4": [
        0.7892857142857143
    ],
    "1.3": [
        0.827027027027027
    ],
    "1.2": [
        0.8776978417266187
    ],
    "1.1": [
        0.8725490196078431
    ],
    "0.9": [
        0.9074074074074074
    ],
    "0.8": [
        0.9302325581395349
    ],
    "0.7": [
        0.9166666666666666
    ],
    "0.6": [
        1.0
    ],
    "0.5": [
        1.0
    ],
    "0.4": [
        1.0
    ],
    "0.3": [
        1.0
    ],
    "0.2": [
        1.0
    ],
    "0.1": [
        null
    ]
}