{
    "inf": [
        0.5854838709677419
    ],
    "2": [
        0.5854838709677419
    ],
    "1.6": [
        0.5854838709677419
    ],
    "1.5": [
        0.6798245614035088
    ],
    "1.4": [
        0.7422680412371134
    ],
    "1.3": [
        0.7514450867052023
    ],
    "1.2": [
        0.822429906542056
    ],
    "1.1": [
        0.8548387096774194
    ],
    "0.9": [
        0.9230769230769231
    ],
    "0.8": [
        0.9411764705882353
    ],
    "0.7": [
        1.0
    ],
    "0.6": [
        1.0
    ],
    "0.5": [
        1.0
    ],
    "0.4": [
        1.0
    ],
    "0.3": [
        1.0
    ],
    "0.2": [
        1.0
    ],
    "0.1": [
        null
    ]
}