{
    "inf": [
        0.6903225806451613
    ],
    "2": [
        0.7096774193548387
    ],
    "1.6": [
        0.7279843444227005
    ],
    "1.5": [
        0.7476635514018691
    ],
    "1.4": [
        0.7617728531855956
    ],
    "1.3": [
        0.7986577181208053
    ],
    "1.2": [
        0.8093385214007782
    ],
    "1.1": [
        0.8350515463917526
    ],
    "0.9": [
        0.8740157480314961
    ],
    "0.8": [
        0.8653846153846154
    ],
    "0.7": [
        0.9102564102564102
    ],
    "0.6": [
        0.9166666666666666
    ],
    "0.5": [
        0.9555555555555556
    ],
    "0.4": [
        1.0
    ],
    "0.3": [
        1.0
    ],
    "0.2": [
        1.0
    ],
    "0.1": [
        1.0
    ]
}