{
    "inf": [
        0.7016129032258065
    ],
    "2": [
        0.7016129032258065
    ],
    "1.6": [
        0.7741228070175439
    ],
    "1.5": [
        0.7868421052631579
    ],
    "1.4": [
        0.8073089700996677
    ],
    "1.3": [
        0.8040816326530612
    ],
    "1.2": [
        0.8130841121495327
    ],
    "1.1": [
        0.8154761904761905
    ],
    "0.9": [
        0.8476190476190476
    ],
    "0.8": [
        0.8488372093023255
    ],
    "0.7": [
        0.835820895522388
    ],
    "0.6": [
        0.9347826086956522
    ],
    "0.5": [
        0.9354838709677419
    ],
    "0.4": [
        0.9545454545454546
    ],
    "0.3": [
        0.9333333333333333
    ],
    "0.2": [
        0.8571428571428571
    ],
    "0.1": [
        1.0
    ]
}