{
    "inf": [
        0.6645161290322581
    ],
    "2": [
        0.6693548387096774
    ],
    "1.6": [
        0.7192307692307692
    ],
    "1.5": [
        0.7315436241610739
    ],
    "1.4": [
        0.7320099255583127
    ],
    "1.3": [
        0.7606837606837606
    ],
    "1.2": [
        0.7444794952681388
    ],
    "1.1": [
        0.7589928057553957
    ],
    "0.9": [
        0.7636363636363637
    ],
    "0.8": [
        0.7934782608695652
    ],
    "0.7": [
        0.8104575163398693
    ],
    "0.6": [
        0.8125
    ],
    "0.5": [
        0.8275862068965517
    ],
    "0.4": [
        0.8166666666666667
    ],
    "0.3": [
        0.9148936170212766
    ],
    "0.2": [
        0.9666666666666667
    ],
    "0.1": [
        0.9285714285714286
    ]
}