{
    "inf": [
        0.5983870967741935
    ],
    "2": [
        0.5983870967741935
    ],
    "1.6": [
        0.6029654036243822
    ],
    "1.5": [
        0.7342465753424657
    ],
    "1.4": [
        0.7534246575342466
    ],
    "1.3": [
        0.7586206896551724
    ],
    "1.2": [
        0.8111111111111111
    ],
    "1.1": [
        0.8275862068965517
    ],
    "0.9": [
        0.875
    ],
    "0.8": [
        0.9230769230769231
    ],
    "0.7": [
        0.8571428571428571
    ],
    "0.6": [
        0.75
    ],
    "0.5": [
        0.6666666666666666
    ],
    "0.4": [
        1.0
    ],
    "0.3": [
        null
    ],
    "0.2": [
        null
    ],
    "0.1": [
        null
    ]
}