{
    "inf": [
        0.5645161290322581
    ],
    "2": [
        0.5645161290322581
    ],
    "1.6": [
        0.5966850828729282
    ],
    "1.5": [
        0.8392857142857143
    ],
    "1.4": [
        0.8888888888888888
    ],
    "1.3": [
        1.0
    ],
    "1.2": [
        1.0
    ],
    "1.1": [
        null
    ],
    "0.9": [
        null
    ],
    "0.8": [
        null
    ],
    "0.7": [
        null
    ],
    "0.6": [
        null
    ],
    "0.5": [
        null
    ],
    "0.4": [
        null
    ],
    "0.3": [
        null
    ],
    "0.2": [
        null
    ],
    "0.1": [
        null
    ]
}