{
    "inf": [
        0.5741935483870968
    ],
    "2": [
        0.5741935483870968
    ],
    "1.6": [
        0.5772357723577236
    ],
    "1.5": [
        0.6884735202492211
    ],
    "1.4": [
        0.7413793103448276
    ],
    "1.3": [
        0.7913043478260869
    ],
    "1.2": [
        0.7894736842105263
    ],
    "1.1": [
        0.84
    ],
    "0.9": [
        0.8181818181818182
    ],
    "0.8": [
        0.8571428571428571
    ],
    "0.7": [
        1.0
    ],
    "0.6": [
        1.0
    ],
    "0.5": [
        1.0
    ],
    "0.4": [
        1.0
    ],
    "0.3": [
        null
    ],
    "0.2": [
        null
    ],
    "0.1": [
        null
    ]
}