{
    "inf": [
        0.5935483870967742
    ],
    "2": [
        0.5935483870967742
    ],
    "1.6": [
        0.6039603960396039
    ],
    "1.5": [
        0.7360248447204969
    ],
    "1.4": [
        0.798941798941799
    ],
    "1.3": [
        0.8376068376068376
    ],
    "1.2": [
        0.8227848101265823
    ],
    "1.1": [
        0.8490566037735849
    ],
    "0.9": [
        0.9411764705882353
    ],
    "0.8": [
        1.0
    ],
    "0.7": [
        1.0
    ],
    "0.6": [
        1.0
    ],
    "0.5": [
        1.0
    ],
    "0.4": [
        null
    ],
    "0.3": [
        null
    ],
    "0.2": [
        null
    ],
    "0.1": [
        null
    ]
}