{
    "inf": [
        0.635483870967742
    ],
    "2": [
        0.635483870967742
    ],
    "1.6": [
        0.6388888888888888
    ],
    "1.5": [
        0.7913669064748201
    ],
    "1.4": [
        0.8794326241134752
    ],
    "1.3": [
        0.9
    ],
    "1.2": [
        0.94
    ],
    "1.1": [
        0.9393939393939394
    ],
    "0.9": [
        1.0
    ],
    "0.8": [
        1.0
    ],
    "0.7": [
        1.0
    ],
    "0.6": [
        1.0
    ],
    "0.5": [
        1.0
    ],
    "0.4": [
        1.0
    ],
    "0.3": [
        1.0
    ],
    "0.2": [
        null
    ],
    "0.1": [
        null
    ]
}