{
    "inf": [
        0.6129032258064516
    ],
    "2": [
        0.6129032258064516
    ],
    "1.6": [
        0.6129032258064516
    ],
    "1.5": [
        0.698744769874477
    ],
    "1.4": [
        0.7439759036144579
    ],
    "1.3": [
        0.7805907172995781
    ],
    "1.2": [
        0.8054054054054054
    ],
    "1.1": [
        0.8248175182481752
    ],
    "0.9": [
        0.855072463768116
    ],
    "0.8": [
        0.88
    ],
    "0.7": [
        0.8888888888888888
    ],
    "0.6": [
        0.88
    ],
    "0.5": [
        0.9230769230769231
    ],
    "0.4": [
        0.8571428571428571
    ],
    "0.3": [
        0.75
    ],
    "0.2": [
        null
    ],
    "0.1": [
        null
    ]
}