{
    "inf": [
        0.6612903225806451
    ],
    "2": [
        0.6451612903225806
    ],
    "1.6": [
        0.6796714579055442
    ],
    "1.5": [
        0.6976190476190476
    ],
    "1.4": [
        0.7068965517241379
    ],
    "1.3": [
        0.7108843537414966
    ],
    "1.2": [
        0.726457399103139
    ],
    "1.1": [
        0.7409326424870466
    ],
    "0.9": [
        0.7913043478260869
    ],
    "0.8": [
        0.8279569892473119
    ],
    "0.7": [
        0.8311688311688312
    ],
    "0.6": [
        0.859375
    ],
    "0.5": [
        0.82
    ],
    "0.4": [
        0.8333333333333334
    ],
    "0.3": [
        0.8947368421052632
    ],
    "0.2": [
        1.0
    ],
    "0.1": [
        1.0
    ]
}