{
    "inf": [
        0.617741935483871
    ],
    "2": [
        0.617741935483871
    ],
    "1.6": [
        0.6376068376068376
    ],
    "1.5": [
        0.782608695652174
    ],
    "1.4": [
        0.8378378378378378
    ],
    "1.3": [
        0.8333333333333334
    ],
    "1.2": [
        0.8421052631578947
    ],
    "1.1": [
        0.9
    ],
    "0.9": [
        1.0
    ],
    "0.8": [
        null
    ],
    "0.7": [
        null
    ],
    "0.6": [
        null
    ],
    "0.5": [
        null
    ],
    "0.4": [
        null
    ],
    "0.3": [
        null
    ],
    "0.2": [
        null
    ],
    "0.1": [
        null
    ]
}