{
    "inf": [
        0.6193548387096774
    ],
    "2": [
        0.6193548387096774
    ],
    "1.6": [
        0.7397590361445783
    ],
    "1.5": [
        0.9166666666666666
    ],
    "1.4": [
        1.0
    ],
    "1.3": [
        1.0
    ],
    "1.2": [
        null
    ],
    "1.1": [
        null
    ],
    "0.9": [
        null
    ],
    "0.8": [
        null
    ],
    "0.7": [
        null
    ],
    "0.6": [
        null
    ],
    "0.5": [
        null
    ],
    "0.4": [
        null
    ],
    "0.3": [
        null
    ],
    "0.2": [
        null
    ],
    "0.1": [
        null
    ]
}