{
    "inf": [
        0.5919354838709677
    ],
    "2": [
        0.5919354838709677
    ],
    "1.6": [
        0.6574585635359116
    ],
    "1.5": [
        0.8303571428571429
    ],
    "1.4": [
        0.96875
    ],
    "1.3": [
        1.0
    ],
    "1.2": [
        1.0
    ],
    "1.1": [
        1.0
    ],
    "0.9": [
        null
    ],
    "0.8": [
        null
    ],
    "0.7": [
        null
    ],
    "0.6": [
        null
    ],
    "0.5": [
        null
    ],
    "0.4": [
        null
    ],
    "0.3": [
        null
    ],
    "0.2": [
        null
    ],
    "0.1": [
        null
    ]
}