{
    "inf": [
        0.5983870967741935
    ],
    "2": [
        0.5983870967741935
    ],
    "1.6": [
        0.6201680672268908
    ],
    "1.5": [
        0.7366863905325444
    ],
    "1.4": [
        0.7761194029850746
    ],
    "1.3": [
        0.8188976377952756
    ],
    "1.2": [
        0.8271604938271605
    ],
    "1.1": [
        0.8653846153846154
    ],
    "0.9": [
        0.85
    ],
    "0.8": [
        0.8181818181818182
    ],
    "0.7": [
        0.8571428571428571
    ],
    "0.6": [
        1.0
    ],
    "0.5": [
        1.0
    ],
    "0.4": [
        1.0
    ],
    "0.3": [
        null
    ],
    "0.2": [
        null
    ],
    "0.1": [
        null
    ]
}