{
    "inf": [
        0.6387096774193548
    ],
    "2": [
        0.6419354838709678
    ],
    "1.6": [
        0.6439024390243903
    ],
    "1.5": [
        0.7478260869565218
    ],
    "1.4": [
        0.7811550151975684
    ],
    "1.3": [
        0.8162393162393162
    ],
    "1.2": [
        0.8203592814371258
    ],
    "1.1": [
        0.8166666666666667
    ],
    "0.9": [
        0.78125
    ],
    "0.8": [
        0.7142857142857143
    ],
    "0.7": [
        0.7777777777777778
    ],
    "0.6": [
        0.7333333333333333
    ],
    "0.5": [
        0.7272727272727273
    ],
    "0.4": [
        1.0
    ],
    "0.3": [
        1.0
    ],
    "0.2": [
        1.0
    ],
    "0.1": [
        null
    ]
}