{
    "inf": [
        0.5887096774193549
    ],
    "2": [
        0.5887096774193549
    ],
    "1.6": [
        0.6020066889632107
    ],
    "1.5": [
        0.7662337662337663
    ],
    "1.4": [
        0.8214285714285714
    ],
    "1.3": [
        0.8636363636363636
    ],
    "1.2": [
        0.9117647058823529
    ],
    "1.1": [
        0.8666666666666667
    ],
    "0.9": [
        1.0
    ],
    "0.8": [
        1.0
    ],
    "0.7": [
        1.0
    ],
    "0.6": [
        null
    ],
    "0.5": [
        null
    ],
    "0.4": [
        null
    ],
    "0.3": [
        null
    ],
    "0.2": [
        null
    ],
    "0.1": [
        null
    ]
}