{
    "inf": [
        0.6064516129032258
    ],
    "2": [
        0.6112903225806452
    ],
    "1.6": [
        0.618421052631579
    ],
    "1.5": [
        0.7521367521367521
    ],
    "1.4": [
        0.8285714285714286
    ],
    "1.3": [
        0.8584905660377359
    ],
    "1.2": [
        0.9027777777777778
    ],
    "1.1": [
        0.8604651162790697
    ],
    "0.9": [
        0.9444444444444444
    ],
    "0.8": [
        1.0
    ],
    "0.7": [
        1.0
    ],
    "0.6": [
        1.0
    ],
    "0.5": [
        1.0
    ],
    "0.4": [
        1.0
    ],
    "0.3": [
        null
    ],
    "0.2": [
        null
    ],
    "0.1": [
        null
    ]
}