{
    "inf": [
        0.6741935483870968
    ],
    "2": [
        0.6709677419354839
    ],
    "1.6": [
        0.6950092421441775
    ],
    "1.5": [
        0.7125256673511293
    ],
    "1.4": [
        0.7488479262672811
    ],
    "1.3": [
        0.766497461928934
    ],
    "1.2": [
        0.7762430939226519
    ],
    "1.1": [
        0.7852760736196319
    ],
    "0.9": [
        0.7727272727272727
    ],
    "0.8": [
        0.7748917748917749
    ],
    "0.7": [
        0.7714285714285715
    ],
    "0.6": [
        0.797752808988764
    ],
    "0.5": [
        0.8222222222222222
    ],
    "0.4": [
        0.8181818181818182
    ],
    "0.3": [
        0.825
    ],
    "0.2": [
        0.88
    ],
    "0.1": [
        0.875
    ]
}