{
    "inf": [
        0.6258064516129033
    ],
    "2": [
        0.6258064516129033
    ],
    "1.6": [
        0.6323529411764706
    ],
    "1.5": [
        0.7512820512820513
    ],
    "1.4": [
        0.827906976744186
    ],
    "1.3": [
        0.8548387096774194
    ],
    "1.2": [
        0.92
    ],
    "1.1": [
        0.9
    ],
    "0.9": [
        0.9
    ],
    "0.8": [
        1.0
    ],
    "0.7": [
        1.0
    ],
    "0.6": [
        1.0
    ],
    "0.5": [
        1.0
    ],
    "0.4": [
        1.0
    ],
    "0.3": [
        1.0
    ],
    "0.2": [
        null
    ],
    "0.1": [
        null
    ]
}