{
    "inf": [
        0.5967741935483871
    ],
    "2": [
        0.5967741935483871
    ],
    "1.6": [
        0.6
    ],
    "1.5": [
        0.7069351230425056
    ],
    "1.4": [
        0.7739938080495357
    ],
    "1.3": [
        0.801762114537445
    ],
    "1.2": [
        0.8245614035087719
    ],
    "1.1": [
        0.8671875
    ],
    "0.9": [
        0.9333333333333333
    ],
    "0.8": [
        0.9473684210526315
    ],
    "0.7": [
        0.9666666666666667
    ],
    "0.6": [
        1.0
    ],
    "0.5": [
        1.0
    ],
    "0.4": [
        1.0
    ],
    "0.3": [
        1.0
    ],
    "0.2": [
        null
    ],
    "0.1": [
        null
    ]
}