{
    "inf": [
        0.6048387096774194
    ],
    "2": [
        0.6048387096774194
    ],
    "1.6": [
        0.6042003231017771
    ],
    "1.5": [
        0.7038834951456311
    ],
    "1.4": [
        0.78125
    ],
    "1.3": [
        0.7988505747126436
    ],
    "1.2": [
        0.8761904761904762
    ],
    "1.1": [
        0.8615384615384616
    ],
    "0.9": [
        0.8333333333333334
    ],
    "0.8": [
        0.8235294117647058
    ],
    "0.7": [
        0.8571428571428571
    ],
    "0.6": [
        1.0
    ],
    "0.5": [
        1.0
    ],
    "0.4": [
        1.0
    ],
    "0.3": [
        1.0
    ],
    "0.2": [
        1.0
    ],
    "0.1": [
        1.0
    ]
}