{
    "inf": [
        0.6274193548387097
    ],
    "2": [
        0.6274193548387097
    ],
    "1.6": [
        0.7392290249433107
    ],
    "1.5": [
        0.9444444444444444
    ],
    "1.4": [
        1.0
    ],
    "1.3": [
        null
    ],
    "1.2": [
        null
    ],
    "1.1": [
        null
    ],
    "0.9": [
        null
    ],
    "0.8": [
        null
    ],
    "0.7": [
        null
    ],
    "0.6": [
        null
    ],
    "0.5": [
        null
    ],
    "0.4": [
        null
    ],
    "0.3": [
        null
    ],
    "0.2": [
        null
    ],
    "0.1": [
        null
    ]
}