{
    "inf": [
        0.5758064516129032
    ],
    "2": [
        0.5758064516129032
    ],
    "1.6": [
        0.6207513416815742
    ],
    "1.5": [
        0.8413793103448276
    ],
    "1.4": [
        0.9230769230769231
    ],
    "1.3": [
        0.9473684210526315
    ],
    "1.2": [
        1.0
    ],
    "1.1": [
        null
    ],
    "0.9": [
        null
    ],
    "0.8": [
        null
    ],
    "0.7": [
        null
    ],
    "0.6": [
        null
    ],
    "0.5": [
        null
    ],
    "0.4": [
        null
    ],
    "0.3": [
        null
    ],
    "0.2": [
        null
    ],
    "0.1": [
        null
    ]
}