{
    "inf": [
        0.6741935483870968
    ],
    "2": [
        0.6709677419354839
    ],
    "1.6": [
        0.7272727272727273
    ],
    "1.5": [
        0.7415254237288136
    ],
    "1.4": [
        0.7566909975669099
    ],
    "1.3": [
        0.7661971830985915
    ],
    "1.2": [
        0.7827476038338658
    ],
    "1.1": [
        0.7867647058823529
    ],
    "0.9": [
        0.8324873096446701
    ],
    "0.8": [
        0.8148148148148148
    ],
    "0.7": [
        0.8102189781021898
    ],
    "0.6": [
        0.8076923076923077
    ],
    "0.5": [
        0.8076923076923077
    ],
    "0.4": [
        0.8148148148148148
    ],
    "0.3": [
        0.7837837837837838
    ],
    "0.2": [
        0.85
    ],
    "0.1": [
        1.0
    ]
}