{
    "inf": [
        0.7193548387096774
    ],
    "2": [
        0.7112903225806452
    ],
    "1.6": [
        0.7652173913043478
    ],
    "1.5": [
        0.8025974025974026
    ],
    "1.4": [
        0.810126582278481
    ],
    "1.3": [
        0.8290909090909091
    ],
    "1.2": [
        0.8403361344537815
    ],
    "1.1": [
        0.8536585365853658
    ],
    "0.9": [
        0.9071428571428571
    ],
    "0.8": [
        0.9067796610169492
    ],
    "0.7": [
        0.9222222222222223
    ],
    "0.6": [
        0.953125
    ],
    "0.5": [
        0.9347826086956522
    ],
    "0.4": [
        0.9696969696969697
    ],
    "0.3": [
        1.0
    ],
    "0.2": [
        1.0
    ],
    "0.1": [
        null
    ]
}