{
    "inf": [
        0.6370967741935484
    ],
    "2": [
        0.6532258064516129
    ],
    "1.6": [
        0.691683569979716
    ],
    "1.5": [
        0.71875
    ],
    "1.4": [
        0.7123287671232876
    ],
    "1.3": [
        0.7337662337662337
    ],
    "1.2": [
        0.75
    ],
    "1.1": [
        0.7689075630252101
    ],
    "0.9": [
        0.8045977011494253
    ],
    "0.8": [
        0.84
    ],
    "0.7": [
        0.8333333333333334
    ],
    "0.6": [
        0.86
    ],
    "0.5": [
        0.8414634146341463
    ],
    "0.4": [
        0.9090909090909091
    ],
    "0.3": [
        0.9090909090909091
    ],
    "0.2": [
        0.9230769230769231
    ],
    "0.1": [
        1.0
    ]
}