{
    "inf": [
        0.6451612903225806
    ],
    "2": [
        0.6451612903225806
    ],
    "1.6": [
        0.6462035541195477
    ],
    "1.5": [
        0.7862407862407862
    ],
    "1.4": [
        0.8473282442748091
    ],
    "1.3": [
        0.9302325581395349
    ],
    "1.2": [
        0.9385964912280702
    ],
    "1.1": [
        0.9620253164556962
    ],
    "0.9": [
        0.9565217391304348
    ],
    "0.8": [
        0.9705882352941176
    ],
    "0.7": [
        1.0
    ],
    "0.6": [
        1.0
    ],
    "0.5": [
        1.0
    ],
    "0.4": [
        1.0
    ],
    "0.3": [
        1.0
    ],
    "0.2": [
        1.0
    ],
    "0.1": [
        1.0
    ]
}