{
    "inf": [
        0.6064516129032258
    ],
    "2": [
        0.6064516129032258
    ],
    "1.6": [
        0.6165289256198347
    ],
    "1.5": [
        0.8346456692913385
    ],
    "1.4": [
        0.8582089552238806
    ],
    "1.3": [
        0.8933333333333333
    ],
    "1.2": [
        0.8913043478260869
    ],
    "1.1": [
        0.9565217391304348
    ],
    "0.9": [
        1.0
    ],
    "0.8": [
        1.0
    ],
    "0.7": [
        1.0
    ],
    "0.6": [
        1.0
    ],
    "0.5": [
        1.0
    ],
    "0.4": [
        1.0
    ],
    "0.3": [
        1.0
    ],
    "0.2": [
        null
    ],
    "0.1": [
        null
    ]
}