{
    "inf": [
        0.6096774193548387
    ],
    "2": [
        0.6096774193548387
    ],
    "1.6": [
        0.6090468497576736
    ],
    "1.5": [
        0.6742424242424242
    ],
    "1.4": [
        0.7458823529411764
    ],
    "1.3": [
        0.7804878048780488
    ],
    "1.2": [
        0.7984496124031008
    ],
    "1.1": [
        0.8246445497630331
    ],
    "0.9": [
        0.8507462686567164
    ],
    "0.8": [
        0.9029126213592233
    ],
    "0.7": [
        0.9154929577464789
    ],
    "0.6": [
        0.9454545454545454
    ],
    "0.5": [
        0.9743589743589743
    ],
    "0.4": [
        1.0
    ],
    "0.3": [
        1.0
    ],
    "0.2": [
        1.0
    ],
    "0.1": [
        1.0
    ]
}