{
    "inf": [
        0.5838709677419355
    ],
    "2": [
        0.5870967741935483
    ],
    "1.6": [
        0.571900826446281
    ],
    "1.5": [
        0.680327868852459
    ],
    "1.4": [
        0.845360824742268
    ],
    "1.3": [
        0.8936170212765957
    ],
    "1.2": [
        1.0
    ],
    "1.1": [
        0.8181818181818182
    ],
    "0.9": [
        1.0
    ],
    "0.8": [
        null
    ],
    "0.7": [
        null
    ],
    "0.6": [
        null
    ],
    "0.5": [
        null
    ],
    "0.4": [
        null
    ],
    "0.3": [
        null
    ],
    "0.2": [
        null
    ],
    "0.1": [
        null
    ]
}