{
    "inf": [
        0.6870967741935484
    ],
    "2": [
        0.6790322580645162
    ],
    "1.6": [
        0.7484143763213531
    ],
    "1.5": [
        0.7567567567567568
    ],
    "1.4": [
        0.7752161383285303
    ],
    "1.3": [
        0.7813504823151125
    ],
    "1.2": [
        0.7805755395683454
    ],
    "1.1": [
        0.792
    ],
    "0.9": [
        0.7979274611398963
    ],
    "0.8": [
        0.7987804878048781
    ],
    "0.7": [
        0.8175675675675675
    ],
    "0.6": [
        0.8359375
    ],
    "0.5": [
        0.8446601941747572
    ],
    "0.4": [
        0.8604651162790697
    ],
    "0.3": [
        0.864406779661017
    ],
    "0.2": [
        0.8571428571428571
    ],
    "0.1": [
        0.8461538461538461
    ]
}