{
    "inf": [
        0.6580645161290323
    ],
    "2": [
        0.6451612903225806
    ],
    "1.6": [
        0.6789667896678967
    ],
    "1.5": [
        0.690677966101695
    ],
    "1.4": [
        0.7225
    ],
    "1.3": [
        0.7594202898550725
    ],
    "1.2": [
        0.8065573770491803
    ],
    "1.1": [
        0.7859922178988327
    ],
    "0.9": [
        0.8298969072164949
    ],
    "0.8": [
        0.8471337579617835
    ],
    "0.7": [
        0.8214285714285714
    ],
    "0.6": [
        0.8543689320388349
    ],
    "0.5": [
        0.8241758241758241
    ],
    "0.4": [
        0.847457627118644
    ],
    "0.3": [
        0.8461538461538461
    ],
    "0.2": [
        0.8636363636363636
    ],
    "0.1": [
        1.0
    ]
}