{
    "inf": [
        0.635483870967742
    ],
    "2": [
        0.635483870967742
    ],
    "1.6": [
        0.6808510638297872
    ],
    "1.5": [
        0.8888888888888888
    ],
    "1.4": [
        0.9423076923076923
    ],
    "1.3": [
        0.9411764705882353
    ],
    "1.2": [
        1.0
    ],
    "1.1": [
        1.0
    ],
    "0.9": [
        null
    ],
    "0.8": [
        null
    ],
    "0.7": [
        null
    ],
    "0.6": [
        null
    ],
    "0.5": [
        null
    ],
    "0.4": [
        null
    ],
    "0.3": [
        null
    ],
    "0.2": [
        null
    ],
    "0.1": [
        null
    ]
}