{
    "inf": [
        0.6225806451612903
    ],
    "2": [
        0.5935483870967742
    ],
    "1.6": [
        0.6347107438016529
    ],
    "1.5": [
        0.7025089605734767
    ],
    "1.4": [
        0.8531468531468531
    ],
    "1.3": [
        0.7543859649122807
    ],
    "1.2": [
        0.8214285714285714
    ],
    "1.1": [
        0.9047619047619048
    ],
    "0.9": [
        1.0
    ],
    "0.8": [
        1.0
    ],
    "0.7": [
        1.0
    ],
    "0.6": [
        null
    ],
    "0.5": [
        null
    ],
    "0.4": [
        null
    ],
    "0.3": [
        null
    ],
    "0.2": [
        null
    ],
    "0.1": [
        null
    ]
}