{
    "inf": [
        0.682258064516129
    ],
    "2": [
        0.6967741935483871
    ],
    "1.6": [
        0.7330677290836654
    ],
    "1.5": [
        0.7588495575221239
    ],
    "1.4": [
        0.7869674185463659
    ],
    "1.3": [
        0.792507204610951
    ],
    "1.2": [
        0.8125
    ],
    "1.1": [
        0.8243727598566308
    ],
    "0.9": [
        0.8447488584474886
    ],
    "0.8": [
        0.8601036269430051
    ],
    "0.7": [
        0.8764705882352941
    ],
    "0.6": [
        0.8732394366197183
    ],
    "0.5": [
        0.9035087719298246
    ],
    "0.4": [
        0.9176470588235294
    ],
    "0.3": [
        0.9333333333333333
    ],
    "0.2": [
        0.9210526315789473
    ],
    "0.1": [
        0.9285714285714286
    ]
}