{
    "inf": [
        0.6129032258064516
    ],
    "2": [
        0.6129032258064516
    ],
    "1.6": [
        0.6398659966499163
    ],
    "1.5": [
        0.806949806949807
    ],
    "1.4": [
        0.7923076923076923
    ],
    "1.3": [
        0.835820895522388
    ],
    "1.2": [
        0.8888888888888888
    ],
    "1.1": [
        0.9545454545454546
    ],
    "0.9": [
        1.0
    ],
    "0.8": [
        1.0
    ],
    "0.7": [
        1.0
    ],
    "0.6": [
        1.0
    ],
    "0.5": [
        1.0
    ],
    "0.4": [
        1.0
    ],
    "0.3": [
        null
    ],
    "0.2": [
        null
    ],
    "0.1": [
        null
    ]
}