{
    "inf": [
        0.5935483870967742
    ],
    "2": [
        0.5935483870967742
    ],
    "1.6": [
        0.6
    ],
    "1.5": [
        0.7922077922077922
    ],
    "1.4": [
        0.8154761904761905
    ],
    "1.3": [
        0.8504672897196262
    ],
    "1.2": [
        0.8970588235294118
    ],
    "1.1": [
        0.9423076923076923
    ],
    "0.9": [
        1.0
    ],
    "0.8": [
        1.0
    ],
    "0.7": [
        1.0
    ],
    "0.6": [
        1.0
    ],
    "0.5": [
        1.0
    ],
    "0.4": [
        1.0
    ],
    "0.3": [
        1.0
    ],
    "0.2": [
        1.0
    ],
    "0.1": [
        null
    ]
}