{
    "inf": [
        0.6112903225806452
    ],
    "2": [
        0.6112903225806452
    ],
    "1.6": [
        0.6122778675282714
    ],
    "1.5": [
        0.6730401529636711
    ],
    "1.4": [
        0.7474226804123711
    ],
    "1.3": [
        0.8050541516245487
    ],
    "1.2": [
        0.8181818181818182
    ],
    "1.1": [
        0.8235294117647058
    ],
    "0.9": [
        0.8902439024390244
    ],
    "0.8": [
        0.9333333333333333
    ],
    "0.7": [
        0.9523809523809523
    ],
    "0.6": [
        0.9629629629629629
    ],
    "0.5": [
        0.95
    ],
    "0.4": [
        0.9333333333333333
    ],
    "0.3": [
        0.9090909090909091
    ],
    "0.2": [
        1.0
    ],
    "0.1": [
        null
    ]
}