{
    "inf": [
        0.5193548387096775
    ],
    "2": [
        0.5193548387096775
    ],
    "1.6": [
        0.586
    ],
    "1.5": [
        0.7702702702702703
    ],
    "1.4": [
        0.75
    ],
    "1.3": [
        0.75
    ],
    "1.2": [
        null
    ],
    "1.1": [
        null
    ],
    "0.9": [
        null
    ],
    "0.8": [
        null
    ],
    "0.7": [
        null
    ],
    "0.6": [
        null
    ],
    "0.5": [
        null
    ],
    "0.4": [
        null
    ],
    "0.3": [
        null
    ],
    "0.2": [
        null
    ],
    "0.1": [
        null
    ]
}