{
    "inf": [
        0.6096774193548387
    ],
    "2": [
        0.6096774193548387
    ],
    "1.6": [
        0.6214876033057851
    ],
    "1.5": [
        0.761744966442953
    ],
    "1.4": [
        0.8253012048192772
    ],
    "1.3": [
        0.8426966292134831
    ],
    "1.2": [
        0.8813559322033898
    ],
    "1.1": [
        0.8780487804878049
    ],
    "0.9": [
        0.9166666666666666
    ],
    "0.8": [
        1.0
    ],
    "0.7": [
        1.0
    ],
    "0.6": [
        1.0
    ],
    "0.5": [
        1.0
    ],
    "0.4": [
        1.0
    ],
    "0.3": [
        null
    ],
    "0.2": [
        null
    ],
    "0.1": [
        null
    ]
}