{
    "inf": [
        0.5983870967741935
    ],
    "2": [
        0.5983870967741935
    ],
    "1.6": [
        0.6042345276872965
    ],
    "1.5": [
        0.7237569060773481
    ],
    "1.4": [
        0.7945205479452054
    ],
    "1.3": [
        0.8345323741007195
    ],
    "1.2": [
        0.8712871287128713
    ],
    "1.1": [
        0.881578947368421
    ],
    "0.9": [
        0.8709677419354839
    ],
    "0.8": [
        0.9411764705882353
    ],
    "0.7": [
        1.0
    ],
    "0.6": [
        1.0
    ],
    "0.5": [
        1.0
    ],
    "0.4": [
        1.0
    ],
    "0.3": [
        1.0
    ],
    "0.2": [
        null
    ],
    "0.1": [
        null
    ]
}