{
    "inf": [
        0.5983870967741935
    ],
    "2": [
        0.5983870967741935
    ],
    "1.6": [
        0.6115702479338843
    ],
    "1.5": [
        0.7857142857142857
    ],
    "1.4": [
        0.8394160583941606
    ],
    "1.3": [
        0.8674698795180723
    ],
    "1.2": [
        0.8541666666666666
    ],
    "1.1": [
        0.90625
    ],
    "0.9": [
        0.9166666666666666
    ],
    "0.8": [
        1.0
    ],
    "0.7": [
        1.0
    ],
    "0.6": [
        1.0
    ],
    "0.5": [
        1.0
    ],
    "0.4": [
        1.0
    ],
    "0.3": [
        null
    ],
    "0.2": [
        null
    ],
    "0.1": [
        null
    ]
}