{
    "inf": [
        0.5951612903225807
    ],
    "2": [
        0.6
    ],
    "1.6": [
        0.5944170771756979
    ],
    "1.5": [
        0.7295081967213115
    ],
    "1.4": [
        0.7764227642276422
    ],
    "1.3": [
        0.8258426966292135
    ],
    "1.2": [
        0.8345323741007195
    ],
    "1.1": [
        0.8275862068965517
    ],
    "0.9": [
        0.78125
    ],
    "0.8": [
        0.8888888888888888
    ],
    "0.7": [
        0.8461538461538461
    ],
    "0.6": [
        1.0
    ],
    "0.5": [
        1.0
    ],
    "0.4": [
        1.0
    ],
    "0.3": [
        1.0
    ],
    "0.2": [
        null
    ],
    "0.1": [
        null
    ]
}