{
    "inf": [
        0.632258064516129
    ],
    "2": [
        0.6338709677419355
    ],
    "1.6": [
        0.6420361247947455
    ],
    "1.5": [
        0.7403598971722365
    ],
    "1.4": [
        0.7717842323651453
    ],
    "1.3": [
        0.8083832335329342
    ],
    "1.2": [
        0.8135593220338984
    ],
    "1.1": [
        0.8026315789473685
    ],
    "0.9": [
        0.8666666666666667
    ],
    "0.8": [
        0.8823529411764706
    ],
    "0.7": [
        0.8
    ],
    "0.6": [
        0.8333333333333334
    ],
    "0.5": [
        1.0
    ],
    "0.4": [
        null
    ],
    "0.3": [
        null
    ],
    "0.2": [
        null
    ],
    "0.1": [
        null
    ]
}