{
    "inf": [
        0.5790322580645161
    ],
    "2": [
        0.5774193548387097
    ],
    "1.6": [
        0.582258064516129
    ],
    "1.5": [
        0.6856492027334852
    ],
    "1.4": [
        0.7341772151898734
    ],
    "1.3": [
        0.7850877192982456
    ],
    "1.2": [
        0.8662420382165605
    ],
    "1.1": [
        0.8888888888888888
    ],
    "0.9": [
        0.8769230769230769
    ],
    "0.8": [
        0.8378378378378378
    ],
    "0.7": [
        0.85
    ],
    "0.6": [
        1.0
    ],
    "0.5": [
        1.0
    ],
    "0.4": [
        1.0
    ],
    "0.3": [
        1.0
    ],
    "0.2": [
        null
    ],
    "0.1": [
        null
    ]
}