{
    "inf": [
        0.6209677419354839
    ],
    "2": [
        0.6209677419354839
    ],
    "1.6": [
        0.6347107438016529
    ],
    "1.5": [
        0.7902298850574713
    ],
    "1.4": [
        0.8009708737864077
    ],
    "1.3": [
        0.8524590163934426
    ],
    "1.2": [
        0.8860759493670886
    ],
    "1.1": [
        0.9074074074074074
    ],
    "0.9": [
        0.9130434782608695
    ],
    "0.8": [
        0.9230769230769231
    ],
    "0.7": [
        1.0
    ],
    "0.6": [
        1.0
    ],
    "0.5": [
        1.0
    ],
    "0.4": [
        1.0
    ],
    "0.3": [
        1.0
    ],
    "0.2": [
        null
    ],
    "0.1": [
        null
    ]
}