{
    "inf": [
        0.6096774193548387
    ],
    "2": [
        0.614516129032258
    ],
    "1.6": [
        0.6096774193548387
    ],
    "1.5": [
        0.6923076923076923
    ],
    "1.4": [
        0.7727272727272727
    ],
    "1.3": [
        0.800711743772242
    ],
    "1.2": [
        0.8099547511312217
    ],
    "1.1": [
        0.8197674418604651
    ],
    "0.9": [
        0.8425925925925926
    ],
    "0.8": [
        0.891566265060241
    ],
    "0.7": [
        0.8955223880597015
    ],
    "0.6": [
        0.9230769230769231
    ],
    "0.5": [
        0.9473684210526315
    ],
    "0.4": [
        0.9230769230769231
    ],
    "0.3": [
        1.0
    ],
    "0.2": [
        1.0
    ],
    "0.1": [
        null
    ]
}