{
    "inf": [
        0.5854838709677419
    ],
    "2": [
        0.5854838709677419
    ],
    "1.6": [
        0.5983333333333334
    ],
    "1.5": [
        0.7487437185929648
    ],
    "1.4": [
        0.9
    ],
    "1.3": [
        0.9285714285714286
    ],
    "1.2": [
        0.95
    ],
    "1.1": [
        1.0
    ],
    "0.9": [
        1.0
    ],
    "0.8": [
        null
    ],
    "0.7": [
        null
    ],
    "0.6": [
        null
    ],
    "0.5": [
        null
    ],
    "0.4": [
        null
    ],
    "0.3": [
        null
    ],
    "0.2": [
        null
    ],
    "0.1": [
        null
    ]
}