{
    "inf": [
        0.6161290322580645
    ],
    "2": [
        0.6080645161290322
    ],
    "1.6": [
        0.6025848142164781
    ],
    "1.5": [
        0.6897880539499036
    ],
    "1.4": [
        0.7287735849056604
    ],
    "1.3": [
        0.7756410256410257
    ],
    "1.2": [
        0.791970802919708
    ],
    "1.1": [
        0.8130841121495327
    ],
    "0.9": [
        0.8333333333333334
    ],
    "0.8": [
        0.8272727272727273
    ],
    "0.7": [
        0.84375
    ],
    "0.6": [
        0.7903225806451613
    ],
    "0.5": [
        0.8292682926829268
    ],
    "0.4": [
        0.8275862068965517
    ],
    "0.3": [
        0.7692307692307693
    ],
    "0.2": [
        0.75
    ],
    "0.1": [
        1.0
    ]
}