{
    "inf": [
        0.635483870967742
    ],
    "2": [
        0.635483870967742
    ],
    "1.6": [
        0.6494156928213689
    ],
    "1.5": [
        0.8233082706766918
    ],
    "1.4": [
        0.8270676691729323
    ],
    "1.3": [
        0.8676470588235294
    ],
    "1.2": [
        0.9285714285714286
    ],
    "1.1": [
        0.9333333333333333
    ],
    "0.9": [
        1.0
    ],
    "0.8": [
        1.0
    ],
    "0.7": [
        null
    ],
    "0.6": [
        null
    ],
    "0.5": [
        null
    ],
    "0.4": [
        null
    ],
    "0.3": [
        null
    ],
    "0.2": [
        null
    ],
    "0.1": [
        null
    ]
}