{
    "inf": [
        0.5870967741935483
    ],
    "2": [
        0.5854838709677419
    ],
    "1.6": [
        0.582258064516129
    ],
    "1.5": [
        0.6261180679785331
    ],
    "1.4": [
        0.6588983050847458
    ],
    "1.3": [
        0.6957605985037406
    ],
    "1.2": [
        0.7191358024691358
    ],
    "1.1": [
        0.7226277372262774
    ],
    "0.9": [
        0.7684210526315789
    ],
    "0.8": [
        0.75
    ],
    "0.7": [
        0.8333333333333334
    ],
    "0.6": [
        0.8314606741573034
    ],
    "0.5": [
        0.8615384615384616
    ],
    "0.4": [
        0.9230769230769231
    ],
    "0.3": [
        0.9629629629629629
    ],
    "0.2": [
        1.0
    ],
    "0.1": [
        1.0
    ]
}