{
    "inf": [
        0.6612903225806451
    ],
    "2": [
        0.6629032258064517
    ],
    "1.6": [
        0.75
    ],
    "1.5": [
        0.7798408488063661
    ],
    "1.4": [
        0.7713414634146342
    ],
    "1.3": [
        0.7913669064748201
    ],
    "1.2": [
        0.8067226890756303
    ],
    "1.1": [
        0.8190954773869347
    ],
    "0.9": [
        0.8356164383561644
    ],
    "0.8": [
        0.8487394957983193
    ],
    "0.7": [
        0.8446601941747572
    ],
    "0.6": [
        0.8571428571428571
    ],
    "0.5": [
        0.9137931034482759
    ],
    "0.4": [
        0.9130434782608695
    ],
    "0.3": [
        0.9523809523809523
    ],
    "0.2": [
        0.9333333333333333
    ],
    "0.1": [
        1.0
    ]
}