{
    "inf": [
        0.5725806451612904
    ],
    "2": [
        0.5725806451612904
    ],
    "1.6": [
        0.5725806451612904
    ],
    "1.5": [
        0.6343283582089553
    ],
    "1.4": [
        0.6900452488687783
    ],
    "1.3": [
        0.7181571815718157
    ],
    "1.2": [
        0.7346938775510204
    ],
    "1.1": [
        0.7833333333333333
    ],
    "0.9": [
        0.8246753246753247
    ],
    "0.8": [
        0.8524590163934426
    ],
    "0.7": [
        0.8529411764705882
    ],
    "0.6": [
        0.8690476190476191
    ],
    "0.5": [
        0.8666666666666667
    ],
    "0.4": [
        0.868421052631579
    ],
    "0.3": [
        0.8846153846153846
    ],
    "0.2": [
        0.8666666666666667
    ],
    "0.1": [
        1.0
    ]
}