{
    "inf": [
        0.617741935483871
    ],
    "2": [
        0.617741935483871
    ],
    "1.6": [
        0.6221498371335505
    ],
    "1.5": [
        0.720108695652174
    ],
    "1.4": [
        0.7668161434977578
    ],
    "1.3": [
        0.8181818181818182
    ],
    "1.2": [
        0.8829787234042553
    ],
    "1.1": [
        0.8676470588235294
    ],
    "0.9": [
        0.8928571428571429
    ],
    "0.8": [
        0.9473684210526315
    ],
    "0.7": [
        0.9166666666666666
    ],
    "0.6": [
        0.5
    ],
    "0.5": [
        null
    ],
    "0.4": [
        null
    ],
    "0.3": [
        null
    ],
    "0.2": [
        null
    ],
    "0.1": [
        null
    ]
}