{
    "inf": [
        0.5903225806451613
    ],
    "2": [
        0.5903225806451613
    ],
    "1.6": [
        0.5951219512195122
    ],
    "1.5": [
        0.7211328976034859
    ],
    "1.4": [
        0.7732919254658385
    ],
    "1.3": [
        0.7816593886462883
    ],
    "1.2": [
        0.8192090395480226
    ],
    "1.1": [
        0.8391608391608392
    ],
    "0.9": [
        0.8765432098765432
    ],
    "0.8": [
        0.8656716417910447
    ],
    "0.7": [
        0.8723404255319149
    ],
    "0.6": [
        0.8857142857142857
    ],
    "0.5": [
        0.9583333333333334
    ],
    "0.4": [
        0.9166666666666666
    ],
    "0.3": [
        1.0
    ],
    "0.2": [
        null
    ],
    "0.1": [
        null
    ]
}