{
    "inf": [
        0.5903225806451613
    ],
    "2": [
        0.603225806451613
    ],
    "1.6": [
        0.6182432432432432
    ],
    "1.5": [
        0.7880434782608695
    ],
    "1.4": [
        0.8613861386138614
    ],
    "1.3": [
        0.9272727272727272
    ],
    "1.2": [
        0.9
    ],
    "1.1": [
        1.0
    ],
    "0.9": [
        1.0
    ],
    "0.8": [
        null
    ],
    "0.7": [
        null
    ],
    "0.6": [
        null
    ],
    "0.5": [
        null
    ],
    "0.4": [
        null
    ],
    "0.3": [
        null
    ],
    "0.2": [
        null
    ],
    "0.1": [
        null
    ]
}