{
    "inf": [
        0.6274193548387097
    ],
    "2": [
        0.6112903225806452
    ],
    "1.6": [
        0.6203554119547657
    ],
    "1.5": [
        0.6554934823091247
    ],
    "1.4": [
        0.6821345707656613
    ],
    "1.3": [
        0.7382920110192838
    ],
    "1.2": [
        0.7455830388692579
    ],
    "1.1": [
        0.7736625514403292
    ],
    "0.9": [
        0.8251748251748252
    ],
    "0.8": [
        0.7727272727272727
    ],
    "0.7": [
        0.8117647058823529
    ],
    "0.6": [
        0.7846153846153846
    ],
    "0.5": [
        0.8260869565217391
    ],
    "0.4": [
        0.8620689655172413
    ],
    "0.3": [
        0.875
    ],
    "0.2": [
        0.875
    ],
    "0.1": [
        null
    ]
}