{
    "inf": [
        0.6806451612903226
    ],
    "2": [
        0.6725806451612903
    ],
    "1.6": [
        0.7380952380952381
    ],
    "1.5": [
        0.7551963048498845
    ],
    "1.4": [
        0.7537688442211056
    ],
    "1.3": [
        0.7670454545454546
    ],
    "1.2": [
        0.76875
    ],
    "1.1": [
        0.7867132867132867
    ],
    "0.9": [
        0.8009259259259259
    ],
    "0.8": [
        0.7894736842105263
    ],
    "0.7": [
        0.8048780487804879
    ],
    "0.6": [
        0.7985074626865671
    ],
    "0.5": [
        0.7899159663865546
    ],
    "0.4": [
        0.7912087912087912
    ],
    "0.3": [
        0.8032786885245902
    ],
    "0.2": [
        0.8148148148148148
    ],
    "0.1": [
        0.9166666666666666
    ]
}