{
    "inf": [
        0.5790322580645161
    ],
    "2": [
        0.5693548387096774
    ],
    "1.6": [
        0.580226904376013
    ],
    "1.5": [
        0.6643835616438356
    ],
    "1.4": [
        0.7170418006430869
    ],
    "1.3": [
        0.7175925925925926
    ],
    "1.2": [
        0.7415730337078652
    ],
    "1.1": [
        0.7753623188405797
    ],
    "0.9": [
        0.8125
    ],
    "0.8": [
        0.8620689655172413
    ],
    "0.7": [
        0.90625
    ],
    "0.6": [
        0.8947368421052632
    ],
    "0.5": [
        1.0
    ],
    "0.4": [
        1.0
    ],
    "0.3": [
        1.0
    ],
    "0.2": [
        1.0
    ],
    "0.1": [
        null
    ]
}