{
    "inf": [
        0.6387096774193548
    ],
    "2": [
        0.6419354838709678
    ],
    "1.6": [
        0.6550580431177446
    ],
    "1.5": [
        0.8025641025641026
    ],
    "1.4": [
        0.8487084870848709
    ],
    "1.3": [
        0.8802083333333334
    ],
    "1.2": [
        0.8970588235294118
    ],
    "1.1": [
        0.9292929292929293
    ],
    "0.9": [
        0.9166666666666666
    ],
    "0.8": [
        0.9230769230769231
    ],
    "0.7": [
        0.9
    ],
    "0.6": [
        1.0
    ],
    "0.5": [
        1.0
    ],
    "0.4": [
        1.0
    ],
    "0.3": [
        1.0
    ],
    "0.2": [
        1.0
    ],
    "0.1": [
        null
    ]
}