{
    "inf": [
        0.582258064516129
    ],
    "2": [
        0.5838709677419355
    ],
    "1.6": [
        0.5850891410048622
    ],
    "1.5": [
        0.6847826086956522
    ],
    "1.4": [
        0.7237237237237237
    ],
    "1.3": [
        0.7182539682539683
    ],
    "1.2": [
        0.7704081632653061
    ],
    "1.1": [
        0.7735849056603774
    ],
    "0.9": [
        0.7962962962962963
    ],
    "0.8": [
        0.8333333333333334
    ],
    "0.7": [
        0.8571428571428571
    ],
    "0.6": [
        0.925
    ],
    "0.5": [
        0.96875
    ],
    "0.4": [
        1.0
    ],
    "0.3": [
        1.0
    ],
    "0.2": [
        1.0
    ],
    "0.1": [
        1.0
    ]
}