{
    "inf": [
        0.6112903225806452
    ],
    "2": [
        0.6112903225806452
    ],
    "1.6": [
        0.6283333333333333
    ],
    "1.5": [
        0.7471910112359551
    ],
    "1.4": [
        0.7860696517412935
    ],
    "1.3": [
        0.8235294117647058
    ],
    "1.2": [
        0.8354430379746836
    ],
    "1.1": [
        0.8113207547169812
    ],
    "0.9": [
        0.9047619047619048
    ],
    "0.8": [
        0.9411764705882353
    ],
    "0.7": [
        1.0
    ],
    "0.6": [
        1.0
    ],
    "0.5": [
        1.0
    ],
    "0.4": [
        1.0
    ],
    "0.3": [
        1.0
    ],
    "0.2": [
        null
    ],
    "0.1": [
        null
    ]
}