{
    "inf": [
        0.6274193548387097
    ],
    "2": [
        0.6274193548387097
    ],
    "1.6": [
        0.6488294314381271
    ],
    "1.5": [
        0.7890173410404624
    ],
    "1.4": [
        0.8363636363636363
    ],
    "1.3": [
        0.8633093525179856
    ],
    "1.2": [
        0.9113924050632911
    ],
    "1.1": [
        0.9272727272727272
    ],
    "0.9": [
        0.9565217391304348
    ],
    "0.8": [
        1.0
    ],
    "0.7": [
        1.0
    ],
    "0.6": [
        1.0
    ],
    "0.5": [
        1.0
    ],
    "0.4": [
        1.0
    ],
    "0.3": [
        1.0
    ],
    "0.2": [
        null
    ],
    "0.1": [
        null
    ]
}