{
    "inf": [
        0.5951612903225807
    ],
    "2": [
        0.5951612903225807
    ],
    "1.6": [
        0.6039603960396039
    ],
    "1.5": [
        0.7346938775510204
    ],
    "1.4": [
        0.8181818181818182
    ],
    "1.3": [
        0.815068493150685
    ],
    "1.2": [
        0.8297872340425532
    ],
    "1.1": [
        0.8571428571428571
    ],
    "0.9": [
        1.0
    ],
    "0.8": [
        1.0
    ],
    "0.7": [
        1.0
    ],
    "0.6": [
        1.0
    ],
    "0.5": [
        1.0
    ],
    "0.4": [
        1.0
    ],
    "0.3": [
        1.0
    ],
    "0.2": [
        null
    ],
    "0.1": [
        null
    ]
}