{
    "inf": [
        0.6516129032258065
    ],
    "2": [
        0.6516129032258065
    ],
    "1.6": [
        0.653160453808752
    ],
    "1.5": [
        0.7123552123552124
    ],
    "1.4": [
        0.7355769230769231
    ],
    "1.3": [
        0.7634730538922155
    ],
    "1.2": [
        0.7777777777777778
    ],
    "1.1": [
        0.7932692307692307
    ],
    "0.9": [
        0.8188976377952756
    ],
    "0.8": [
        0.8076923076923077
    ],
    "0.7": [
        0.8095238095238095
    ],
    "0.6": [
        0.8253968253968254
    ],
    "0.5": [
        0.8775510204081632
    ],
    "0.4": [
        0.8333333333333334
    ],
    "0.3": [
        0.75
    ],
    "0.2": [
        0.6666666666666666
    ],
    "0.1": [
        null
    ]
}