{
    "inf": [
        0.6064516129032258
    ],
    "2": [
        0.6064516129032258
    ],
    "1.6": [
        0.6097560975609756
    ],
    "1.5": [
        0.7111111111111111
    ],
    "1.4": [
        0.7658227848101266
    ],
    "1.3": [
        0.7982832618025751
    ],
    "1.2": [
        0.8011363636363636
    ],
    "1.1": [
        0.8148148148148148
    ],
    "0.9": [
        0.9206349206349206
    ],
    "0.8": [
        0.925
    ],
    "0.7": [
        0.9583333333333334
    ],
    "0.6": [
        1.0
    ],
    "0.5": [
        1.0
    ],
    "0.4": [
        1.0
    ],
    "0.3": [
        1.0
    ],
    "0.2": [
        null
    ],
    "0.1": [
        null
    ]
}