{
    "inf": [
        0.7080645161290322
    ],
    "2": [
        0.7048387096774194
    ],
    "1.6": [
        0.752895752895753
    ],
    "1.5": [
        0.7693965517241379
    ],
    "1.4": [
        0.7843137254901961
    ],
    "1.3": [
        0.7867036011080333
    ],
    "1.2": [
        0.7912772585669782
    ],
    "1.1": [
        0.7992957746478874
    ],
    "0.9": [
        0.8311111111111111
    ],
    "0.8": [
        0.837696335078534
    ],
    "0.7": [
        0.8535031847133758
    ],
    "0.6": [
        0.848
    ],
    "0.5": [
        0.8333333333333334
    ],
    "0.4": [
        0.825
    ],
    "0.3": [
        0.8596491228070176
    ],
    "0.2": [
        0.8529411764705882
    ],
    "0.1": [
        0.8571428571428571
    ]
}