{
    "inf": [
        0.617741935483871
    ],
    "2": [
        0.617741935483871
    ],
    "1.6": [
        0.617741935483871
    ],
    "1.5": [
        0.6853932584269663
    ],
    "1.4": [
        0.7098214285714286
    ],
    "1.3": [
        0.7283236994219653
    ],
    "1.2": [
        0.7490636704119851
    ],
    "1.1": [
        0.7714285714285715
    ],
    "0.9": [
        0.8248175182481752
    ],
    "0.8": [
        0.8411214953271028
    ],
    "0.7": [
        0.8690476190476191
    ],
    "0.6": [
        0.9056603773584906
    ],
    "0.5": [
        0.918918918918919
    ],
    "0.4": [
        0.9615384615384616
    ],
    "0.3": [
        0.9230769230769231
    ],
    "0.2": [
        0.8888888888888888
    ],
    "0.1": [
        1.0
    ]
}