{
    "inf": [
        0.6080645161290322
    ],
    "2": [
        0.6080645161290322
    ],
    "1.6": [
        0.6352739726027398
    ],
    "1.5": [
        0.7802690582959642
    ],
    "1.4": [
        0.8113207547169812
    ],
    "1.3": [
        0.8863636363636364
    ],
    "1.2": [
        0.9090909090909091
    ],
    "1.1": [
        1.0
    ],
    "0.9": [
        1.0
    ],
    "0.8": [
        1.0
    ],
    "0.7": [
        1.0
    ],
    "0.6": [
        1.0
    ],
    "0.5": [
        1.0
    ],
    "0.4": [
        1.0
    ],
    "0.3": [
        null
    ],
    "0.2": [
        null
    ],
    "0.1": [
        null
    ]
}