{
    "inf": [
        0.5967741935483871
    ],
    "2": [
        0.5967741935483871
    ],
    "1.6": [
        0.5967741935483871
    ],
    "1.5": [
        0.6427255985267035
    ],
    "1.4": [
        0.6928251121076233
    ],
    "1.3": [
        0.7325905292479109
    ],
    "1.2": [
        0.7643097643097643
    ],
    "1.1": [
        0.7836734693877551
    ],
    "0.9": [
        0.821656050955414
    ],
    "0.8": [
        0.8244274809160306
    ],
    "0.7": [
        0.8673469387755102
    ],
    "0.6": [
        0.88
    ],
    "0.5": [
        0.890625
    ],
    "0.4": [
        0.8695652173913043
    ],
    "0.3": [
        0.9333333333333333
    ],
    "0.2": [
        0.9473684210526315
    ],
    "0.1": [
        1.0
    ]
}