{
    "inf": [
        0.6048387096774194
    ],
    "2": [
        0.6048387096774194
    ],
    "1.6": [
        0.6128500823723229
    ],
    "1.5": [
        0.7050359712230215
    ],
    "1.4": [
        0.7482517482517482
    ],
    "1.3": [
        0.7860696517412935
    ],
    "1.2": [
        0.8287671232876712
    ],
    "1.1": [
        0.8279569892473119
    ],
    "0.9": [
        0.9090909090909091
    ],
    "0.8": [
        0.9354838709677419
    ],
    "0.7": [
        1.0
    ],
    "0.6": [
        1.0
    ],
    "0.5": [
        1.0
    ],
    "0.4": [
        1.0
    ],
    "0.3": [
        1.0
    ],
    "0.2": [
        null
    ],
    "0.1": [
        null
    ]
}