{
    "inf": [
        0.6258064516129033
    ],
    "2": [
        0.6258064516129033
    ],
    "1.6": [
        0.6313213703099511
    ],
    "1.5": [
        0.7668161434977578
    ],
    "1.4": [
        0.7961783439490446
    ],
    "1.3": [
        0.8280542986425339
    ],
    "1.2": [
        0.8103448275862069
    ],
    "1.1": [
        0.8363636363636363
    ],
    "0.9": [
        0.8571428571428571
    ],
    "0.8": [
        0.868421052631579
    ],
    "0.7": [
        0.9
    ],
    "0.6": [
        1.0
    ],
    "0.5": [
        1.0
    ],
    "0.4": [
        1.0
    ],
    "0.3": [
        null
    ],
    "0.2": [
        null
    ],
    "0.1": [
        null
    ]
}