{
    "inf": [
        0.6370967741935484
    ],
    "2": [
        0.6370967741935484
    ],
    "1.6": [
        0.645320197044335
    ],
    "1.5": [
        0.7662337662337663
    ],
    "1.4": [
        0.8304093567251462
    ],
    "1.3": [
        0.9038461538461539
    ],
    "1.2": [
        0.9193548387096774
    ],
    "1.1": [
        0.95
    ],
    "0.9": [
        1.0
    ],
    "0.8": [
        1.0
    ],
    "0.7": [
        1.0
    ],
    "0.6": [
        1.0
    ],
    "0.5": [
        1.0
    ],
    "0.4": [
        1.0
    ],
    "0.3": [
        null
    ],
    "0.2": [
        null
    ],
    "0.1": [
        null
    ]
}