{
    "inf": [
        0.6016129032258064
    ],
    "2": [
        0.6016129032258064
    ],
    "1.6": [
        0.610648918469218
    ],
    "1.5": [
        0.760797342192691
    ],
    "1.4": [
        0.7965116279069767
    ],
    "1.3": [
        0.8241758241758241
    ],
    "1.2": [
        0.8979591836734694
    ],
    "1.1": [
        0.9615384615384616
    ],
    "0.9": [
        1.0
    ],
    "0.8": [
        1.0
    ],
    "0.7": [
        1.0
    ],
    "0.6": [
        1.0
    ],
    "0.5": [
        1.0
    ],
    "0.4": [
        1.0
    ],
    "0.3": [
        1.0
    ],
    "0.2": [
        1.0
    ],
    "0.1": [
        null
    ]
}