{
    "inf": [
        0.5935483870967742
    ],
    "2": [
        0.5935483870967742
    ],
    "1.6": [
        0.6076158940397351
    ],
    "1.5": [
        0.7352112676056338
    ],
    "1.4": [
        0.7804878048780488
    ],
    "1.3": [
        0.7916666666666666
    ],
    "1.2": [
        0.8380952380952381
    ],
    "1.1": [
        0.8533333333333334
    ],
    "0.9": [
        0.8780487804878049
    ],
    "0.8": [
        0.8518518518518519
    ],
    "0.7": [
        0.8235294117647058
    ],
    "0.6": [
        0.875
    ],
    "0.5": [
        0.6666666666666666
    ],
    "0.4": [
        1.0
    ],
    "0.3": [
        1.0
    ],
    "0.2": [
        null
    ],
    "0.1": [
        null
    ]
}