{
    "inf": [
        0.617741935483871
    ],
    "2": [
        0.617741935483871
    ],
    "1.6": [
        0.6272577996715928
    ],
    "1.5": [
        0.6893939393939394
    ],
    "1.4": [
        0.7411764705882353
    ],
    "1.3": [
        0.7757575757575758
    ],
    "1.2": [
        0.8360655737704918
    ],
    "1.1": [
        0.875
    ],
    "0.9": [
        0.8918918918918919
    ],
    "0.8": [
        0.85
    ],
    "0.7": [
        0.8181818181818182
    ],
    "0.6": [
        1.0
    ],
    "0.5": [
        1.0
    ],
    "0.4": [
        1.0
    ],
    "0.3": [
        1.0
    ],
    "0.2": [
        1.0
    ],
    "0.1": [
        null
    ]
}