{
    "inf": [
        0.632258064516129
    ],
    "2": [
        0.632258064516129
    ],
    "1.6": [
        0.6384364820846905
    ],
    "1.5": [
        0.7211155378486056
    ],
    "1.4": [
        0.7505882352941177
    ],
    "1.3": [
        0.7746478873239436
    ],
    "1.2": [
        0.7689530685920578
    ],
    "1.1": [
        0.7740384615384616
    ],
    "0.9": [
        0.7777777777777778
    ],
    "0.8": [
        0.8169014084507042
    ],
    "0.7": [
        0.7727272727272727
    ],
    "0.6": [
        0.6666666666666666
    ],
    "0.5": [
        0.7333333333333333
    ],
    "0.4": [
        0.8333333333333334
    ],
    "0.3": [
        0.6666666666666666
    ],
    "0.2": [
        1.0
    ],
    "0.1": [
        1.0
    ]
}