{
    "inf": [
        0.6225806451612903
    ],
    "2": [
        0.6225806451612903
    ],
    "1.6": [
        0.6468590831918506
    ],
    "1.5": [
        0.792156862745098
    ],
    "1.4": [
        0.8582677165354331
    ],
    "1.3": [
        0.8607594936708861
    ],
    "1.2": [
        0.9318181818181818
    ],
    "1.1": [
        0.8421052631578947
    ],
    "0.9": [
        1.0
    ],
    "0.8": [
        null
    ],
    "0.7": [
        null
    ],
    "0.6": [
        null
    ],
    "0.5": [
        null
    ],
    "0.4": [
        null
    ],
    "0.3": [
        null
    ],
    "0.2": [
        null
    ],
    "0.1": [
        null
    ]
}