{
    "inf": [
        0.6725806451612903
    ],
    "2": [
        0.6790322580645162
    ],
    "1.6": [
        0.7442827442827443
    ],
    "1.5": [
        0.7487179487179487
    ],
    "1.4": [
        0.7515723270440252
    ],
    "1.3": [
        0.7765151515151515
    ],
    "1.2": [
        0.7609756097560976
    ],
    "1.1": [
        0.84375
    ],
    "0.9": [
        0.8709677419354839
    ],
    "0.8": [
        0.9076923076923077
    ],
    "0.7": [
        0.94
    ],
    "0.6": [
        1.0
    ],
    "0.5": [
        0.95
    ],
    "0.4": [
        1.0
    ],
    "0.3": [
        1.0
    ],
    "0.2": [
        1.0
    ],
    "0.1": [
        1.0
    ]
}