{
    "inf": [
        0.5935483870967742
    ],
    "2": [
        0.5935483870967742
    ],
    "1.6": [
        0.6345454545454545
    ],
    "1.5": [
        0.7333333333333333
    ],
    "1.4": [
        0.7659574468085106
    ],
    "1.3": [
        0.7368421052631579
    ],
    "1.2": [
        0.7272727272727273
    ],
    "1.1": [
        1.0
    ],
    "0.9": [
        1.0
    ],
    "0.8": [
        1.0
    ],
    "0.7": [
        null
    ],
    "0.6": [
        null
    ],
    "0.5": [
        null
    ],
    "0.4": [
        null
    ],
    "0.3": [
        null
    ],
    "0.2": [
        null
    ],
    "0.1": [
        null
    ]
}