{
    "inf": [
        0.5903225806451613
    ],
    "2": [
        0.5903225806451613
    ],
    "1.6": [
        0.6169844020797227
    ],
    "1.5": [
        0.7783505154639175
    ],
    "1.4": [
        0.8767123287671232
    ],
    "1.3": [
        0.8918918918918919
    ],
    "1.2": [
        0.9473684210526315
    ],
    "1.1": [
        0.9090909090909091
    ],
    "0.9": [
        1.0
    ],
    "0.8": [
        1.0
    ],
    "0.7": [
        1.0
    ],
    "0.6": [
        null
    ],
    "0.5": [
        null
    ],
    "0.4": [
        null
    ],
    "0.3": [
        null
    ],
    "0.2": [
        null
    ],
    "0.1": [
        null
    ]
}