{
    "inf": [
        0.6435483870967742
    ],
    "2": [
        0.6580645161290323
    ],
    "1.6": [
        0.690566037735849
    ],
    "1.5": [
        0.7142857142857143
    ],
    "1.4": [
        0.7139479905437353
    ],
    "1.3": [
        0.7425474254742548
    ],
    "1.2": [
        0.7439024390243902
    ],
    "1.1": [
        0.7567567567567568
    ],
    "0.9": [
        0.7748917748917749
    ],
    "0.8": [
        0.8351063829787234
    ],
    "0.7": [
        0.8616352201257862
    ],
    "0.6": [
        0.900709219858156
    ],
    "0.5": [
        0.9026548672566371
    ],
    "0.4": [
        0.9130434782608695
    ],
    "0.3": [
        0.9210526315789473
    ],
    "0.2": [
        0.9411764705882353
    ],
    "0.1": [
        0.9565217391304348
    ]
}