{
    "inf": [
        0.5774193548387097
    ],
    "2": [
        0.5887096774193549
    ],
    "1.6": [
        0.5818476499189628
    ],
    "1.5": [
        0.6867219917012448
    ],
    "1.4": [
        0.72
    ],
    "1.3": [
        0.7507788161993769
    ],
    "1.2": [
        0.7683397683397684
    ],
    "1.1": [
        0.775
    ],
    "0.9": [
        0.753968253968254
    ],
    "0.8": [
        0.7717391304347826
    ],
    "0.7": [
        0.7945205479452054
    ],
    "0.6": [
        0.8235294117647058
    ],
    "0.5": [
        0.8571428571428571
    ],
    "0.4": [
        0.8846153846153846
    ],
    "0.3": [
        0.7
    ],
    "0.2": [
        1.0
    ],
    "0.1": [
        1.0
    ]
}