{
    "inf": [
        0.5612903225806452
    ],
    "2": [
        0.5612903225806452
    ],
    "1.6": [
        0.5542949756888168
    ],
    "1.5": [
        0.6911111111111111
    ],
    "1.4": [
        0.7563291139240507
    ],
    "1.3": [
        0.7880184331797235
    ],
    "1.2": [
        0.7792207792207793
    ],
    "1.1": [
        0.7868852459016393
    ],
    "0.9": [
        0.8367346938775511
    ],
    "0.8": [
        0.8285714285714286
    ],
    "0.7": [
        0.9523809523809523
    ],
    "0.6": [
        0.95
    ],
    "0.5": [
        1.0
    ],
    "0.4": [
        1.0
    ],
    "0.3": [
        1.0
    ],
    "0.2": [
        null
    ],
    "0.1": [
        null
    ]
}