{
    "inf": [
        0.6645161290322581
    ],
    "2": [
        0.6532258064516129
    ],
    "1.6": [
        0.7019607843137254
    ],
    "1.5": [
        0.7309523809523809
    ],
    "1.4": [
        0.7405405405405405
    ],
    "1.3": [
        0.7573770491803279
    ],
    "1.2": [
        0.7565543071161048
    ],
    "1.1": [
        0.7615062761506276
    ],
    "0.9": [
        0.7814569536423841
    ],
    "0.8": [
        0.7985074626865671
    ],
    "0.7": [
        0.8383838383838383
    ],
    "0.6": [
        0.875
    ],
    "0.5": [
        0.859375
    ],
    "0.4": [
        0.918918918918919
    ],
    "0.3": [
        0.896551724137931
    ],
    "0.2": [
        1.0
    ],
    "0.1": [
        1.0
    ]
}