{
    "inf": [
        0.6919354838709677
    ],
    "2": [
        0.6983870967741935
    ],
    "1.6": [
        0.7677419354838709
    ],
    "1.5": [
        0.7835820895522388
    ],
    "1.4": [
        0.7823529411764706
    ],
    "1.3": [
        0.7832167832167832
    ],
    "1.2": [
        0.8113207547169812
    ],
    "1.1": [
        0.8202764976958525
    ],
    "0.9": [
        0.8867924528301887
    ],
    "0.8": [
        0.916030534351145
    ],
    "0.7": [
        0.9223300970873787
    ],
    "0.6": [
        0.9666666666666667
    ],
    "0.5": [
        0.984375
    ],
    "0.4": [
        1.0
    ],
    "0.3": [
        1.0
    ],
    "0.2": [
        1.0
    ],
    "0.1": [
        1.0
    ]
}