{
    "inf": [
        0.5741935483870968
    ],
    "2": [
        0.5741935483870968
    ],
    "1.6": [
        0.5834710743801653
    ],
    "1.5": [
        0.7530120481927711
    ],
    "1.4": [
        0.819672131147541
    ],
    "1.3": [
        0.8981481481481481
    ],
    "1.2": [
        0.8840579710144928
    ],
    "1.1": [
        0.9111111111111111
    ],
    "0.9": [
        0.9473684210526315
    ],
    "0.8": [
        0.9285714285714286
    ],
    "0.7": [
        0.875
    ],
    "0.6": [
        0.8
    ],
    "0.5": [
        0.75
    ],
    "0.4": [
        1.0
    ],
    "0.3": [
        1.0
    ],
    "0.2": [
        1.0
    ],
    "0.1": [
        null
    ]
}