{
    "inf": [
        0.5838709677419355
    ],
    "2": [
        0.5838709677419355
    ],
    "1.6": [
        0.5848142164781907
    ],
    "1.5": [
        0.6673346693386774
    ],
    "1.4": [
        0.7424657534246575
    ],
    "1.3": [
        0.7436823104693141
    ],
    "1.2": [
        0.7938144329896907
    ],
    "1.1": [
        0.831081081081081
    ],
    "0.9": [
        0.8837209302325582
    ],
    "0.8": [
        0.9104477611940298
    ],
    "0.7": [
        0.9259259259259259
    ],
    "0.6": [
        0.96875
    ],
    "0.5": [
        0.9545454545454546
    ],
    "0.4": [
        0.9375
    ],
    "0.3": [
        0.9166666666666666
    ],
    "0.2": [
        1.0
    ],
    "0.1": [
        null
    ]
}