{
    "inf": [
        0.6580645161290323
    ],
    "2": [
        0.6645161290322581
    ],
    "1.6": [
        0.697196261682243
    ],
    "1.5": [
        0.70625
    ],
    "1.4": [
        0.7236533957845434
    ],
    "1.3": [
        0.7551546391752577
    ],
    "1.2": [
        0.7572254335260116
    ],
    "1.1": [
        0.762987012987013
    ],
    "0.9": [
        0.7974137931034483
    ],
    "0.8": [
        0.8097560975609757
    ],
    "0.7": [
        0.8208092485549133
    ],
    "0.6": [
        0.8391608391608392
    ],
    "0.5": [
        0.808695652173913
    ],
    "0.4": [
        0.84375
    ],
    "0.3": [
        0.8596491228070176
    ],
    "0.2": [
        0.9024390243902439
    ],
    "0.1": [
        0.9545454545454546
    ]
}