{
    "inf": [
        0.5774193548387097
    ],
    "2": [
        0.5790322580645161
    ],
    "1.6": [
        0.5821138211382114
    ],
    "1.5": [
        0.7086419753086419
    ],
    "1.4": [
        0.7723880597014925
    ],
    "1.3": [
        0.8098159509202454
    ],
    "1.2": [
        0.8378378378378378
    ],
    "1.1": [
        0.8536585365853658
    ],
    "0.9": [
        0.875
    ],
    "0.8": [
        1.0
    ],
    "0.7": [
        1.0
    ],
    "0.6": [
        1.0
    ],
    "0.5": [
        1.0
    ],
    "0.4": [
        null
    ],
    "0.3": [
        null
    ],
    "0.2": [
        null
    ],
    "0.1": [
        null
    ]
}