{
    "inf": [
        0.6096774193548387
    ],
    "2": [
        0.6080645161290322
    ],
    "1.6": [
        0.6077795786061588
    ],
    "1.5": [
        0.7247706422018348
    ],
    "1.4": [
        0.78839590443686
    ],
    "1.3": [
        0.824390243902439
    ],
    "1.2": [
        0.8471337579617835
    ],
    "1.1": [
        0.8467741935483871
    ],
    "0.9": [
        0.8888888888888888
    ],
    "0.8": [
        0.9318181818181818
    ],
    "0.7": [
        0.96
    ],
    "0.6": [
        0.9411764705882353
    ],
    "0.5": [
        1.0
    ],
    "0.4": [
        1.0
    ],
    "0.3": [
        1.0
    ],
    "0.2": [
        null
    ],
    "0.1": [
        null
    ]
}