{
    "inf": [
        0.6435483870967742
    ],
    "2": [
        0.6370967741935484
    ],
    "1.6": [
        0.6477272727272727
    ],
    "1.5": [
        0.7333333333333333
    ],
    "1.4": [
        0.76905311778291
    ],
    "1.3": [
        0.7886178861788617
    ],
    "1.2": [
        0.8038585209003215
    ],
    "1.1": [
        0.7982832618025751
    ],
    "0.9": [
        0.8407643312101911
    ],
    "0.8": [
        0.896551724137931
    ],
    "0.7": [
        0.927710843373494
    ],
    "0.6": [
        0.9047619047619048
    ],
    "0.5": [
        0.9444444444444444
    ],
    "0.4": [
        1.0
    ],
    "0.3": [
        1.0
    ],
    "0.2": [
        1.0
    ],
    "0.1": [
        null
    ]
}