{
    "inf": [
        0.617741935483871
    ],
    "2": [
        0.617741935483871
    ],
    "1.6": [
        0.6260296540362438
    ],
    "1.5": [
        0.7653429602888087
    ],
    "1.4": [
        0.8583333333333333
    ],
    "1.3": [
        0.9047619047619048
    ],
    "1.2": [
        0.96875
    ],
    "1.1": [
        0.9333333333333333
    ],
    "0.9": [
        1.0
    ],
    "0.8": [
        1.0
    ],
    "0.7": [
        null
    ],
    "0.6": [
        null
    ],
    "0.5": [
        null
    ],
    "0.4": [
        null
    ],
    "0.3": [
        null
    ],
    "0.2": [
        null
    ],
    "0.1": [
        null
    ]
}