{
    "inf": [
        0.5967741935483871
    ],
    "2": [
        0.5967741935483871
    ],
    "1.6": [
        0.5954692556634305
    ],
    "1.5": [
        0.689727463312369
    ],
    "1.4": [
        0.7344173441734417
    ],
    "1.3": [
        0.7663230240549829
    ],
    "1.2": [
        0.8130434782608695
    ],
    "1.1": [
        0.8265895953757225
    ],
    "0.9": [
        0.8608695652173913
    ],
    "0.8": [
        0.8837209302325582
    ],
    "0.7": [
        0.90625
    ],
    "0.6": [
        0.8913043478260869
    ],
    "0.5": [
        0.9375
    ],
    "0.4": [
        0.9166666666666666
    ],
    "0.3": [
        1.0
    ],
    "0.2": [
        1.0
    ],
    "0.1": [
        1.0
    ]
}