{
    "inf": [
        0.7290322580645161
    ],
    "2": [
        0.7387096774193549
    ],
    "1.6": [
        0.7652671755725191
    ],
    "1.5": [
        0.7809734513274337
    ],
    "1.4": [
        0.7893401015228426
    ],
    "1.3": [
        0.7795031055900621
    ],
    "1.2": [
        0.8044280442804428
    ],
    "1.1": [
        0.8421052631578947
    ],
    "0.9": [
        0.8765432098765432
    ],
    "0.8": [
        0.8702290076335878
    ],
    "0.7": [
        0.8545454545454545
    ],
    "0.6": [
        0.851063829787234
    ],
    "0.5": [
        0.873015873015873
    ],
    "0.4": [
        0.8723404255319149
    ],
    "0.3": [
        0.9375
    ],
    "0.2": [
        0.875
    ],
    "0.1": [
        1.0
    ]
}