{
    "inf": [
        0.5758064516129032
    ],
    "2": [
        0.5758064516129032
    ],
    "1.6": [
        0.6020761245674741
    ],
    "1.5": [
        0.8297872340425532
    ],
    "1.4": [
        0.8958333333333334
    ],
    "1.3": [
        1.0
    ],
    "1.2": [
        1.0
    ],
    "1.1": [
        null
    ],
    "0.9": [
        null
    ],
    "0.8": [
        null
    ],
    "0.7": [
        null
    ],
    "0.6": [
        null
    ],
    "0.5": [
        null
    ],
    "0.4": [
        null
    ],
    "0.3": [
        null
    ],
    "0.2": [
        null
    ],
    "0.1": [
        null
    ]
}