{
    "inf": [
        0.5774193548387097
    ],
    "2": [
        0.5774193548387097
    ],
    "1.6": [
        0.6484962406015038
    ],
    "1.5": [
        0.8285714285714286
    ],
    "1.4": [
        0.8095238095238095
    ],
    "1.3": [
        1.0
    ],
    "1.2": [
        1.0
    ],
    "1.1": [
        1.0
    ],
    "0.9": [
        1.0
    ],
    "0.8": [
        null
    ],
    "0.7": [
        null
    ],
    "0.6": [
        null
    ],
    "0.5": [
        null
    ],
    "0.4": [
        null
    ],
    "0.3": [
        null
    ],
    "0.2": [
        null
    ],
    "0.1": [
        null
    ]
}