{
    "inf": [
        0.6193548387096774
    ],
    "2": [
        0.6193548387096774
    ],
    "1.6": [
        0.6193548387096774
    ],
    "1.5": [
        0.6262626262626263
    ],
    "1.4": [
        0.6616822429906543
    ],
    "1.3": [
        0.7022222222222222
    ],
    "1.2": [
        0.7246753246753247
    ],
    "1.1": [
        0.7311178247734139
    ],
    "0.9": [
        0.7534883720930232
    ],
    "0.8": [
        0.7732558139534884
    ],
    "0.7": [
        0.7883211678832117
    ],
    "0.6": [
        0.8
    ],
    "0.5": [
        0.8295454545454546
    ],
    "0.4": [
        0.8412698412698413
    ],
    "0.3": [
        0.8888888888888888
    ],
    "0.2": [
        0.9333333333333333
    ],
    "0.1": [
        0.9230769230769231
    ]
}