{
    "inf": [
        0.6112903225806452
    ],
    "2": [
        0.6112903225806452
    ],
    "1.6": [
        0.6856581532416502
    ],
    "1.5": [
        0.8596491228070176
    ],
    "1.4": [
        0.8571428571428571
    ],
    "1.3": [
        1.0
    ],
    "1.2": [
        1.0
    ],
    "1.1": [
        1.0
    ],
    "0.9": [
        1.0
    ],
    "0.8": [
        1.0
    ],
    "0.7": [
        null
    ],
    "0.6": [
        null
    ],
    "0.5": [
        null
    ],
    "0.4": [
        null
    ],
    "0.3": [
        null
    ],
    "0.2": [
        null
    ],
    "0.1": [
        null
    ]
}