{
    "inf": [
        0.6306451612903226
    ],
    "2": [
        0.6403225806451613
    ],
    "1.6": [
        0.6353322528363047
    ],
    "1.5": [
        0.7545638945233266
    ],
    "1.4": [
        0.7890410958904109
    ],
    "1.3": [
        0.8076923076923077
    ],
    "1.2": [
        0.8168316831683168
    ],
    "1.1": [
        0.8656716417910447
    ],
    "0.9": [
        0.9014084507042254
    ],
    "0.8": [
        0.9038461538461539
    ],
    "0.7": [
        0.9210526315789473
    ],
    "0.6": [
        1.0
    ],
    "0.5": [
        1.0
    ],
    "0.4": [
        1.0
    ],
    "0.3": [
        1.0
    ],
    "0.2": [
        1.0
    ],
    "0.1": [
        null
    ]
}