{
    "inf": [
        0.5919354838709677
    ],
    "2": [
        0.5919354838709677
    ],
    "1.6": [
        0.5957792207792207
    ],
    "1.5": [
        0.6800847457627118
    ],
    "1.4": [
        0.7287671232876712
    ],
    "1.3": [
        0.7753623188405797
    ],
    "1.2": [
        0.8203883495145631
    ],
    "1.1": [
        0.8291139240506329
    ],
    "0.9": [
        0.8705882352941177
    ],
    "0.8": [
        0.873015873015873
    ],
    "0.7": [
        0.9069767441860465
    ],
    "0.6": [
        0.96
    ],
    "0.5": [
        0.9411764705882353
    ],
    "0.4": [
        1.0
    ],
    "0.3": [
        1.0
    ],
    "0.2": [
        1.0
    ],
    "0.1": [
        null
    ]
}