{
    "inf": [
        0.617741935483871
    ],
    "2": [
        0.6241935483870967
    ],
    "1.6": [
        0.6326860841423948
    ],
    "1.5": [
        0.7301587301587301
    ],
    "1.4": [
        0.7637540453074434
    ],
    "1.3": [
        0.7970297029702971
    ],
    "1.2": [
        0.8163265306122449
    ],
    "1.1": [
        0.8067226890756303
    ],
    "0.9": [
        0.8356164383561644
    ],
    "0.8": [
        0.8409090909090909
    ],
    "0.7": [
        0.8333333333333334
    ],
    "0.6": [
        0.8666666666666667
    ],
    "0.5": [
        0.8888888888888888
    ],
    "0.4": [
        1.0
    ],
    "0.3": [
        1.0
    ],
    "0.2": [
        null
    ],
    "0.1": [
        null
    ]
}