{
    "inf": [
        0.6596774193548387
    ],
    "2": [
        0.6532258064516129
    ],
    "1.6": [
        0.6970227670753065
    ],
    "1.5": [
        0.8228571428571428
    ],
    "1.4": [
        0.8481012658227848
    ],
    "1.3": [
        0.9142857142857143
    ],
    "1.2": [
        0.9047619047619048
    ],
    "1.1": [
        0.9090909090909091
    ],
    "0.9": [
        null
    ],
    "0.8": [
        null
    ],
    "0.7": [
        null
    ],
    "0.6": [
        null
    ],
    "0.5": [
        null
    ],
    "0.4": [
        null
    ],
    "0.3": [
        null
    ],
    "0.2": [
        null
    ],
    "0.1": [
        null
    ]
}