{
    "inf": [
        0.5887096774193549
    ],
    "2": [
        0.5887096774193549
    ],
    "1.6": [
        0.5915721231766613
    ],
    "1.5": [
        0.6977272727272728
    ],
    "1.4": [
        0.759493670886076
    ],
    "1.3": [
        0.7903930131004366
    ],
    "1.2": [
        0.8033707865168539
    ],
    "1.1": [
        0.8201438848920863
    ],
    "0.9": [
        0.8783783783783784
    ],
    "0.8": [
        0.9107142857142857
    ],
    "0.7": [
        0.8958333333333334
    ],
    "0.6": [
        0.9166666666666666
    ],
    "0.5": [
        0.9230769230769231
    ],
    "0.4": [
        1.0
    ],
    "0.3": [
        1.0
    ],
    "0.2": [
        1.0
    ],
    "0.1": [
        null
    ]
}