{
    "inf": [
        0.714516129032258
    ],
    "2": [
        0.7112903225806452
    ],
    "1.6": [
        0.7443181818181818
    ],
    "1.5": [
        0.7664543524416136
    ],
    "1.4": [
        0.7798165137614679
    ],
    "1.3": [
        0.7774936061381074
    ],
    "1.2": [
        0.7955182072829131
    ],
    "1.1": [
        0.8037383177570093
    ],
    "0.9": [
        0.83399209486166
    ],
    "0.8": [
        0.851063829787234
    ],
    "0.7": [
        0.8656716417910447
    ],
    "0.6": [
        0.8888888888888888
    ],
    "0.5": [
        0.9078014184397163
    ],
    "0.4": [
        0.90625
    ],
    "0.3": [
        0.9306930693069307
    ],
    "0.2": [
        0.9384615384615385
    ],
    "0.1": [
        0.896551724137931
    ]
}