{
    "inf": [
        0.6096774193548387
    ],
    "2": [
        0.6161290322580645
    ],
    "1.6": [
        0.6492146596858639
    ],
    "1.5": [
        0.883248730964467
    ],
    "1.4": [
        0.9156626506024096
    ],
    "1.3": [
        0.9523809523809523
    ],
    "1.2": [
        1.0
    ],
    "1.1": [
        1.0
    ],
    "0.9": [
        1.0
    ],
    "0.8": [
        1.0
    ],
    "0.7": [
        1.0
    ],
    "0.6": [
        1.0
    ],
    "0.5": [
        1.0
    ],
    "0.4": [
        1.0
    ],
    "0.3": [
        1.0
    ],
    "0.2": [
        null
    ],
    "0.1": [
        null
    ]
}