{
    "inf": [
        0.6629032258064517
    ],
    "2": [
        0.6854838709677419
    ],
    "1.6": [
        0.7184643510054844
    ],
    "1.5": [
        0.7219917012448133
    ],
    "1.4": [
        0.75177304964539
    ],
    "1.3": [
        0.7688172043010753
    ],
    "1.2": [
        0.771513353115727
    ],
    "1.1": [
        0.7744107744107744
    ],
    "0.9": [
        0.8253275109170306
    ],
    "0.8": [
        0.8373205741626795
    ],
    "0.7": [
        0.8432432432432433
    ],
    "0.6": [
        0.8580645161290322
    ],
    "0.5": [
        0.8809523809523809
    ],
    "0.4": [
        0.8775510204081632
    ],
    "0.3": [
        0.863013698630137
    ],
    "0.2": [
        0.8695652173913043
    ],
    "0.1": [
        0.9
    ]
}