{
    "inf": [
        0.6080645161290322
    ],
    "2": [
        0.6080645161290322
    ],
    "1.6": [
        0.6103896103896104
    ],
    "1.5": [
        0.7270531400966184
    ],
    "1.4": [
        0.7605633802816901
    ],
    "1.3": [
        0.7881773399014779
    ],
    "1.2": [
        0.8195488721804511
    ],
    "1.1": [
        0.8297872340425532
    ],
    "0.9": [
        0.9428571428571428
    ],
    "0.8": [
        1.0
    ],
    "0.7": [
        1.0
    ],
    "0.6": [
        1.0
    ],
    "0.5": [
        1.0
    ],
    "0.4": [
        1.0
    ],
    "0.3": [
        1.0
    ],
    "0.2": [
        null
    ],
    "0.1": [
        null
    ]
}