{
    "inf": [
        0.6
    ],
    "2": [
        0.6
    ],
    "1.6": [
        0.6398601398601399
    ],
    "1.5": [
        0.776536312849162
    ],
    "1.4": [
        0.8260869565217391
    ],
    "1.3": [
        0.9629629629629629
    ],
    "1.2": [
        0.9333333333333333
    ],
    "1.1": [
        1.0
    ],
    "0.9": [
        1.0
    ],
    "0.8": [
        null
    ],
    "0.7": [
        null
    ],
    "0.6": [
        null
    ],
    "0.5": [
        null
    ],
    "0.4": [
        null
    ],
    "0.3": [
        null
    ],
    "0.2": [
        null
    ],
    "0.1": [
        null
    ]
}