{
    "inf": [
        0.6096774193548387
    ],
    "2": [
        0.6096774193548387
    ],
    "1.6": [
        0.6229235880398671
    ],
    "1.5": [
        0.7603550295857988
    ],
    "1.4": [
        0.8360655737704918
    ],
    "1.3": [
        0.8411214953271028
    ],
    "1.2": [
        0.8857142857142857
    ],
    "1.1": [
        0.8863636363636364
    ],
    "0.9": [
        0.8461538461538461
    ],
    "0.8": [
        0.6666666666666666
    ],
    "0.7": [
        1.0
    ],
    "0.6": [
        1.0
    ],
    "0.5": [
        1.0
    ],
    "0.4": [
        1.0
    ],
    "0.3": [
        1.0
    ],
    "0.2": [
        1.0
    ],
    "0.1": [
        null
    ]
}