{
    "inf": [
        0.6080645161290322
    ],
    "2": [
        0.6112903225806452
    ],
    "1.6": [
        0.6116504854368932
    ],
    "1.5": [
        0.689727463312369
    ],
    "1.4": [
        0.7391304347826086
    ],
    "1.3": [
        0.7384615384615385
    ],
    "1.2": [
        0.7511961722488039
    ],
    "1.1": [
        0.7756410256410257
    ],
    "0.9": [
        0.7666666666666667
    ],
    "0.8": [
        0.8088235294117647
    ],
    "0.7": [
        0.7755102040816326
    ],
    "0.6": [
        0.7837837837837838
    ],
    "0.5": [
        0.7619047619047619
    ],
    "0.4": [
        0.7272727272727273
    ],
    "0.3": [
        0.6
    ],
    "0.2": [
        1.0
    ],
    "0.1": [
        null
    ]
}