{
    "inf": [
        0.6016129032258064
    ],
    "2": [
        0.5983870967741935
    ],
    "1.6": [
        0.6088379705400983
    ],
    "1.5": [
        0.723404255319149
    ],
    "1.4": [
        0.7659574468085106
    ],
    "1.3": [
        0.8516129032258064
    ],
    "1.2": [
        0.8787878787878788
    ],
    "1.1": [
        0.8955223880597015
    ],
    "0.9": [
        0.9629629629629629
    ],
    "0.8": [
        0.95
    ],
    "0.7": [
        0.9
    ],
    "0.6": [
        0.8333333333333334
    ],
    "0.5": [
        1.0
    ],
    "0.4": [
        1.0
    ],
    "0.3": [
        1.0
    ],
    "0.2": [
        1.0
    ],
    "0.1": [
        null
    ]
}