{
    "inf": [
        0.6112903225806452
    ],
    "2": [
        0.6
    ],
    "1.6": [
        0.6116504854368932
    ],
    "1.5": [
        0.6867469879518072
    ],
    "1.4": [
        0.7379134860050891
    ],
    "1.3": [
        0.7537993920972644
    ],
    "1.2": [
        0.7653846153846153
    ],
    "1.1": [
        0.782608695652174
    ],
    "0.9": [
        0.8292682926829268
    ],
    "0.8": [
        0.8909090909090909
    ],
    "0.7": [
        0.881578947368421
    ],
    "0.6": [
        0.94
    ],
    "0.5": [
        0.972972972972973
    ],
    "0.4": [
        1.0
    ],
    "0.3": [
        1.0
    ],
    "0.2": [
        1.0
    ],
    "0.1": [
        1.0
    ]
}