{
    "inf": [
        0.5967741935483871
    ],
    "2": [
        0.5887096774193549
    ],
    "1.6": [
        0.6136363636363636
    ],
    "1.5": [
        0.6837606837606838
    ],
    "1.4": [
        0.7005813953488372
    ],
    "1.3": [
        0.732
    ],
    "1.2": [
        0.7616580310880829
    ],
    "1.1": [
        0.8057553956834532
    ],
    "0.9": [
        0.8048780487804879
    ],
    "0.8": [
        0.7692307692307693
    ],
    "0.7": [
        0.8
    ],
    "0.6": [
        0.8461538461538461
    ],
    "0.5": [
        0.9166666666666666
    ],
    "0.4": [
        1.0
    ],
    "0.3": [
        1.0
    ],
    "0.2": [
        null
    ],
    "0.1": [
        null
    ]
}