{
    "inf": [
        0.6161290322580645
    ],
    "2": [
        0.603225806451613
    ],
    "1.6": [
        0.6152597402597403
    ],
    "1.5": [
        0.7376093294460642
    ],
    "1.4": [
        0.8121546961325967
    ],
    "1.3": [
        0.8760330578512396
    ],
    "1.2": [
        0.8695652173913043
    ],
    "1.1": [
        0.85
    ],
    "0.9": [
        0.8571428571428571
    ],
    "0.8": [
        1.0
    ],
    "0.7": [
        1.0
    ],
    "0.6": [
        1.0
    ],
    "0.5": [
        null
    ],
    "0.4": [
        null
    ],
    "0.3": [
        null
    ],
    "0.2": [
        null
    ],
    "0.1": [
        null
    ]
}