{
    "inf": [
        0.5919354838709677
    ],
    "2": [
        0.5919354838709677
    ],
    "1.6": [
        0.6164383561643836
    ],
    "1.5": [
        0.7644444444444445
    ],
    "1.4": [
        0.8409090909090909
    ],
    "1.3": [
        0.8947368421052632
    ],
    "1.2": [
        0.9090909090909091
    ],
    "1.1": [
        1.0
    ],
    "0.9": [
        null
    ],
    "0.8": [
        null
    ],
    "0.7": [
        null
    ],
    "0.6": [
        null
    ],
    "0.5": [
        null
    ],
    "0.4": [
        null
    ],
    "0.3": [
        null
    ],
    "0.2": [
        null
    ],
    "0.1": [
        null
    ]
}