{
    "inf": [
        0.603225806451613
    ],
    "2": [
        0.6064516129032258
    ],
    "1.6": [
        0.6206322795341098
    ],
    "1.5": [
        0.7128463476070529
    ],
    "1.4": [
        0.7569721115537849
    ],
    "1.3": [
        0.7909604519774012
    ],
    "1.2": [
        0.7950819672131147
    ],
    "1.1": [
        0.8488372093023255
    ],
    "0.9": [
        0.8444444444444444
    ],
    "0.8": [
        0.8888888888888888
    ],
    "0.7": [
        0.9166666666666666
    ],
    "0.6": [
        1.0
    ],
    "0.5": [
        1.0
    ],
    "0.4": [
        null
    ],
    "0.3": [
        null
    ],
    "0.2": [
        null
    ],
    "0.1": [
        null
    ]
}