{
    "inf": [
        0.6161290322580645
    ],
    "2": [
        0.6161290322580645
    ],
    "1.6": [
        0.6467486818980668
    ],
    "1.5": [
        0.7984496124031008
    ],
    "1.4": [
        0.8043478260869565
    ],
    "1.3": [
        0.85
    ],
    "1.2": [
        0.875
    ],
    "1.1": [
        1.0
    ],
    "0.9": [
        null
    ],
    "0.8": [
        null
    ],
    "0.7": [
        null
    ],
    "0.6": [
        null
    ],
    "0.5": [
        null
    ],
    "0.4": [
        null
    ],
    "0.3": [
        null
    ],
    "0.2": [
        null
    ],
    "0.1": [
        null
    ]
}