{
    "inf": [
        0.6193548387096774
    ],
    "2": [
        0.6225806451612903
    ],
    "1.6": [
        0.6276422764227643
    ],
    "1.5": [
        0.7253886010362695
    ],
    "1.4": [
        0.788135593220339
    ],
    "1.3": [
        0.7924528301886793
    ],
    "1.2": [
        0.794392523364486
    ],
    "1.1": [
        0.8194444444444444
    ],
    "0.9": [
        0.8648648648648649
    ],
    "0.8": [
        0.7727272727272727
    ],
    "0.7": [
        0.8823529411764706
    ],
    "0.6": [
        0.9230769230769231
    ],
    "0.5": [
        1.0
    ],
    "0.4": [
        1.0
    ],
    "0.3": [
        1.0
    ],
    "0.2": [
        null
    ],
    "0.1": [
        null
    ]
}