{
    "inf": [
        0.5967741935483871
    ],
    "2": [
        0.5967741935483871
    ],
    "1.6": [
        0.6629213483146067
    ],
    "1.5": [
        0.8095238095238095
    ],
    "1.4": [
        0.8571428571428571
    ],
    "1.3": [
        1.0
    ],
    "1.2": [
        null
    ],
    "1.1": [
        null
    ],
    "0.9": [
        null
    ],
    "0.8": [
        null
    ],
    "0.7": [
        null
    ],
    "0.6": [
        null
    ],
    "0.5": [
        null
    ],
    "0.4": [
        null
    ],
    "0.3": [
        null
    ],
    "0.2": [
        null
    ],
    "0.1": [
        null
    ]
}