{
    "inf": [
        0.5870967741935483
    ],
    "2": [
        0.5870967741935483
    ],
    "1.6": [
        0.5889967637540453
    ],
    "1.5": [
        0.6976744186046512
    ],
    "1.4": [
        0.7452574525745257
    ],
    "1.3": [
        0.7833935018050542
    ],
    "1.2": [
        0.817351598173516
    ],
    "1.1": [
        0.8816568047337278
    ],
    "0.9": [
        0.8958333333333334
    ],
    "0.8": [
        0.8888888888888888
    ],
    "0.7": [
        0.8518518518518519
    ],
    "0.6": [
        0.8536585365853658
    ],
    "0.5": [
        0.84375
    ],
    "0.4": [
        0.8333333333333334
    ],
    "0.3": [
        0.875
    ],
    "0.2": [
        1.0
    ],
    "0.1": [
        1.0
    ]
}