{
    "inf": [
        0.6
    ],
    "2": [
        0.5983870967741935
    ],
    "1.6": [
        0.5922330097087378
    ],
    "1.5": [
        0.6834170854271356
    ],
    "1.4": [
        0.7335907335907336
    ],
    "1.3": [
        0.7931034482758621
    ],
    "1.2": [
        0.8272727272727273
    ],
    "1.1": [
        0.8461538461538461
    ],
    "0.9": [
        0.9655172413793104
    ],
    "0.8": [
        1.0
    ],
    "0.7": [
        1.0
    ],
    "0.6": [
        1.0
    ],
    "0.5": [
        1.0
    ],
    "0.4": [
        1.0
    ],
    "0.3": [
        null
    ],
    "0.2": [
        null
    ],
    "0.1": [
        null
    ]
}