{
    "inf": [
        0.6016129032258064
    ],
    "2": [
        0.5870967741935483
    ],
    "1.6": [
        0.6009771986970684
    ],
    "1.5": [
        0.6866359447004609
    ],
    "1.4": [
        0.7620689655172413
    ],
    "1.3": [
        0.8048780487804879
    ],
    "1.2": [
        0.8604651162790697
    ],
    "1.1": [
        0.912621359223301
    ],
    "0.9": [
        0.9310344827586207
    ],
    "0.8": [
        1.0
    ],
    "0.7": [
        1.0
    ],
    "0.6": [
        1.0
    ],
    "0.5": [
        1.0
    ],
    "0.4": [
        1.0
    ],
    "0.3": [
        1.0
    ],
    "0.2": [
        null
    ],
    "0.1": [
        null
    ]
}