{
    "inf": [
        0.5661290322580645
    ],
    "2": [
        0.5532258064516129
    ],
    "1.6": [
        0.5746753246753247
    ],
    "1.5": [
        0.668903803131991
    ],
    "1.4": [
        0.6882022471910112
    ],
    "1.3": [
        0.7216117216117216
    ],
    "1.2": [
        0.7433155080213903
    ],
    "1.1": [
        0.704225352112676
    ],
    "0.9": [
        0.75
    ],
    "0.8": [
        0.7543859649122807
    ],
    "0.7": [
        0.6904761904761905
    ],
    "0.6": [
        0.65625
    ],
    "0.5": [
        0.8333333333333334
    ],
    "0.4": [
        0.8888888888888888
    ],
    "0.3": [
        1.0
    ],
    "0.2": [
        null
    ],
    "0.1": [
        null
    ]
}