{
    "inf": [
        0.5903225806451613
    ],
    "2": [
        0.5983870967741935
    ],
    "1.6": [
        0.6142384105960265
    ],
    "1.5": [
        0.7208480565371025
    ],
    "1.4": [
        0.7981651376146789
    ],
    "1.3": [
        0.8070175438596491
    ],
    "1.2": [
        0.8076923076923077
    ],
    "1.1": [
        0.8095238095238095
    ],
    "0.9": [
        1.0
    ],
    "0.8": [
        1.0
    ],
    "0.7": [
        1.0
    ],
    "0.6": [
        null
    ],
    "0.5": [
        null
    ],
    "0.4": [
        null
    ],
    "0.3": [
        null
    ],
    "0.2": [
        null
    ],
    "0.1": [
        null
    ]
}