{
    "inf": [
        0.6709677419354839
    ],
    "2": [
        0.6806451612903226
    ],
    "1.6": [
        0.7176015473887815
    ],
    "1.5": [
        0.7331887201735358
    ],
    "1.4": [
        0.7627118644067796
    ],
    "1.3": [
        0.7721179624664879
    ],
    "1.2": [
        0.774390243902439
    ],
    "1.1": [
        0.7748344370860927
    ],
    "0.9": [
        0.8130434782608695
    ],
    "0.8": [
        0.8341463414634146
    ],
    "0.7": [
        0.8333333333333334
    ],
    "0.6": [
        0.84
    ],
    "0.5": [
        0.8524590163934426
    ],
    "0.4": [
        0.8571428571428571
    ],
    "0.3": [
        0.8732394366197183
    ],
    "0.2": [
        0.8636363636363636
    ],
    "0.1": [
        0.9411764705882353
    ]
}