{
    "inf": [
        0.6209677419354839
    ],
    "2": [
        0.6258064516129033
    ],
    "1.6": [
        0.6296900489396411
    ],
    "1.5": [
        0.7900552486187845
    ],
    "1.4": [
        0.8341013824884793
    ],
    "1.3": [
        0.8832116788321168
    ],
    "1.2": [
        0.9176470588235294
    ],
    "1.1": [
        0.9245283018867925
    ],
    "0.9": [
        1.0
    ],
    "0.8": [
        1.0
    ],
    "0.7": [
        1.0
    ],
    "0.6": [
        1.0
    ],
    "0.5": [
        1.0
    ],
    "0.4": [
        1.0
    ],
    "0.3": [
        1.0
    ],
    "0.2": [
        1.0
    ],
    "0.1": [
        null
    ]
}