{
    "inf": [
        0.6290322580645161
    ],
    "2": [
        0.6193548387096774
    ],
    "1.6": [
        0.666023166023166
    ],
    "1.5": [
        0.6666666666666666
    ],
    "1.4": [
        0.6805194805194805
    ],
    "1.3": [
        0.7021276595744681
    ],
    "1.2": [
        0.7239057239057239
    ],
    "1.1": [
        0.7251908396946565
    ],
    "0.9": [
        0.7437185929648241
    ],
    "0.8": [
        0.8058823529411765
    ],
    "0.7": [
        0.815068493150685
    ],
    "0.6": [
        0.8440366972477065
    ],
    "0.5": [
        0.8780487804878049
    ],
    "0.4": [
        0.9259259259259259
    ],
    "0.3": [
        0.9473684210526315
    ],
    "0.2": [
        0.92
    ],
    "0.1": [
        1.0
    ]
}