{
    "inf": [
        0.5838709677419355
    ],
    "2": [
        0.5838709677419355
    ],
    "1.6": [
        0.6023688663282571
    ],
    "1.5": [
        0.8
    ],
    "1.4": [
        0.8865979381443299
    ],
    "1.3": [
        0.9
    ],
    "1.2": [
        0.9375
    ],
    "1.1": [
        0.9411764705882353
    ],
    "0.9": [
        1.0
    ],
    "0.8": [
        1.0
    ],
    "0.7": [
        1.0
    ],
    "0.6": [
        null
    ],
    "0.5": [
        null
    ],
    "0.4": [
        null
    ],
    "0.3": [
        null
    ],
    "0.2": [
        null
    ],
    "0.1": [
        null
    ]
}