{
    "inf": [
        0.6258064516129033
    ],
    "2": [
        0.6258064516129033
    ],
    "1.6": [
        0.6298701298701299
    ],
    "1.5": [
        0.75
    ],
    "1.4": [
        0.8098159509202454
    ],
    "1.3": [
        0.8347107438016529
    ],
    "1.2": [
        0.8595505617977528
    ],
    "1.1": [
        0.8646616541353384
    ],
    "0.9": [
        0.9154929577464789
    ],
    "0.8": [
        0.9322033898305084
    ],
    "0.7": [
        0.9574468085106383
    ],
    "0.6": [
        0.9666666666666667
    ],
    "0.5": [
        0.9444444444444444
    ],
    "0.4": [
        1.0
    ],
    "0.3": [
        1.0
    ],
    "0.2": [
        1.0
    ],
    "0.1": [
        1.0
    ]
}