{
    "inf": [
        0.6
    ],
    "2": [
        0.5983870967741935
    ],
    "1.6": [
        0.5983870967741935
    ],
    "1.5": [
        0.6283185840707964
    ],
    "1.4": [
        0.6955602536997886
    ],
    "1.3": [
        0.7300771208226221
    ],
    "1.2": [
        0.7411764705882353
    ],
    "1.1": [
        0.7649122807017544
    ],
    "0.9": [
        0.7725118483412322
    ],
    "0.8": [
        0.7865168539325843
    ],
    "0.7": [
        0.8066666666666666
    ],
    "0.6": [
        0.8220338983050848
    ],
    "0.5": [
        0.8571428571428571
    ],
    "0.4": [
        0.8833333333333333
    ],
    "0.3": [
        0.8974358974358975
    ],
    "0.2": [
        0.9411764705882353
    ],
    "0.1": [
        0.8
    ]
}