{
    "inf": [
        0.7016129032258065
    ],
    "2": [
        0.6935483870967742
    ],
    "1.6": [
        0.7429718875502008
    ],
    "1.5": [
        0.7585421412300684
    ],
    "1.4": [
        0.7760416666666666
    ],
    "1.3": [
        0.7942028985507247
    ],
    "1.2": [
        0.7894736842105263
    ],
    "1.1": [
        0.8174904942965779
    ],
    "0.9": [
        0.8333333333333334
    ],
    "0.8": [
        0.8351648351648352
    ],
    "0.7": [
        0.8376623376623377
    ],
    "0.6": [
        0.8515625
    ],
    "0.5": [
        0.8627450980392157
    ],
    "0.4": [
        0.8837209302325582
    ],
    "0.3": [
        0.9074074074074074
    ],
    "0.2": [
        0.8823529411764706
    ],
    "0.1": [
        1.0
    ]
}