{
    "inf": [
        0.6112903225806452
    ],
    "2": [
        0.603225806451613
    ],
    "1.6": [
        0.6131147540983607
    ],
    "1.5": [
        0.7033898305084746
    ],
    "1.4": [
        0.771117166212534
    ],
    "1.3": [
        0.7811447811447811
    ],
    "1.2": [
        0.8050847457627118
    ],
    "1.1": [
        0.82
    ],
    "0.9": [
        0.8240740740740741
    ],
    "0.8": [
        0.8641975308641975
    ],
    "0.7": [
        0.8703703703703703
    ],
    "0.6": [
        0.9743589743589743
    ],
    "0.5": [
        0.9583333333333334
    ],
    "0.4": [
        1.0
    ],
    "0.3": [
        1.0
    ],
    "0.2": [
        1.0
    ],
    "0.1": [
        1.0
    ]
}