{
    "inf": [
        0.6596774193548387
    ],
    "2": [
        0.6548387096774193
    ],
    "1.6": [
        0.703187250996016
    ],
    "1.5": [
        0.7076566125290024
    ],
    "1.4": [
        0.7131367292225201
    ],
    "1.3": [
        0.7443365695792881
    ],
    "1.2": [
        0.7602996254681648
    ],
    "1.1": [
        0.7767441860465116
    ],
    "0.9": [
        0.8048780487804879
    ],
    "0.8": [
        0.837037037037037
    ],
    "0.7": [
        0.8611111111111112
    ],
    "0.6": [
        0.8690476190476191
    ],
    "0.5": [
        0.8656716417910447
    ],
    "0.4": [
        0.8367346938775511
    ],
    "0.3": [
        0.9375
    ],
    "0.2": [
        1.0
    ],
    "0.1": [
        1.0
    ]
}