{
    "inf": [
        0.5870967741935483
    ],
    "2": [
        0.5870967741935483
    ],
    "1.6": [
        0.5933884297520661
    ],
    "1.5": [
        0.71875
    ],
    "1.4": [
        0.7217391304347827
    ],
    "1.3": [
        0.7857142857142857
    ],
    "1.2": [
        0.7586206896551724
    ],
    "1.1": [
        0.7966101694915254
    ],
    "0.9": [
        0.8333333333333334
    ],
    "0.8": [
        0.9166666666666666
    ],
    "0.7": [
        1.0
    ],
    "0.6": [
        1.0
    ],
    "0.5": [
        null
    ],
    "0.4": [
        null
    ],
    "0.3": [
        null
    ],
    "0.2": [
        null
    ],
    "0.1": [
        null
    ]
}