{
    "inf": [
        0.6258064516129033
    ],
    "2": [
        0.6258064516129033
    ],
    "1.6": [
        0.6258064516129033
    ],
    "1.5": [
        0.7109704641350211
    ],
    "1.4": [
        0.7746031746031746
    ],
    "1.3": [
        0.8168316831683168
    ],
    "1.2": [
        0.8768115942028986
    ],
    "1.1": [
        0.8775510204081632
    ],
    "0.9": [
        0.9423076923076923
    ],
    "0.8": [
        0.9444444444444444
    ],
    "0.7": [
        0.9615384615384616
    ],
    "0.6": [
        1.0
    ],
    "0.5": [
        1.0
    ],
    "0.4": [
        1.0
    ],
    "0.3": [
        1.0
    ],
    "0.2": [
        1.0
    ],
    "0.1": [
        1.0
    ]
}