{
    "inf": [
        0.6854838709677419
    ],
    "2": [
        0.6919354838709677
    ],
    "1.6": [
        0.724007561436673
    ],
    "1.5": [
        0.7370600414078675
    ],
    "1.4": [
        0.7540229885057471
    ],
    "1.3": [
        0.7662337662337663
    ],
    "1.2": [
        0.7735294117647059
    ],
    "1.1": [
        0.7896440129449838
    ],
    "0.9": [
        0.805668016194332
    ],
    "0.8": [
        0.8165137614678899
    ],
    "0.7": [
        0.8134715025906736
    ],
    "0.6": [
        0.8323699421965318
    ],
    "0.5": [
        0.84
    ],
    "0.4": [
        0.8583333333333333
    ],
    "0.3": [
        0.8817204301075269
    ],
    "0.2": [
        0.9090909090909091
    ],
    "0.1": [
        0.9310344827586207
    ]
}