{
    "inf": [
        0.6064516129032258
    ],
    "2": [
        0.6129032258064516
    ],
    "1.6": [
        0.6213921901528013
    ],
    "1.5": [
        0.796875
    ],
    "1.4": [
        0.8970588235294118
    ],
    "1.3": [
        0.925
    ],
    "1.2": [
        0.9523809523809523
    ],
    "1.1": [
        0.7142857142857143
    ],
    "0.9": [
        1.0
    ],
    "0.8": [
        1.0
    ],
    "0.7": [
        null
    ],
    "0.6": [
        1.0
    ],
    "0.5": [
        null
    ],
    "0.4": [
        1.0
    ],
    "0.3": [
        null
    ],
    "0.2": [
        null
    ],
    "0.1": [
        null
    ]
}