{
    "inf": [
        0.6370967741935484
    ],
    "2": [
        0.635483870967742
    ],
    "1.6": [
        0.70509977827051
    ],
    "1.5": [
        0.7397959183673469
    ],
    "1.4": [
        0.7317073170731707
    ],
    "1.3": [
        0.7563636363636363
    ],
    "1.2": [
        0.7735042735042735
    ],
    "1.1": [
        0.7931034482758621
    ],
    "0.9": [
        0.7986111111111112
    ],
    "0.8": [
        0.8264462809917356
    ],
    "0.7": [
        0.8571428571428571
    ],
    "0.6": [
        0.8831168831168831
    ],
    "0.5": [
        0.8688524590163934
    ],
    "0.4": [
        0.8636363636363636
    ],
    "0.3": [
        0.8666666666666667
    ],
    "0.2": [
        0.9166666666666666
    ],
    "0.1": [
        1.0
    ]
}