{
    "inf": [
        0.6
    ],
    "2": [
        0.6016129032258064
    ],
    "1.6": [
        0.6101973684210527
    ],
    "1.5": [
        0.6776315789473685
    ],
    "1.4": [
        0.7522388059701492
    ],
    "1.3": [
        0.7529411764705882
    ],
    "1.2": [
        0.7447916666666666
    ],
    "1.1": [
        0.7935483870967742
    ],
    "0.9": [
        0.8909090909090909
    ],
    "0.8": [
        0.8809523809523809
    ],
    "0.7": [
        0.9333333333333333
    ],
    "0.6": [
        1.0
    ],
    "0.5": [
        1.0
    ],
    "0.4": [
        1.0
    ],
    "0.3": [
        null
    ],
    "0.2": [
        null
    ],
    "0.1": [
        null
    ]
}