{
    "inf": [
        0.6048387096774194
    ],
    "2": [
        0.6048387096774194
    ],
    "1.6": [
        0.6151315789473685
    ],
    "1.5": [
        0.7192513368983957
    ],
    "1.4": [
        0.7897196261682243
    ],
    "1.3": [
        0.8527131782945736
    ],
    "1.2": [
        0.9
    ],
    "1.1": [
        0.9642857142857143
    ],
    "0.9": [
        1.0
    ],
    "0.8": [
        1.0
    ],
    "0.7": [
        1.0
    ],
    "0.6": [
        1.0
    ],
    "0.5": [
        1.0
    ],
    "0.4": [
        1.0
    ],
    "0.3": [
        1.0
    ],
    "0.2": [
        1.0
    ],
    "0.1": [
        1.0
    ]
}