{
    "inf": [
        0.6161290322580645
    ],
    "2": [
        0.617741935483871
    ],
    "1.6": [
        0.6256077795786061
    ],
    "1.5": [
        0.7016129032258065
    ],
    "1.4": [
        0.7292161520190024
    ],
    "1.3": [
        0.7863501483679525
    ],
    "1.2": [
        0.7985074626865671
    ],
    "1.1": [
        0.7816593886462883
    ],
    "0.9": [
        0.7785234899328859
    ],
    "0.8": [
        0.74
    ],
    "0.7": [
        0.7631578947368421
    ],
    "0.6": [
        0.7555555555555555
    ],
    "0.5": [
        0.8333333333333334
    ],
    "0.4": [
        0.8181818181818182
    ],
    "0.3": [
        0.8333333333333334
    ],
    "0.2": [
        1.0
    ],
    "0.1": [
        1.0
    ]
}