{
    "inf": [
        0.6838709677419355
    ],
    "2": [
        0.6806451612903226
    ],
    "1.6": [
        0.71875
    ],
    "1.5": [
        0.7355371900826446
    ],
    "1.4": [
        0.7476635514018691
    ],
    "1.3": [
        0.7745358090185677
    ],
    "1.2": [
        0.7764350453172205
    ],
    "1.1": [
        0.8070175438596491
    ],
    "0.9": [
        0.8373205741626795
    ],
    "0.8": [
        0.8415300546448088
    ],
    "0.7": [
        0.8653846153846154
    ],
    "0.6": [
        0.859375
    ],
    "0.5": [
        0.8686868686868687
    ],
    "0.4": [
        0.9324324324324325
    ],
    "0.3": [
        0.92
    ],
    "0.2": [
        0.9
    ],
    "0.1": [
        1.0
    ]
}