{
    "inf": [
        0.6048387096774194
    ],
    "2": [
        0.6048387096774194
    ],
    "1.6": [
        0.6097560975609756
    ],
    "1.5": [
        0.7107061503416856
    ],
    "1.4": [
        0.754601226993865
    ],
    "1.3": [
        0.7833333333333333
    ],
    "1.2": [
        0.797752808988764
    ],
    "1.1": [
        0.8548387096774194
    ],
    "0.9": [
        0.8888888888888888
    ],
    "0.8": [
        0.8775510204081632
    ],
    "0.7": [
        0.8378378378378378
    ],
    "0.6": [
        1.0
    ],
    "0.5": [
        1.0
    ],
    "0.4": [
        1.0
    ],
    "0.3": [
        1.0
    ],
    "0.2": [
        1.0
    ],
    "0.1": [
        1.0
    ]
}