{
    "inf": [
        0.6225806451612903
    ],
    "2": [
        0.6241935483870967
    ],
    "1.6": [
        0.6282467532467533
    ],
    "1.5": [
        0.7306791569086651
    ],
    "1.4": [
        0.7601476014760148
    ],
    "1.3": [
        0.8181818181818182
    ],
    "1.2": [
        0.8484848484848485
    ],
    "1.1": [
        0.8764044943820225
    ],
    "0.9": [
        0.972972972972973
    ],
    "0.8": [
        1.0
    ],
    "0.7": [
        1.0
    ],
    "0.6": [
        1.0
    ],
    "0.5": [
        1.0
    ],
    "0.4": [
        1.0
    ],
    "0.3": [
        1.0
    ],
    "0.2": [
        1.0
    ],
    "0.1": [
        1.0
    ]
}