{
    "inf": [
        0.6774193548387096
    ],
    "2": [
        0.6661290322580645
    ],
    "1.6": [
        0.7032136105860114
    ],
    "1.5": [
        0.7139737991266376
    ],
    "1.4": [
        0.7384615384615385
    ],
    "1.3": [
        0.7477477477477478
    ],
    "1.2": [
        0.7551724137931034
    ],
    "1.1": [
        0.7619047619047619
    ],
    "0.9": [
        0.7906976744186046
    ],
    "0.8": [
        0.7622377622377622
    ],
    "0.7": [
        0.7837837837837838
    ],
    "0.6": [
        0.7777777777777778
    ],
    "0.5": [
        0.7631578947368421
    ],
    "0.4": [
        0.7254901960784313
    ],
    "0.3": [
        0.7352941176470589
    ],
    "0.2": [
        0.9090909090909091
    ],
    "0.1": [
        1.0
    ]
}