{
    "inf": [
        0.6209677419354839
    ],
    "2": [
        0.6209677419354839
    ],
    "1.6": [
        0.6351351351351351
    ],
    "1.5": [
        0.8073394495412844
    ],
    "1.4": [
        0.8543689320388349
    ],
    "1.3": [
        0.8392857142857143
    ],
    "1.2": [
        0.8846153846153846
    ],
    "1.1": [
        0.8571428571428571
    ],
    "0.9": [
        1.0
    ],
    "0.8": [
        1.0
    ],
    "0.7": [
        1.0
    ],
    "0.6": [
        1.0
    ],
    "0.5": [
        1.0
    ],
    "0.4": [
        null
    ],
    "0.3": [
        null
    ],
    "0.2": [
        null
    ],
    "0.1": [
        null
    ]
}