{
    "inf": [
        0.5806451612903226
    ],
    "2": [
        0.5806451612903226
    ],
    "1.6": [
        0.5909849749582637
    ],
    "1.5": [
        0.725
    ],
    "1.4": [
        0.7352941176470589
    ],
    "1.3": [
        0.8333333333333334
    ],
    "1.2": [
        0.8181818181818182
    ],
    "1.1": [
        0.9444444444444444
    ],
    "0.9": [
        1.0
    ],
    "0.8": [
        1.0
    ],
    "0.7": [
        null
    ],
    "0.6": [
        null
    ],
    "0.5": [
        null
    ],
    "0.4": [
        null
    ],
    "0.3": [
        null
    ],
    "0.2": [
        null
    ],
    "0.1": [
        null
    ]
}