{
    "inf": [
        0.617741935483871
    ],
    "2": [
        0.617741935483871
    ],
    "1.6": [
        0.6297520661157024
    ],
    "1.5": [
        0.7586206896551724
    ],
    "1.4": [
        0.81875
    ],
    "1.3": [
        0.8117647058823529
    ],
    "1.2": [
        0.8571428571428571
    ],
    "1.1": [
        0.7777777777777778
    ],
    "0.9": [
        0.6666666666666666
    ],
    "0.8": [
        0.6666666666666666
    ],
    "0.7": [
        null
    ],
    "0.6": [
        null
    ],
    "0.5": [
        null
    ],
    "0.4": [
        null
    ],
    "0.3": [
        null
    ],
    "0.2": [
        null
    ],
    "0.1": [
        null
    ]
}