{
    "inf": [
        0.617741935483871
    ],
    "2": [
        0.6225806451612903
    ],
    "1.6": [
        0.6278688524590164
    ],
    "1.5": [
        0.7532133676092545
    ],
    "1.4": [
        0.7805907172995781
    ],
    "1.3": [
        0.8275862068965517
    ],
    "1.2": [
        0.8850574712643678
    ],
    "1.1": [
        0.9473684210526315
    ],
    "0.9": [
        1.0
    ],
    "0.8": [
        1.0
    ],
    "0.7": [
        1.0
    ],
    "0.6": [
        1.0
    ],
    "0.5": [
        1.0
    ],
    "0.4": [
        1.0
    ],
    "0.3": [
        null
    ],
    "0.2": [
        null
    ],
    "0.1": [
        null
    ]
}