{
    "inf": [
        0.6693548387096774
    ],
    "2": [
        0.6741935483870968
    ],
    "1.6": [
        0.6916058394160584
    ],
    "1.5": [
        0.7142857142857143
    ],
    "1.4": [
        0.7171945701357466
    ],
    "1.3": [
        0.7350649350649351
    ],
    "1.2": [
        0.7478510028653295
    ],
    "1.1": [
        0.7651006711409396
    ],
    "0.9": [
        0.7748917748917749
    ],
    "0.8": [
        0.8177339901477833
    ],
    "0.7": [
        0.8392857142857143
    ],
    "0.6": [
        0.8590604026845637
    ],
    "0.5": [
        0.872
    ],
    "0.4": [
        0.87
    ],
    "0.3": [
        0.8701298701298701
    ],
    "0.2": [
        0.8679245283018868
    ],
    "0.1": [
        1.0
    ]
}