{
    "inf": [
        0.5887096774193549
    ],
    "2": [
        0.5887096774193549
    ],
    "1.6": [
        0.5880452342487884
    ],
    "1.5": [
        0.672514619883041
    ],
    "1.4": [
        0.7070217917675545
    ],
    "1.3": [
        0.7413249211356467
    ],
    "1.2": [
        0.7707509881422925
    ],
    "1.1": [
        0.7836538461538461
    ],
    "0.9": [
        0.8145161290322581
    ],
    "0.8": [
        0.8426966292134831
    ],
    "0.7": [
        0.8493150684931506
    ],
    "0.6": [
        0.8363636363636363
    ],
    "0.5": [
        0.8974358974358975
    ],
    "0.4": [
        0.9130434782608695
    ],
    "0.3": [
        1.0
    ],
    "0.2": [
        1.0
    ],
    "0.1": [
        null
    ]
}