{
    "inf": [
        0.6564516129032258
    ],
    "2": [
        0.6564516129032258
    ],
    "1.6": [
        0.7013487475915221
    ],
    "1.5": [
        0.7299107142857143
    ],
    "1.4": [
        0.7594594594594595
    ],
    "1.3": [
        0.7904761904761904
    ],
    "1.2": [
        0.8066914498141264
    ],
    "1.1": [
        0.8078602620087336
    ],
    "0.9": [
        0.8372093023255814
    ],
    "0.8": [
        0.8486842105263158
    ],
    "0.7": [
        0.8790322580645161
    ],
    "0.6": [
        0.8785046728971962
    ],
    "0.5": [
        0.8837209302325582
    ],
    "0.4": [
        0.8852459016393442
    ],
    "0.3": [
        0.8723404255319149
    ],
    "0.2": [
        0.8709677419354839
    ],
    "0.1": [
        0.8888888888888888
    ]
}