{
    "inf": [
        0.6290322580645161
    ],
    "2": [
        0.6290322580645161
    ],
    "1.6": [
        0.6356209150326797
    ],
    "1.5": [
        0.7619047619047619
    ],
    "1.4": [
        0.8129770992366412
    ],
    "1.3": [
        0.8268156424581006
    ],
    "1.2": [
        0.8571428571428571
    ],
    "1.1": [
        0.9146341463414634
    ],
    "0.9": [
        0.9142857142857143
    ],
    "0.8": [
        0.92
    ],
    "0.7": [
        0.9375
    ],
    "0.6": [
        0.9090909090909091
    ],
    "0.5": [
        0.8571428571428571
    ],
    "0.4": [
        1.0
    ],
    "0.3": [
        1.0
    ],
    "0.2": [
        1.0
    ],
    "0.1": [
        null
    ]
}