{
    "inf": [
        0.6370967741935484
    ],
    "2": [
        0.6435483870967742
    ],
    "1.6": [
        0.6596558317399618
    ],
    "1.5": [
        0.6893424036281179
    ],
    "1.4": [
        0.7189189189189189
    ],
    "1.3": [
        0.7308868501529052
    ],
    "1.2": [
        0.7491408934707904
    ],
    "1.1": [
        0.7401574803149606
    ],
    "0.9": [
        0.8031914893617021
    ],
    "0.8": [
        0.8035714285714286
    ],
    "0.7": [
        0.8260869565217391
    ],
    "0.6": [
        0.8547008547008547
    ],
    "0.5": [
        0.8709677419354839
    ],
    "0.4": [
        0.9054054054054054
    ],
    "0.3": [
        0.9183673469387755
    ],
    "0.2": [
        0.875
    ],
    "0.1": [
        0.8888888888888888
    ]
}