{
    "inf": [
        0.6225806451612903
    ],
    "2": [
        0.6258064516129033
    ],
    "1.6": [
        0.6280587275693311
    ],
    "1.5": [
        0.7220956719817767
    ],
    "1.4": [
        0.767515923566879
    ],
    "1.3": [
        0.820627802690583
    ],
    "1.2": [
        0.8343558282208589
    ],
    "1.1": [
        0.8852459016393442
    ],
    "0.9": [
        0.9047619047619048
    ],
    "0.8": [
        0.925
    ],
    "0.7": [
        0.8846153846153846
    ],
    "0.6": [
        0.9166666666666666
    ],
    "0.5": [
        1.0
    ],
    "0.4": [
        1.0
    ],
    "0.3": [
        1.0
    ],
    "0.2": [
        null
    ],
    "0.1": [
        null
    ]
}