{
    "inf": [
        0.6758064516129032
    ],
    "2": [
        0.6854838709677419
    ],
    "1.6": [
        0.7170542635658915
    ],
    "1.5": [
        0.7450980392156863
    ],
    "1.4": [
        0.7688311688311689
    ],
    "1.3": [
        0.7631578947368421
    ],
    "1.2": [
        0.7967741935483871
    ],
    "1.1": [
        0.828125
    ],
    "0.9": [
        0.8477157360406091
    ],
    "0.8": [
        0.8834355828220859
    ],
    "0.7": [
        0.8936170212765957
    ],
    "0.6": [
        0.9327731092436975
    ],
    "0.5": [
        0.9393939393939394
    ],
    "0.4": [
        0.9444444444444444
    ],
    "0.3": [
        0.9375
    ],
    "0.2": [
        0.9375
    ],
    "0.1": [
        1.0
    ]
}