{
    "inf": [
        0.6193548387096774
    ],
    "2": [
        0.6241935483870967
    ],
    "1.6": [
        0.6334991708126037
    ],
    "1.5": [
        0.7743362831858407
    ],
    "1.4": [
        0.8514851485148515
    ],
    "1.3": [
        0.875
    ],
    "1.2": [
        0.9310344827586207
    ],
    "1.1": [
        1.0
    ],
    "0.9": [
        1.0
    ],
    "0.8": [
        1.0
    ],
    "0.7": [
        1.0
    ],
    "0.6": [
        null
    ],
    "0.5": [
        null
    ],
    "0.4": [
        null
    ],
    "0.3": [
        null
    ],
    "0.2": [
        null
    ],
    "0.1": [
        null
    ]
}