{
    "inf": [
        0.5983870967741935
    ],
    "2": [
        0.582258064516129
    ],
    "1.6": [
        0.5846905537459284
    ],
    "1.5": [
        0.6407766990291263
    ],
    "1.4": [
        0.7095115681233933
    ],
    "1.3": [
        0.7507987220447284
    ],
    "1.2": [
        0.7695473251028807
    ],
    "1.1": [
        0.7887323943661971
    ],
    "0.9": [
        0.768
    ],
    "0.8": [
        0.839622641509434
    ],
    "0.7": [
        0.8805970149253731
    ],
    "0.6": [
        0.9056603773584906
    ],
    "0.5": [
        0.9142857142857143
    ],
    "0.4": [
        1.0
    ],
    "0.3": [
        1.0
    ],
    "0.2": [
        1.0
    ],
    "0.1": [
        null
    ]
}