{
    "inf": [
        0.6016129032258064
    ],
    "2": [
        0.6016129032258064
    ],
    "1.6": [
        0.6032520325203252
    ],
    "1.5": [
        0.7004830917874396
    ],
    "1.4": [
        0.7316176470588235
    ],
    "1.3": [
        0.7631578947368421
    ],
    "1.2": [
        0.7906976744186046
    ],
    "1.1": [
        0.8023255813953488
    ],
    "0.9": [
        0.85
    ],
    "0.8": [
        0.95
    ],
    "0.7": [
        0.8888888888888888
    ],
    "0.6": [
        1.0
    ],
    "0.5": [
        1.0
    ],
    "0.4": [
        1.0
    ],
    "0.3": [
        1.0
    ],
    "0.2": [
        null
    ],
    "0.1": [
        null
    ]
}