{
    "inf": [
        0.5564516129032258
    ],
    "2": [
        0.5548387096774193
    ],
    "1.6": [
        0.5494327390599676
    ],
    "1.5": [
        0.6145038167938931
    ],
    "1.4": [
        0.6554054054054054
    ],
    "1.3": [
        0.6991404011461319
    ],
    "1.2": [
        0.7649253731343284
    ],
    "1.1": [
        0.7853881278538812
    ],
    "0.9": [
        0.8014184397163121
    ],
    "0.8": [
        0.8108108108108109
    ],
    "0.7": [
        0.8172043010752689
    ],
    "0.6": [
        0.8607594936708861
    ],
    "0.5": [
        0.8292682926829268
    ],
    "0.4": [
        0.9166666666666666
    ],
    "0.3": [
        0.9333333333333333
    ],
    "0.2": [
        1.0
    ],
    "0.1": [
        null
    ]
}