{
    "inf": [
        0.5935483870967742
    ],
    "2": [
        0.6
    ],
    "1.6": [
        0.5935483870967742
    ],
    "1.5": [
        0.6274165202108963
    ],
    "1.4": [
        0.6487025948103793
    ],
    "1.3": [
        0.6729857819905213
    ],
    "1.2": [
        0.7005494505494505
    ],
    "1.1": [
        0.7075471698113207
    ],
    "0.9": [
        0.7684729064039408
    ],
    "0.8": [
        0.803680981595092
    ],
    "0.7": [
        0.8283582089552238
    ],
    "0.6": [
        0.8532110091743119
    ],
    "0.5": [
        0.8472222222222222
    ],
    "0.4": [
        0.8909090909090909
    ],
    "0.3": [
        0.9375
    ],
    "0.2": [
        1.0
    ],
    "0.1": [
        1.0
    ]
}