{
    "inf": [
        0.5612903225806452
    ],
    "2": [
        0.5612903225806452
    ],
    "1.6": [
        0.564935064935065
    ],
    "1.5": [
        0.6199261992619927
    ],
    "1.4": [
        0.6645833333333333
    ],
    "1.3": [
        0.7100737100737101
    ],
    "1.2": [
        0.7312138728323699
    ],
    "1.1": [
        0.7614035087719299
    ],
    "0.9": [
        0.783068783068783
    ],
    "0.8": [
        0.79375
    ],
    "0.7": [
        0.8319327731092437
    ],
    "0.6": [
        0.8210526315789474
    ],
    "0.5": [
        0.8088235294117647
    ],
    "0.4": [
        0.88
    ],
    "0.3": [
        0.896551724137931
    ],
    "0.2": [
        0.8823529411764706
    ],
    "0.1": [
        1.0
    ]
}