{
    "inf": [
        0.5903225806451613
    ],
    "2": [
        0.5887096774193549
    ],
    "1.6": [
        0.5903225806451613
    ],
    "1.5": [
        0.6612903225806451
    ],
    "1.4": [
        0.7101063829787234
    ],
    "1.3": [
        0.7525083612040134
    ],
    "1.2": [
        0.7521008403361344
    ],
    "1.1": [
        0.7759562841530054
    ],
    "0.9": [
        0.808695652173913
    ],
    "0.8": [
        0.8555555555555555
    ],
    "0.7": [
        0.8923076923076924
    ],
    "0.6": [
        0.8979591836734694
    ],
    "0.5": [
        0.8857142857142857
    ],
    "0.4": [
        0.8888888888888888
    ],
    "0.3": [
        1.0
    ],
    "0.2": [
        1.0
    ],
    "0.1": [
        null
    ]
}