{
    "inf": [
        0.617741935483871
    ],
    "2": [
        0.617741935483871
    ],
    "1.6": [
        0.6178861788617886
    ],
    "1.5": [
        0.7968253968253968
    ],
    "1.4": [
        0.8888888888888888
    ],
    "1.3": [
        0.8859649122807017
    ],
    "1.2": [
        0.9152542372881356
    ],
    "1.1": [
        0.9090909090909091
    ],
    "0.9": [
        1.0
    ],
    "0.8": [
        1.0
    ],
    "0.7": [
        1.0
    ],
    "0.6": [
        1.0
    ],
    "0.5": [
        1.0
    ],
    "0.4": [
        1.0
    ],
    "0.3": [
        null
    ],
    "0.2": [
        null
    ],
    "0.1": [
        null
    ]
}