{
    "inf": [
        0.6435483870967742
    ],
    "2": [
        0.6435483870967742
    ],
    "1.6": [
        0.6529605263157895
    ],
    "1.5": [
        0.8202614379084967
    ],
    "1.4": [
        0.8766233766233766
    ],
    "1.3": [
        0.8977272727272727
    ],
    "1.2": [
        0.9423076923076923
    ],
    "1.1": [
        0.9615384615384616
    ],
    "0.9": [
        1.0
    ],
    "0.8": [
        1.0
    ],
    "0.7": [
        1.0
    ],
    "0.6": [
        1.0
    ],
    "0.5": [
        1.0
    ],
    "0.4": [
        null
    ],
    "0.3": [
        null
    ],
    "0.2": [
        null
    ],
    "0.1": [
        null
    ]
}