{
    "inf": [
        0.603225806451613
    ],
    "2": [
        0.603225806451613
    ],
    "1.6": [
        0.6101141924959217
    ],
    "1.5": [
        0.7158351409978309
    ],
    "1.4": [
        0.7542372881355932
    ],
    "1.3": [
        0.7706093189964157
    ],
    "1.2": [
        0.8
    ],
    "1.1": [
        0.8193548387096774
    ],
    "0.9": [
        0.8791208791208791
    ],
    "0.8": [
        0.8695652173913043
    ],
    "0.7": [
        0.8653846153846154
    ],
    "0.6": [
        0.8235294117647058
    ],
    "0.5": [
        0.7916666666666666
    ],
    "0.4": [
        0.7142857142857143
    ],
    "0.3": [
        0.6666666666666666
    ],
    "0.2": [
        1.0
    ],
    "0.1": [
        null
    ]
}