{
    "inf": [
        0.6370967741935484
    ],
    "2": [
        0.635483870967742
    ],
    "1.6": [
        0.6427406199021207
    ],
    "1.5": [
        0.7586206896551724
    ],
    "1.4": [
        0.8254716981132075
    ],
    "1.3": [
        0.8507462686567164
    ],
    "1.2": [
        0.8936170212765957
    ],
    "1.1": [
        0.9142857142857143
    ],
    "0.9": [
        0.96875
    ],
    "0.8": [
        1.0
    ],
    "0.7": [
        1.0
    ],
    "0.6": [
        1.0
    ],
    "0.5": [
        1.0
    ],
    "0.4": [
        1.0
    ],
    "0.3": [
        1.0
    ],
    "0.2": [
        1.0
    ],
    "0.1": [
        null
    ]
}