{
    "inf": [
        0.582258064516129
    ],
    "2": [
        0.5725806451612904
    ],
    "1.6": [
        0.5741935483870968
    ],
    "1.5": [
        0.6254545454545455
    ],
    "1.4": [
        0.6872037914691943
    ],
    "1.3": [
        0.7052341597796143
    ],
    "1.2": [
        0.7372013651877133
    ],
    "1.1": [
        0.7379912663755459
    ],
    "0.9": [
        0.7866666666666666
    ],
    "0.8": [
        0.7652173913043478
    ],
    "0.7": [
        0.7529411764705882
    ],
    "0.6": [
        0.7
    ],
    "0.5": [
        0.8421052631578947
    ],
    "0.4": [
        0.9
    ],
    "0.3": [
        0.8461538461538461
    ],
    "0.2": [
        1.0
    ],
    "0.1": [
        null
    ]
}