{
    "inf": [
        0.632258064516129
    ],
    "2": [
        0.6338709677419355
    ],
    "1.6": [
        0.6412337662337663
    ],
    "1.5": [
        0.7674418604651163
    ],
    "1.4": [
        0.8181818181818182
    ],
    "1.3": [
        0.8486238532110092
    ],
    "1.2": [
        0.8466257668711656
    ],
    "1.1": [
        0.8916666666666667
    ],
    "0.9": [
        0.9642857142857143
    ],
    "0.8": [
        1.0
    ],
    "0.7": [
        1.0
    ],
    "0.6": [
        1.0
    ],
    "0.5": [
        1.0
    ],
    "0.4": [
        1.0
    ],
    "0.3": [
        1.0
    ],
    "0.2": [
        1.0
    ],
    "0.1": [
        1.0
    ]
}