{
    "inf": [
        0.6258064516129033
    ],
    "2": [
        0.6274193548387097
    ],
    "1.6": [
        0.6252019386106623
    ],
    "1.5": [
        0.7462365591397849
    ],
    "1.4": [
        0.7678100263852242
    ],
    "1.3": [
        0.793918918918919
    ],
    "1.2": [
        0.8017241379310345
    ],
    "1.1": [
        0.8255813953488372
    ],
    "0.9": [
        0.883495145631068
    ],
    "0.8": [
        0.9154929577464789
    ],
    "0.7": [
        0.9607843137254902
    ],
    "0.6": [
        0.9473684210526315
    ],
    "0.5": [
        0.9615384615384616
    ],
    "0.4": [
        1.0
    ],
    "0.3": [
        1.0
    ],
    "0.2": [
        1.0
    ],
    "0.1": [
        1.0
    ]
}