{
    "inf": [
        0.6290322580645161
    ],
    "2": [
        0.6290322580645161
    ],
    "1.6": [
        0.6314935064935064
    ],
    "1.5": [
        0.7009708737864078
    ],
    "1.4": [
        0.745679012345679
    ],
    "1.3": [
        0.7689873417721519
    ],
    "1.2": [
        0.7692307692307693
    ],
    "1.1": [
        0.7815533980582524
    ],
    "0.9": [
        0.8347826086956521
    ],
    "0.8": [
        0.8375
    ],
    "0.7": [
        0.8070175438596491
    ],
    "0.6": [
        0.7777777777777778
    ],
    "0.5": [
        0.7692307692307693
    ],
    "0.4": [
        0.7333333333333333
    ],
    "0.3": [
        0.75
    ],
    "0.2": [
        0.75
    ],
    "0.1": [
        0.5
    ]
}