{
    "inf": [
        0.5903225806451613
    ],
    "2": [
        0.5854838709677419
    ],
    "1.6": [
        0.5919354838709677
    ],
    "1.5": [
        0.65
    ],
    "1.4": [
        0.7156862745098039
    ],
    "1.3": [
        0.7227138643067846
    ],
    "1.2": [
        0.7338129496402878
    ],
    "1.1": [
        0.7559808612440191
    ],
    "0.9": [
        0.7925925925925926
    ],
    "0.8": [
        0.8264462809917356
    ],
    "0.7": [
        0.797752808988764
    ],
    "0.6": [
        0.8656716417910447
    ],
    "0.5": [
        0.9130434782608695
    ],
    "0.4": [
        0.8823529411764706
    ],
    "0.3": [
        0.8888888888888888
    ],
    "0.2": [
        0.7142857142857143
    ],
    "0.1": [
        1.0
    ]
}