{
    "inf": [
        0.6241935483870967
    ],
    "2": [
        0.6274193548387097
    ],
    "1.6": [
        0.6304700162074555
    ],
    "1.5": [
        0.6854990583804144
    ],
    "1.4": [
        0.7320261437908496
    ],
    "1.3": [
        0.7642487046632125
    ],
    "1.2": [
        0.7798165137614679
    ],
    "1.1": [
        0.784452296819788
    ],
    "0.9": [
        0.8206521739130435
    ],
    "0.8": [
        0.8028169014084507
    ],
    "0.7": [
        0.8348623853211009
    ],
    "0.6": [
        0.8690476190476191
    ],
    "0.5": [
        0.8571428571428571
    ],
    "0.4": [
        0.8536585365853658
    ],
    "0.3": [
        0.96
    ],
    "0.2": [
        1.0
    ],
    "0.1": [
        1.0
    ]
}