{
    "inf": [
        0.632258064516129
    ],
    "2": [
        0.6306451612903226
    ],
    "1.6": [
        0.6446700507614214
    ],
    "1.5": [
        0.8075471698113208
    ],
    "1.4": [
        0.8571428571428571
    ],
    "1.3": [
        0.9125
    ],
    "1.2": [
        0.9444444444444444
    ],
    "1.1": [
        0.9047619047619048
    ],
    "0.9": [
        1.0
    ],
    "0.8": [
        1.0
    ],
    "0.7": [
        1.0
    ],
    "0.6": [
        1.0
    ],
    "0.5": [
        1.0
    ],
    "0.4": [
        null
    ],
    "0.3": [
        null
    ],
    "0.2": [
        null
    ],
    "0.1": [
        null
    ]
}