{
    "inf": [
        0.5532258064516129
    ],
    "2": [
        0.5451612903225806
    ],
    "1.6": [
        0.5338709677419354
    ],
    "1.5": [
        0.6149312377210217
    ],
    "1.4": [
        0.6907730673316709
    ],
    "1.3": [
        0.7098765432098766
    ],
    "1.2": [
        0.7099236641221374
    ],
    "1.1": [
        0.7555555555555555
    ],
    "0.9": [
        0.8198757763975155
    ],
    "0.8": [
        0.835820895522388
    ],
    "0.7": [
        0.8363636363636363
    ],
    "0.6": [
        0.8314606741573034
    ],
    "0.5": [
        0.8181818181818182
    ],
    "0.4": [
        0.8333333333333334
    ],
    "0.3": [
        0.9230769230769231
    ],
    "0.2": [
        0.8
    ],
    "0.1": [
        1.0
    ]
}