{
    "inf": [
        0.6419354838709678
    ],
    "2": [
        0.6419354838709678
    ],
    "1.6": [
        0.7029520295202952
    ],
    "1.5": [
        0.8648648648648649
    ],
    "1.4": [
        0.95
    ],
    "1.3": [
        1.0
    ],
    "1.2": [
        null
    ],
    "1.1": [
        null
    ],
    "0.9": [
        null
    ],
    "0.8": [
        null
    ],
    "0.7": [
        null
    ],
    "0.6": [
        null
    ],
    "0.5": [
        null
    ],
    "0.4": [
        null
    ],
    "0.3": [
        null
    ],
    "0.2": [
        null
    ],
    "0.1": [
        null
    ]
}