{
    "inf": [
        0.6161290322580645
    ],
    "2": [
        0.614516129032258
    ],
    "1.6": [
        0.6725838264299803
    ],
    "1.5": [
        0.6762749445676275
    ],
    "1.4": [
        0.7094240837696335
    ],
    "1.3": [
        0.7267080745341615
    ],
    "1.2": [
        0.7316176470588235
    ],
    "1.1": [
        0.7325102880658436
    ],
    "0.9": [
        0.7621621621621621
    ],
    "0.8": [
        0.8064516129032258
    ],
    "0.7": [
        0.8208955223880597
    ],
    "0.6": [
        0.8181818181818182
    ],
    "0.5": [
        0.8571428571428571
    ],
    "0.4": [
        0.875
    ],
    "0.3": [
        0.9245283018867925
    ],
    "0.2": [
        0.9696969696969697
    ],
    "0.1": [
        1.0
    ]
}