{
    "inf": [
        0.6774193548387096
    ],
    "2": [
        0.6806451612903226
    ],
    "1.6": [
        0.7313131313131314
    ],
    "1.5": [
        0.7428571428571429
    ],
    "1.4": [
        0.7568238213399504
    ],
    "1.3": [
        0.7715877437325905
    ],
    "1.2": [
        0.7857142857142857
    ],
    "1.1": [
        0.8082191780821918
    ],
    "0.9": [
        0.821917808219178
    ],
    "0.8": [
        0.8397790055248618
    ],
    "0.7": [
        0.8481012658227848
    ],
    "0.6": [
        0.8444444444444444
    ],
    "0.5": [
        0.8545454545454545
    ],
    "0.4": [
        0.8536585365853658
    ],
    "0.3": [
        0.8656716417910447
    ],
    "0.2": [
        0.8913043478260869
    ],
    "0.1": [
        0.8
    ]
}