{
    "inf": [
        0.614516129032258
    ],
    "2": [
        0.614516129032258
    ],
    "1.6": [
        0.617124394184168
    ],
    "1.5": [
        0.6639511201629328
    ],
    "1.4": [
        0.7112299465240641
    ],
    "1.3": [
        0.7465753424657534
    ],
    "1.2": [
        0.7453703703703703
    ],
    "1.1": [
        0.7407407407407407
    ],
    "0.9": [
        0.7608695652173914
    ],
    "0.8": [
        0.7916666666666666
    ],
    "0.7": [
        0.8363636363636363
    ],
    "0.6": [
        0.8205128205128205
    ],
    "0.5": [
        0.7916666666666666
    ],
    "0.4": [
        0.8571428571428571
    ],
    "0.3": [
        1.0
    ],
    "0.2": [
        1.0
    ],
    "0.1": [
        1.0
    ]
}