{
    "inf": [
        0.5951612903225807
    ],
    "2": [
        0.5983870967741935
    ],
    "1.6": [
        0.5983870967741935
    ],
    "1.5": [
        0.6987179487179487
    ],
    "1.4": [
        0.7443181818181818
    ],
    "1.3": [
        0.7607142857142857
    ],
    "1.2": [
        0.8177570093457944
    ],
    "1.1": [
        0.8439306358381503
    ],
    "0.9": [
        0.9047619047619048
    ],
    "0.8": [
        0.8928571428571429
    ],
    "0.7": [
        0.9272727272727272
    ],
    "0.6": [
        0.9444444444444444
    ],
    "0.5": [
        1.0
    ],
    "0.4": [
        1.0
    ],
    "0.3": [
        1.0
    ],
    "0.2": [
        1.0
    ],
    "0.1": [
        1.0
    ]
}