{
    "inf": [
        0.6887096774193548
    ],
    "2": [
        0.6790322580645162
    ],
    "1.6": [
        0.723404255319149
    ],
    "1.5": [
        0.7510917030567685
    ],
    "1.4": [
        0.7634146341463415
    ],
    "1.3": [
        0.7582417582417582
    ],
    "1.2": [
        0.7636363636363637
    ],
    "1.1": [
        0.7859531772575251
    ],
    "0.9": [
        0.7956521739130434
    ],
    "0.8": [
        0.7804878048780488
    ],
    "0.7": [
        0.7932960893854749
    ],
    "0.6": [
        0.779874213836478
    ],
    "0.5": [
        0.7851851851851852
    ],
    "0.4": [
        0.8018867924528302
    ],
    "0.3": [
        0.8717948717948718
    ],
    "0.2": [
        0.8867924528301887
    ],
    "0.1": [
        1.0
    ]
}