{
    "inf": [
        0.603225806451613
    ],
    "2": [
        0.6112903225806452
    ],
    "1.6": [
        0.601639344262295
    ],
    "1.5": [
        0.732824427480916
    ],
    "1.4": [
        0.8203125
    ],
    "1.3": [
        0.8402366863905325
    ],
    "1.2": [
        0.8407079646017699
    ],
    "1.1": [
        0.8850574712643678
    ],
    "0.9": [
        0.96
    ],
    "0.8": [
        0.9473684210526315
    ],
    "0.7": [
        1.0
    ],
    "0.6": [
        1.0
    ],
    "0.5": [
        1.0
    ],
    "0.4": [
        1.0
    ],
    "0.3": [
        1.0
    ],
    "0.2": [
        null
    ],
    "0.1": [
        null
    ]
}