{
    "inf": [
        0.6161290322580645
    ],
    "2": [
        0.6161290322580645
    ],
    "1.6": [
        0.6152597402597403
    ],
    "1.5": [
        0.7240618101545254
    ],
    "1.4": [
        0.7859531772575251
    ],
    "1.3": [
        0.8028846153846154
    ],
    "1.2": [
        0.8169934640522876
    ],
    "1.1": [
        0.7830188679245284
    ],
    "0.9": [
        0.88
    ],
    "0.8": [
        0.8888888888888888
    ],
    "0.7": [
        0.9444444444444444
    ],
    "0.6": [
        1.0
    ],
    "0.5": [
        1.0
    ],
    "0.4": [
        1.0
    ],
    "0.3": [
        1.0
    ],
    "0.2": [
        1.0
    ],
    "0.1": [
        null
    ]
}