{
    "inf": [
        0.6483870967741936
    ],
    "2": [
        0.6483870967741936
    ],
    "1.6": [
        0.6483870967741936
    ],
    "1.5": [
        0.6950998185117967
    ],
    "1.4": [
        0.7349137931034483
    ],
    "1.3": [
        0.7821522309711286
    ],
    "1.2": [
        0.7925696594427245
    ],
    "1.1": [
        0.8211678832116789
    ],
    "0.9": [
        0.851063829787234
    ],
    "0.8": [
        0.8461538461538461
    ],
    "0.7": [
        0.8538461538461538
    ],
    "0.6": [
        0.8811881188118812
    ],
    "0.5": [
        0.9102564102564102
    ],
    "0.4": [
        0.9230769230769231
    ],
    "0.3": [
        0.9411764705882353
    ],
    "0.2": [
        1.0
    ],
    "0.1": [
        1.0
    ]
}