{
    "inf": [
        0.5854838709677419
    ],
    "2": [
        0.5854838709677419
    ],
    "1.6": [
        0.5838709677419355
    ],
    "1.5": [
        0.6109215017064846
    ],
    "1.4": [
        0.651031894934334
    ],
    "1.3": [
        0.6754563894523327
    ],
    "1.2": [
        0.6834061135371179
    ],
    "1.1": [
        0.7019230769230769
    ],
    "0.9": [
        0.7346938775510204
    ],
    "0.8": [
        0.7310126582278481
    ],
    "0.7": [
        0.7465753424657534
    ],
    "0.6": [
        0.7546468401486989
    ],
    "0.5": [
        0.7553648068669528
    ],
    "0.4": [
        0.7853658536585366
    ],
    "0.3": [
        0.7988505747126436
    ],
    "0.2": [
        0.84251968503937
    ],
    "0.1": [
        0.8769230769230769
    ]
}