{
    "inf": [
        0.5983870967741935
    ],
    "2": [
        0.5983870967741935
    ],
    "1.6": [
        0.6115702479338843
    ],
    "1.5": [
        0.7396825396825397
    ],
    "1.4": [
        0.8105263157894737
    ],
    "1.3": [
        0.8571428571428571
    ],
    "1.2": [
        0.8823529411764706
    ],
    "1.1": [
        0.926829268292683
    ],
    "0.9": [
        0.9
    ],
    "0.8": [
        1.0
    ],
    "0.7": [
        1.0
    ],
    "0.6": [
        1.0
    ],
    "0.5": [
        null
    ],
    "0.4": [
        null
    ],
    "0.3": [
        null
    ],
    "0.2": [
        null
    ],
    "0.1": [
        null
    ]
}