{
    "inf": [
        0.6112903225806452
    ],
    "2": [
        0.617741935483871
    ],
    "1.6": [
        0.6161290322580645
    ],
    "1.5": [
        0.6616822429906543
    ],
    "1.4": [
        0.7222222222222222
    ],
    "1.3": [
        0.7341040462427746
    ],
    "1.2": [
        0.7865168539325843
    ],
    "1.1": [
        0.8131313131313131
    ],
    "0.9": [
        0.8333333333333334
    ],
    "0.8": [
        0.8469387755102041
    ],
    "0.7": [
        0.8571428571428571
    ],
    "0.6": [
        0.8939393939393939
    ],
    "0.5": [
        0.8837209302325582
    ],
    "0.4": [
        0.9629629629629629
    ],
    "0.3": [
        1.0
    ],
    "0.2": [
        1.0
    ],
    "0.1": [
        1.0
    ]
}