{
    "inf": [
        0.6854838709677419
    ],
    "2": [
        0.6935483870967742
    ],
    "1.6": [
        0.7184466019417476
    ],
    "1.5": [
        0.7264770240700219
    ],
    "1.4": [
        0.7463414634146341
    ],
    "1.3": [
        0.7606837606837606
    ],
    "1.2": [
        0.7652733118971061
    ],
    "1.1": [
        0.7777777777777778
    ],
    "0.9": [
        0.815
    ],
    "0.8": [
        0.8313253012048193
    ],
    "0.7": [
        0.8333333333333334
    ],
    "0.6": [
        0.8666666666666667
    ],
    "0.5": [
        0.8631578947368421
    ],
    "0.4": [
        0.8888888888888888
    ],
    "0.3": [
        0.8979591836734694
    ],
    "0.2": [
        0.8888888888888888
    ],
    "0.1": [
        1.0
    ]
}