{
    "inf": [
        0.6129032258064516
    ],
    "2": [
        0.6064516129032258
    ],
    "1.6": [
        0.619281045751634
    ],
    "1.5": [
        0.7652733118971061
    ],
    "1.4": [
        0.7870967741935484
    ],
    "1.3": [
        0.8863636363636364
    ],
    "1.2": [
        0.8867924528301887
    ],
    "1.1": [
        0.8387096774193549
    ],
    "0.9": [
        0.9090909090909091
    ],
    "0.8": [
        1.0
    ],
    "0.7": [
        1.0
    ],
    "0.6": [
        1.0
    ],
    "0.5": [
        1.0
    ],
    "0.4": [
        null
    ],
    "0.3": [
        null
    ],
    "0.2": [
        null
    ],
    "0.1": [
        null
    ]
}