{
    "inf": [
        0.6419354838709678
    ],
    "2": [
        0.6370967741935484
    ],
    "1.6": [
        0.6791744840525328
    ],
    "1.5": [
        0.6955602536997886
    ],
    "1.4": [
        0.6915887850467289
    ],
    "1.3": [
        0.704
    ],
    "1.2": [
        0.696969696969697
    ],
    "1.1": [
        0.7021276595744681
    ],
    "0.9": [
        0.7272727272727273
    ],
    "0.8": [
        0.7471910112359551
    ],
    "0.7": [
        0.732484076433121
    ],
    "0.6": [
        0.7461538461538462
    ],
    "0.5": [
        0.7647058823529411
    ],
    "0.4": [
        0.8266666666666667
    ],
    "0.3": [
        0.8421052631578947
    ],
    "0.2": [
        0.8837209302325582
    ],
    "0.1": [
        0.9375
    ]
}