{
    "inf": [
        0.7096774193548387
    ],
    "2": [
        0.7096774193548387
    ],
    "1.6": [
        0.7320143884892086
    ],
    "1.5": [
        0.7709163346613546
    ],
    "1.4": [
        0.7882882882882883
    ],
    "1.3": [
        0.7935323383084577
    ],
    "1.2": [
        0.8133704735376045
    ],
    "1.1": [
        0.8158730158730159
    ],
    "0.9": [
        0.8062015503875969
    ],
    "0.8": [
        0.8333333333333334
    ],
    "0.7": [
        0.8333333333333334
    ],
    "0.6": [
        0.8650306748466258
    ],
    "0.5": [
        0.8633093525179856
    ],
    "0.4": [
        0.8839285714285714
    ],
    "0.3": [
        0.9210526315789473
    ],
    "0.2": [
        0.9433962264150944
    ],
    "0.1": [
        0.9642857142857143
    ]
}