{
    "inf": [
        0.6064516129032258
    ],
    "2": [
        0.5951612903225807
    ],
    "1.6": [
        0.6
    ],
    "1.5": [
        0.7377450980392157
    ],
    "1.4": [
        0.7813765182186235
    ],
    "1.3": [
        0.8633540372670807
    ],
    "1.2": [
        0.859504132231405
    ],
    "1.1": [
        0.8775510204081632
    ],
    "0.9": [
        0.9069767441860465
    ],
    "0.8": [
        0.967741935483871
    ],
    "0.7": [
        0.9473684210526315
    ],
    "0.6": [
        1.0
    ],
    "0.5": [
        1.0
    ],
    "0.4": [
        null
    ],
    "0.3": [
        null
    ],
    "0.2": [
        null
    ],
    "0.1": [
        null
    ]
}