{
    "inf": [
        0.6129032258064516
    ],
    "2": [
        0.6080645161290322
    ],
    "1.6": [
        0.627677100494234
    ],
    "1.5": [
        0.7728613569321534
    ],
    "1.4": [
        0.8457142857142858
    ],
    "1.3": [
        0.8790322580645161
    ],
    "1.2": [
        0.9516129032258065
    ],
    "1.1": [
        0.8823529411764706
    ],
    "0.9": [
        0.9444444444444444
    ],
    "0.8": [
        1.0
    ],
    "0.7": [
        1.0
    ],
    "0.6": [
        1.0
    ],
    "0.5": [
        1.0
    ],
    "0.4": [
        null
    ],
    "0.3": [
        null
    ],
    "0.2": [
        null
    ],
    "0.1": [
        null
    ]
}