{
    "inf": [
        0.6403225806451613
    ],
    "2": [
        0.6403225806451613
    ],
    "1.6": [
        0.6941391941391941
    ],
    "1.5": [
        0.8120300751879699
    ],
    "1.4": [
        0.8409090909090909
    ],
    "1.3": [
        0.8
    ],
    "1.2": [
        0.6666666666666666
    ],
    "1.1": [
        null
    ],
    "0.9": [
        null
    ],
    "0.8": [
        null
    ],
    "0.7": [
        null
    ],
    "0.6": [
        null
    ],
    "0.5": [
        null
    ],
    "0.4": [
        null
    ],
    "0.3": [
        null
    ],
    "0.2": [
        null
    ],
    "0.1": [
        null
    ]
}