{
    "inf": [
        0.6080645161290322
    ],
    "2": [
        0.6080645161290322
    ],
    "1.6": [
        0.663003663003663
    ],
    "1.5": [
        0.8571428571428571
    ],
    "1.4": [
        0.875
    ],
    "1.3": [
        0.75
    ],
    "1.2": [
        1.0
    ],
    "1.1": [
        1.0
    ],
    "0.9": [
        null
    ],
    "0.8": [
        null
    ],
    "0.7": [
        null
    ],
    "0.6": [
        null
    ],
    "0.5": [
        null
    ],
    "0.4": [
        null
    ],
    "0.3": [
        null
    ],
    "0.2": [
        null
    ],
    "0.1": [
        null
    ]
}