{
    "inf": [
        0.6225806451612903
    ],
    "2": [
        0.6209677419354839
    ],
    "1.6": [
        0.6374570446735395
    ],
    "1.5": [
        0.7681159420289855
    ],
    "1.4": [
        0.8333333333333334
    ],
    "1.3": [
        0.9444444444444444
    ],
    "1.2": [
        1.0
    ],
    "1.1": [
        1.0
    ],
    "0.9": [
        1.0
    ],
    "0.8": [
        null
    ],
    "0.7": [
        null
    ],
    "0.6": [
        null
    ],
    "0.5": [
        null
    ],
    "0.4": [
        null
    ],
    "0.3": [
        null
    ],
    "0.2": [
        null
    ],
    "0.1": [
        null
    ]
}