{
    "inf": [
        0.632258064516129
    ],
    "2": [
        0.632258064516129
    ],
    "1.6": [
        0.6405228758169934
    ],
    "1.5": [
        0.7351129363449692
    ],
    "1.4": [
        0.769620253164557
    ],
    "1.3": [
        0.7933333333333333
    ],
    "1.2": [
        0.8034934497816594
    ],
    "1.1": [
        0.8132530120481928
    ],
    "0.9": [
        0.8522727272727273
    ],
    "0.8": [
        0.9
    ],
    "0.7": [
        0.918918918918919
    ],
    "0.6": [
        0.9310344827586207
    ],
    "0.5": [
        1.0
    ],
    "0.4": [
        1.0
    ],
    "0.3": [
        1.0
    ],
    "0.2": [
        1.0
    ],
    "0.1": [
        1.0
    ]
}