{
    "inf": [
        0.6241935483870967
    ],
    "2": [
        0.6290322580645161
    ],
    "1.6": [
        0.6290322580645161
    ],
    "1.5": [
        0.6484641638225256
    ],
    "1.4": [
        0.703921568627451
    ],
    "1.3": [
        0.7415730337078652
    ],
    "1.2": [
        0.787012987012987
    ],
    "1.1": [
        0.8064516129032258
    ],
    "0.9": [
        0.8283582089552238
    ],
    "0.8": [
        0.8552631578947368
    ],
    "0.7": [
        0.8529411764705882
    ],
    "0.6": [
        0.864406779661017
    ],
    "0.5": [
        0.8740740740740741
    ],
    "0.4": [
        0.8846153846153846
    ],
    "0.3": [
        0.9230769230769231
    ],
    "0.2": [
        0.90625
    ],
    "0.1": [
        0.7857142857142857
    ]
}