{
    "inf": [
        0.5967741935483871
    ],
    "2": [
        0.5774193548387097
    ],
    "1.6": [
        0.6141215106732348
    ],
    "1.5": [
        0.7340153452685422
    ],
    "1.4": [
        0.7677902621722846
    ],
    "1.3": [
        0.798941798941799
    ],
    "1.2": [
        0.8620689655172413
    ],
    "1.1": [
        0.8863636363636364
    ],
    "0.9": [
        0.925
    ],
    "0.8": [
        0.8947368421052632
    ],
    "0.7": [
        0.8888888888888888
    ],
    "0.6": [
        0.6666666666666666
    ],
    "0.5": [
        1.0
    ],
    "0.4": [
        null
    ],
    "0.3": [
        null
    ],
    "0.2": [
        null
    ],
    "0.1": [
        null
    ]
}