{
    "inf": [
        0.6951612903225807
    ],
    "2": [
        0.6919354838709677
    ],
    "1.6": [
        0.7358870967741935
    ],
    "1.5": [
        0.7461024498886414
    ],
    "1.4": [
        0.7777777777777778
    ],
    "1.3": [
        0.7796610169491526
    ],
    "1.2": [
        0.7974683544303798
    ],
    "1.1": [
        0.8127208480565371
    ],
    "0.9": [
        0.8497652582159625
    ],
    "0.8": [
        0.8611111111111112
    ],
    "0.7": [
        0.8641975308641975
    ],
    "0.6": [
        0.8854961832061069
    ],
    "0.5": [
        0.8990825688073395
    ],
    "0.4": [
        0.9361702127659575
    ],
    "0.3": [
        0.921875
    ],
    "0.2": [
        0.967741935483871
    ],
    "0.1": [
        1.0
    ]
}