{
    "inf": [
        0.6306451612903226
    ],
    "2": [
        0.632258064516129
    ],
    "1.6": [
        0.637987012987013
    ],
    "1.5": [
        0.7339449541284404
    ],
    "1.4": [
        0.7631578947368421
    ],
    "1.3": [
        0.7831858407079646
    ],
    "1.2": [
        0.8011695906432749
    ],
    "1.1": [
        0.8151260504201681
    ],
    "0.9": [
        0.8113207547169812
    ],
    "0.8": [
        0.8108108108108109
    ],
    "0.7": [
        0.7916666666666666
    ],
    "0.6": [
        0.75
    ],
    "0.5": [
        0.75
    ],
    "0.4": [
        1.0
    ],
    "0.3": [
        null
    ],
    "0.2": [
        null
    ],
    "0.1": [
        null
    ]
}