{
    "inf": [
        0.5854838709677419
    ],
    "2": [
        0.5854838709677419
    ],
    "1.6": [
        0.5892857142857143
    ],
    "1.5": [
        0.7122093023255814
    ],
    "1.4": [
        0.7487684729064039
    ],
    "1.3": [
        0.8064516129032258
    ],
    "1.2": [
        0.7564102564102564
    ],
    "1.1": [
        0.8163265306122449
    ],
    "0.9": [
        0.9
    ],
    "0.8": [
        0.8181818181818182
    ],
    "0.7": [
        1.0
    ],
    "0.6": [
        1.0
    ],
    "0.5": [
        1.0
    ],
    "0.4": [
        1.0
    ],
    "0.3": [
        1.0
    ],
    "0.2": [
        null
    ],
    "0.1": [
        null
    ]
}