{
    "inf": [
        0.6129032258064516
    ],
    "2": [
        0.635483870967742
    ],
    "1.6": [
        0.6161290322580645
    ],
    "1.5": [
        0.658
    ],
    "1.4": [
        0.7374301675977654
    ],
    "1.3": [
        0.7790697674418605
    ],
    "1.2": [
        0.8045977011494253
    ],
    "1.1": [
        0.8028169014084507
    ],
    "0.9": [
        0.9024390243902439
    ],
    "0.8": [
        0.9245283018867925
    ],
    "0.7": [
        0.9210526315789473
    ],
    "0.6": [
        0.92
    ],
    "0.5": [
        0.9333333333333333
    ],
    "0.4": [
        1.0
    ],
    "0.3": [
        null
    ],
    "0.2": [
        null
    ],
    "0.1": [
        null
    ]
}