{
    "inf": [
        0.6983870967741935
    ],
    "2": [
        0.6967741935483871
    ],
    "1.6": [
        0.756043956043956
    ],
    "1.5": [
        0.7905759162303665
    ],
    "1.4": [
        0.7859327217125383
    ],
    "1.3": [
        0.8157894736842105
    ],
    "1.2": [
        0.821917808219178
    ],
    "1.1": [
        0.8218390804597702
    ],
    "0.9": [
        0.8807339449541285
    ],
    "0.8": [
        0.8795180722891566
    ],
    "0.7": [
        0.9166666666666666
    ],
    "0.6": [
        0.9069767441860465
    ],
    "0.5": [
        0.9130434782608695
    ],
    "0.4": [
        0.8947368421052632
    ],
    "0.3": [
        1.0
    ],
    "0.2": [
        1.0
    ],
    "0.1": [
        1.0
    ]
}