{
    "inf": [
        0.6225806451612903
    ],
    "2": [
        0.6258064516129033
    ],
    "1.6": [
        0.6307947019867549
    ],
    "1.5": [
        0.8096774193548387
    ],
    "1.4": [
        0.8802083333333334
    ],
    "1.3": [
        0.8828125
    ],
    "1.2": [
        0.927536231884058
    ],
    "1.1": [
        0.9555555555555556
    ],
    "0.9": [
        1.0
    ],
    "0.8": [
        1.0
    ],
    "0.7": [
        1.0
    ],
    "0.6": [
        null
    ],
    "0.5": [
        null
    ],
    "0.4": [
        null
    ],
    "0.3": [
        null
    ],
    "0.2": [
        null
    ],
    "0.1": [
        null
    ]
}