{
    "inf": [
        0.5516129032258065
    ],
    "2": [
        0.55
    ],
    "1.6": [
        0.5819672131147541
    ],
    "1.5": [
        0.6502732240437158
    ],
    "1.4": [
        0.7033492822966507
    ],
    "1.3": [
        0.7111111111111111
    ],
    "1.2": [
        0.7195121951219512
    ],
    "1.1": [
        0.746031746031746
    ],
    "0.9": [
        0.7352941176470589
    ],
    "0.8": [
        0.7272727272727273
    ],
    "0.7": [
        1.0
    ],
    "0.6": [
        1.0
    ],
    "0.5": [
        null
    ],
    "0.4": [
        null
    ],
    "0.3": [
        null
    ],
    "0.2": [
        null
    ],
    "0.1": [
        null
    ]
}