{
    "inf": [
        0.5806451612903226
    ],
    "2": [
        0.5806451612903226
    ],
    "1.6": [
        0.5897858319604613
    ],
    "1.5": [
        0.694078947368421
    ],
    "1.4": [
        0.783625730994152
    ],
    "1.3": [
        0.8137254901960784
    ],
    "1.2": [
        0.8289473684210527
    ],
    "1.1": [
        0.851063829787234
    ],
    "0.9": [
        0.75
    ],
    "0.8": [
        0.75
    ],
    "0.7": [
        0.8333333333333334
    ],
    "0.6": [
        0.5
    ],
    "0.5": [
        null
    ],
    "0.4": [
        null
    ],
    "0.3": [
        null
    ],
    "0.2": [
        null
    ],
    "0.1": [
        null
    ]
}