{
    "inf": [
        0.6580645161290323
    ],
    "2": [
        0.6580645161290323
    ],
    "1.6": [
        0.6694078947368421
    ],
    "1.5": [
        0.7431578947368421
    ],
    "1.4": [
        0.7780979827089337
    ],
    "1.3": [
        0.8047808764940239
    ],
    "1.2": [
        0.8070175438596491
    ],
    "1.1": [
        0.8461538461538461
    ],
    "0.9": [
        0.9074074074074074
    ],
    "0.8": [
        0.8974358974358975
    ],
    "0.7": [
        0.9130434782608695
    ],
    "0.6": [
        0.9444444444444444
    ],
    "0.5": [
        1.0
    ],
    "0.4": [
        1.0
    ],
    "0.3": [
        1.0
    ],
    "0.2": [
        1.0
    ],
    "0.1": [
        1.0
    ]
}