{
    "inf": [
        0.6112903225806452
    ],
    "2": [
        0.617741935483871
    ],
    "1.6": [
        0.6203554119547657
    ],
    "1.5": [
        0.7122736418511066
    ],
    "1.4": [
        0.7530266343825666
    ],
    "1.3": [
        0.7751479289940828
    ],
    "1.2": [
        0.8062283737024222
    ],
    "1.1": [
        0.8008849557522124
    ],
    "0.9": [
        0.8095238095238095
    ],
    "0.8": [
        0.8288288288288288
    ],
    "0.7": [
        0.8795180722891566
    ],
    "0.6": [
        0.8620689655172413
    ],
    "0.5": [
        0.8780487804878049
    ],
    "0.4": [
        0.9333333333333333
    ],
    "0.3": [
        1.0
    ],
    "0.2": [
        1.0
    ],
    "0.1": [
        1.0
    ]
}