{
    "inf": [
        0.7096774193548387
    ],
    "2": [
        0.6983870967741935
    ],
    "1.6": [
        0.7432150313152401
    ],
    "1.5": [
        0.7974358974358975
    ],
    "1.4": [
        0.8273809523809523
    ],
    "1.3": [
        0.8286713286713286
    ],
    "1.2": [
        0.8448979591836735
    ],
    "1.1": [
        0.8443396226415094
    ],
    "0.9": [
        0.9025974025974026
    ],
    "0.8": [
        0.875
    ],
    "0.7": [
        0.86
    ],
    "0.6": [
        0.8840579710144928
    ],
    "0.5": [
        0.9074074074074074
    ],
    "0.4": [
        0.9411764705882353
    ],
    "0.3": [
        1.0
    ],
    "0.2": [
        1.0
    ],
    "0.1": [
        1.0
    ]
}