{
    "inf": [
        0.5774193548387097
    ],
    "2": [
        0.5709677419354838
    ],
    "1.6": [
        0.580906148867314
    ],
    "1.5": [
        0.6464435146443515
    ],
    "1.4": [
        0.6923076923076923
    ],
    "1.3": [
        0.7525083612040134
    ],
    "1.2": [
        0.7649769585253456
    ],
    "1.1": [
        0.8363636363636363
    ],
    "0.9": [
        0.8877551020408163
    ],
    "0.8": [
        0.9577464788732394
    ],
    "0.7": [
        0.9454545454545454
    ],
    "0.6": [
        0.9393939393939394
    ],
    "0.5": [
        0.9166666666666666
    ],
    "0.4": [
        0.9333333333333333
    ],
    "0.3": [
        1.0
    ],
    "0.2": [
        1.0
    ],
    "0.1": [
        1.0
    ]
}