{
    "inf": [
        0.6064516129032258
    ],
    "2": [
        0.603225806451613
    ],
    "1.6": [
        0.6371527777777778
    ],
    "1.5": [
        0.8009259259259259
    ],
    "1.4": [
        0.8608695652173913
    ],
    "1.3": [
        0.8688524590163934
    ],
    "1.2": [
        0.9375
    ],
    "1.1": [
        0.9523809523809523
    ],
    "0.9": [
        1.0
    ],
    "0.8": [
        1.0
    ],
    "0.7": [
        1.0
    ],
    "0.6": [
        1.0
    ],
    "0.5": [
        1.0
    ],
    "0.4": [
        null
    ],
    "0.3": [
        null
    ],
    "0.2": [
        null
    ],
    "0.1": [
        null
    ]
}