{
    "inf": [
        0.6370967741935484
    ],
    "2": [
        0.6403225806451613
    ],
    "1.6": [
        0.6429725363489499
    ],
    "1.5": [
        0.6975425330812854
    ],
    "1.4": [
        0.7488372093023256
    ],
    "1.3": [
        0.8088235294117647
    ],
    "1.2": [
        0.8262411347517731
    ],
    "1.1": [
        0.8407079646017699
    ],
    "0.9": [
        0.8417721518987342
    ],
    "0.8": [
        0.8547008547008547
    ],
    "0.7": [
        0.8850574712643678
    ],
    "0.6": [
        0.890625
    ],
    "0.5": [
        0.8695652173913043
    ],
    "0.4": [
        0.8928571428571429
    ],
    "0.3": [
        0.9230769230769231
    ],
    "0.2": [
        1.0
    ],
    "0.1": [
        null
    ]
}