{
    "inf": [
        0.5967741935483871
    ],
    "2": [
        0.5967741935483871
    ],
    "1.6": [
        0.6013513513513513
    ],
    "1.5": [
        0.8067226890756303
    ],
    "1.4": [
        0.8918918918918919
    ],
    "1.3": [
        1.0
    ],
    "1.2": [
        null
    ],
    "1.1": [
        null
    ],
    "0.9": [
        null
    ],
    "0.8": [
        null
    ],
    "0.7": [
        null
    ],
    "0.6": [
        null
    ],
    "0.5": [
        null
    ],
    "0.4": [
        null
    ],
    "0.3": [
        null
    ],
    "0.2": [
        null
    ],
    "0.1": [
        null
    ]
}