{
    "inf": [
        0.5887096774193549
    ],
    "2": [
        0.5887096774193549
    ],
    "1.6": [
        0.6228373702422145
    ],
    "1.5": [
        0.7755102040816326
    ],
    "1.4": [
        0.8309859154929577
    ],
    "1.3": [
        0.9230769230769231
    ],
    "1.2": [
        1.0
    ],
    "1.1": [
        1.0
    ],
    "0.9": [
        null
    ],
    "0.8": [
        null
    ],
    "0.7": [
        null
    ],
    "0.6": [
        null
    ],
    "0.5": [
        null
    ],
    "0.4": [
        null
    ],
    "0.3": [
        null
    ],
    "0.2": [
        null
    ],
    "0.1": [
        null
    ]
}