{
    "inf": [
        0.5854838709677419
    ],
    "2": [
        0.5854838709677419
    ],
    "1.6": [
        0.587378640776699
    ],
    "1.5": [
        0.671604938271605
    ],
    "1.4": [
        0.7102803738317757
    ],
    "1.3": [
        0.8114754098360656
    ],
    "1.2": [
        0.8227848101265823
    ],
    "1.1": [
        0.875
    ],
    "0.9": [
        1.0
    ],
    "0.8": [
        1.0
    ],
    "0.7": [
        1.0
    ],
    "0.6": [
        1.0
    ],
    "0.5": [
        1.0
    ],
    "0.4": [
        1.0
    ],
    "0.3": [
        1.0
    ],
    "0.2": [
        1.0
    ],
    "0.1": [
        null
    ]
}