{
    "inf": [
        0.5903225806451613
    ],
    "2": [
        0.5903225806451613
    ],
    "1.6": [
        0.5944625407166124
    ],
    "1.5": [
        0.7281553398058253
    ],
    "1.4": [
        0.7849462365591398
    ],
    "1.3": [
        0.8134715025906736
    ],
    "1.2": [
        0.8484848484848485
    ],
    "1.1": [
        0.8556701030927835
    ],
    "0.9": [
        0.8653846153846154
    ],
    "0.8": [
        0.9210526315789473
    ],
    "0.7": [
        0.9545454545454546
    ],
    "0.6": [
        0.9333333333333333
    ],
    "0.5": [
        1.0
    ],
    "0.4": [
        1.0
    ],
    "0.3": [
        1.0
    ],
    "0.2": [
        1.0
    ],
    "0.1": [
        1.0
    ]
}