{
    "inf": [
        0.6048387096774194
    ],
    "2": [
        0.6048387096774194
    ],
    "1.6": [
        0.6067961165048543
    ],
    "1.5": [
        0.7229551451187335
    ],
    "1.4": [
        0.777292576419214
    ],
    "1.3": [
        0.8356164383561644
    ],
    "1.2": [
        0.8557692307692307
    ],
    "1.1": [
        0.9152542372881356
    ],
    "0.9": [
        0.9444444444444444
    ],
    "0.8": [
        1.0
    ],
    "0.7": [
        1.0
    ],
    "0.6": [
        1.0
    ],
    "0.5": [
        1.0
    ],
    "0.4": [
        1.0
    ],
    "0.3": [
        1.0
    ],
    "0.2": [
        null
    ],
    "0.1": [
        null
    ]
}