{
    "inf": [
        0.6580645161290323
    ],
    "2": [
        0.6580645161290323
    ],
    "1.6": [
        0.6871794871794872
    ],
    "1.5": [
        0.8389261744966443
    ],
    "1.4": [
        0.8561643835616438
    ],
    "1.3": [
        0.84
    ],
    "1.2": [
        0.8709677419354839
    ],
    "1.1": [
        0.8461538461538461
    ],
    "0.9": [
        1.0
    ],
    "0.8": [
        1.0
    ],
    "0.7": [
        1.0
    ],
    "0.6": [
        1.0
    ],
    "0.5": [
        1.0
    ],
    "0.4": [
        1.0
    ],
    "0.3": [
        null
    ],
    "0.2": [
        null
    ],
    "0.1": [
        null
    ]
}