{
    "inf": [
        0.6951612903225807
    ],
    "2": [
        0.7032258064516129
    ],
    "1.6": [
        0.75390625
    ],
    "1.5": [
        0.7599067599067599
    ],
    "1.4": [
        0.7677053824362606
    ],
    "1.3": [
        0.7813504823151125
    ],
    "1.2": [
        0.7840909090909091
    ],
    "1.1": [
        0.7927927927927928
    ],
    "0.9": [
        0.8410596026490066
    ],
    "0.8": [
        0.84375
    ],
    "0.7": [
        0.8775510204081632
    ],
    "0.6": [
        0.9078947368421053
    ],
    "0.5": [
        0.9423076923076923
    ],
    "0.4": [
        0.9736842105263158
    ],
    "0.3": [
        0.9629629629629629
    ],
    "0.2": [
        1.0
    ],
    "0.1": [
        1.0
    ]
}