{
    "inf": [
        0.6370967741935484
    ],
    "2": [
        0.6370967741935484
    ],
    "1.6": [
        0.657672849915683
    ],
    "1.5": [
        0.8151260504201681
    ],
    "1.4": [
        0.8571428571428571
    ],
    "1.3": [
        1.0
    ],
    "1.2": [
        1.0
    ],
    "1.1": [
        null
    ],
    "0.9": [
        null
    ],
    "0.8": [
        null
    ],
    "0.7": [
        null
    ],
    "0.6": [
        null
    ],
    "0.5": [
        null
    ],
    "0.4": [
        null
    ],
    "0.3": [
        null
    ],
    "0.2": [
        null
    ],
    "0.1": [
        null
    ]
}