{
    "inf": [
        0.7048387096774194
    ],
    "2": [
        0.7129032258064516
    ],
    "1.6": [
        0.7405189620758483
    ],
    "1.5": [
        0.7744186046511627
    ],
    "1.4": [
        0.7915567282321899
    ],
    "1.3": [
        0.8259493670886076
    ],
    "1.2": [
        0.8394160583941606
    ],
    "1.1": [
        0.8491379310344828
    ],
    "0.9": [
        0.8820224719101124
    ],
    "0.8": [
        0.896774193548387
    ],
    "0.7": [
        0.9112903225806451
    ],
    "0.6": [
        0.9108910891089109
    ],
    "0.5": [
        0.9230769230769231
    ],
    "0.4": [
        0.9454545454545454
    ],
    "0.3": [
        0.9722222222222222
    ],
    "0.2": [
        0.96
    ],
    "0.1": [
        1.0
    ]
}