{
    "inf": [
        0.632258064516129
    ],
    "2": [
        0.632258064516129
    ],
    "1.6": [
        0.7015503875968992
    ],
    "1.5": [
        0.8793103448275862
    ],
    "1.4": [
        0.9565217391304348
    ],
    "1.3": [
        1.0
    ],
    "1.2": [
        1.0
    ],
    "1.1": [
        null
    ],
    "0.9": [
        null
    ],
    "0.8": [
        null
    ],
    "0.7": [
        null
    ],
    "0.6": [
        null
    ],
    "0.5": [
        null
    ],
    "0.4": [
        null
    ],
    "0.3": [
        null
    ],
    "0.2": [
        null
    ],
    "0.1": [
        null
    ]
}