{
    "inf": [
        0.5709677419354838
    ],
    "2": [
        0.5709677419354838
    ],
    "1.6": [
        0.6083032490974729
    ],
    "1.5": [
        0.76
    ],
    "1.4": [
        0.7083333333333334
    ],
    "1.3": [
        0.8333333333333334
    ],
    "1.2": [
        1.0
    ],
    "1.1": [
        1.0
    ],
    "0.9": [
        null
    ],
    "0.8": [
        null
    ],
    "0.7": [
        null
    ],
    "0.6": [
        null
    ],
    "0.5": [
        null
    ],
    "0.4": [
        null
    ],
    "0.3": [
        null
    ],
    "0.2": [
        null
    ],
    "0.1": [
        null
    ]
}