{
    "inf": [
        0.5338709677419354
    ],
    "2": [
        0.5338709677419354
    ],
    "1.6": [
        0.5482233502538071
    ],
    "1.5": [
        0.7654320987654321
    ],
    "1.4": [
        0.8461538461538461
    ],
    "1.3": [
        0.868421052631579
    ],
    "1.2": [
        0.875
    ],
    "1.1": [
        0.7777777777777778
    ],
    "0.9": [
        0.6666666666666666
    ],
    "0.8": [
        null
    ],
    "0.7": [
        null
    ],
    "0.6": [
        null
    ],
    "0.5": [
        null
    ],
    "0.4": [
        null
    ],
    "0.3": [
        null
    ],
    "0.2": [
        null
    ],
    "0.1": [
        null
    ]
}