{
    "inf": [
        0.6741935483870968
    ],
    "2": [
        0.667741935483871
    ],
    "1.6": [
        0.7542016806722689
    ],
    "1.5": [
        0.7860824742268041
    ],
    "1.4": [
        0.7981651376146789
    ],
    "1.3": [
        0.8153310104529616
    ],
    "1.2": [
        0.8699551569506726
    ],
    "1.1": [
        0.8846153846153846
    ],
    "0.9": [
        0.9014084507042254
    ],
    "0.8": [
        0.8916666666666667
    ],
    "0.7": [
        0.9130434782608695
    ],
    "0.6": [
        0.948051948051948
    ],
    "0.5": [
        0.9821428571428571
    ],
    "0.4": [
        0.9743589743589743
    ],
    "0.3": [
        1.0
    ],
    "0.2": [
        1.0
    ],
    "0.1": [
        1.0
    ]
}