{
    "inf": [
        0.603225806451613
    ],
    "2": [
        0.603225806451613
    ],
    "1.6": [
        0.7014613778705637
    ],
    "1.5": [
        0.8888888888888888
    ],
    "1.4": [
        0.8888888888888888
    ],
    "1.3": [
        null
    ],
    "1.2": [
        null
    ],
    "1.1": [
        null
    ],
    "0.9": [
        null
    ],
    "0.8": [
        null
    ],
    "0.7": [
        null
    ],
    "0.6": [
        null
    ],
    "0.5": [
        null
    ],
    "0.4": [
        null
    ],
    "0.3": [
        null
    ],
    "0.2": [
        null
    ],
    "0.1": [
        null
    ]
}