{
    "inf": [
        0.5838709677419355
    ],
    "2": [
        0.5838709677419355
    ],
    "1.6": [
        0.5848142164781907
    ],
    "1.5": [
        0.6290322580645161
    ],
    "1.4": [
        0.6716101694915254
    ],
    "1.3": [
        0.6851851851851852
    ],
    "1.2": [
        0.7028753993610224
    ],
    "1.1": [
        0.6996047430830039
    ],
    "0.9": [
        0.725609756097561
    ],
    "0.8": [
        0.78125
    ],
    "0.7": [
        0.7835051546391752
    ],
    "0.6": [
        0.8142857142857143
    ],
    "0.5": [
        0.8478260869565217
    ],
    "0.4": [
        0.8275862068965517
    ],
    "0.3": [
        0.7857142857142857
    ],
    "0.2": [
        1.0
    ],
    "0.1": [
        null
    ]
}