{
    "inf": [
        0.614516129032258
    ],
    "2": [
        0.6129032258064516
    ],
    "1.6": [
        0.6094003241491086
    ],
    "1.5": [
        0.7311111111111112
    ],
    "1.4": [
        0.7550432276657061
    ],
    "1.3": [
        0.7578125
    ],
    "1.2": [
        0.7536231884057971
    ],
    "1.1": [
        0.7393939393939394
    ],
    "0.9": [
        0.7752808988764045
    ],
    "0.8": [
        0.7704918032786885
    ],
    "0.7": [
        0.7954545454545454
    ],
    "0.6": [
        0.6521739130434783
    ],
    "0.5": [
        0.7272727272727273
    ],
    "0.4": [
        0.8
    ],
    "0.3": [
        0.6666666666666666
    ],
    "0.2": [
        null
    ],
    "0.1": [
        null
    ]
}