{
    "inf": [
        0.6096774193548387
    ],
    "2": [
        0.6096774193548387
    ],
    "1.6": [
        0.6715328467153284
    ],
    "1.5": [
        0.8387096774193549
    ],
    "1.4": [
        0.9117647058823529
    ],
    "1.3": [
        1.0
    ],
    "1.2": [
        null
    ],
    "1.1": [
        null
    ],
    "0.9": [
        null
    ],
    "0.8": [
        null
    ],
    "0.7": [
        null
    ],
    "0.6": [
        null
    ],
    "0.5": [
        null
    ],
    "0.4": [
        null
    ],
    "0.3": [
        null
    ],
    "0.2": [
        null
    ],
    "0.1": [
        null
    ]
}