{
    "inf": [
        0.614516129032258
    ],
    "2": [
        0.6048387096774194
    ],
    "1.6": [
        0.6499133448873483
    ],
    "1.5": [
        0.8
    ],
    "1.4": [
        0.904
    ],
    "1.3": [
        0.9142857142857143
    ],
    "1.2": [
        0.9230769230769231
    ],
    "1.1": [
        0.9444444444444444
    ],
    "0.9": [
        1.0
    ],
    "0.8": [
        1.0
    ],
    "0.7": [
        1.0
    ],
    "0.6": [
        1.0
    ],
    "0.5": [
        1.0
    ],
    "0.4": [
        null
    ],
    "0.3": [
        null
    ],
    "0.2": [
        null
    ],
    "0.1": [
        null
    ]
}