{
    "inf": [
        0.5854838709677419
    ],
    "2": [
        0.5854838709677419
    ],
    "1.6": [
        0.5953947368421053
    ],
    "1.5": [
        0.7414965986394558
    ],
    "1.4": [
        0.7751479289940828
    ],
    "1.3": [
        0.8191489361702128
    ],
    "1.2": [
        0.8412698412698413
    ],
    "1.1": [
        0.825
    ],
    "0.9": [
        1.0
    ],
    "0.8": [
        1.0
    ],
    "0.7": [
        1.0
    ],
    "0.6": [
        1.0
    ],
    "0.5": [
        1.0
    ],
    "0.4": [
        1.0
    ],
    "0.3": [
        null
    ],
    "0.2": [
        null
    ],
    "0.1": [
        null
    ]
}