{
    "inf": [
        0.6887096774193548
    ],
    "2": [
        0.6935483870967742
    ],
    "1.6": [
        0.7251461988304093
    ],
    "1.5": [
        0.7427293064876958
    ],
    "1.4": [
        0.7530864197530864
    ],
    "1.3": [
        0.7528735632183908
    ],
    "1.2": [
        0.7737704918032787
    ],
    "1.1": [
        0.782608695652174
    ],
    "0.9": [
        0.7931034482758621
    ],
    "0.8": [
        0.7988165680473372
    ],
    "0.7": [
        0.7876712328767124
    ],
    "0.6": [
        0.7916666666666666
    ],
    "0.5": [
        0.8041237113402062
    ],
    "0.4": [
        0.7733333333333333
    ],
    "0.3": [
        0.7843137254901961
    ],
    "0.2": [
        0.8260869565217391
    ],
    "0.1": [
        0.9090909090909091
    ]
}