{
    "inf": [
        0.5758064516129032
    ],
    "2": [
        0.582258064516129
    ],
    "1.6": [
        0.587378640776699
    ],
    "1.5": [
        0.7014925373134329
    ],
    "1.4": [
        0.7551020408163265
    ],
    "1.3": [
        0.7763975155279503
    ],
    "1.2": [
        0.7961538461538461
    ],
    "1.1": [
        0.8202764976958525
    ],
    "0.9": [
        0.8591549295774648
    ],
    "0.8": [
        0.8442622950819673
    ],
    "0.7": [
        0.8846153846153846
    ],
    "0.6": [
        0.9024390243902439
    ],
    "0.5": [
        0.8923076923076924
    ],
    "0.4": [
        0.9302325581395349
    ],
    "0.3": [
        0.9615384615384616
    ],
    "0.2": [
        1.0
    ],
    "0.1": [
        1.0
    ]
}