{
    "inf": [
        0.6096774193548387
    ],
    "2": [
        0.6096774193548387
    ],
    "1.6": [
        0.612012987012987
    ],
    "1.5": [
        0.7704485488126649
    ],
    "1.4": [
        0.7983870967741935
    ],
    "1.3": [
        0.8106508875739645
    ],
    "1.2": [
        0.8508771929824561
    ],
    "1.1": [
        0.8913043478260869
    ],
    "0.9": [
        0.9795918367346939
    ],
    "0.8": [
        1.0
    ],
    "0.7": [
        1.0
    ],
    "0.6": [
        1.0
    ],
    "0.5": [
        1.0
    ],
    "0.4": [
        1.0
    ],
    "0.3": [
        1.0
    ],
    "0.2": [
        1.0
    ],
    "0.1": [
        1.0
    ]
}