{
    "inf": [
        0.567741935483871
    ],
    "2": [
        0.5806451612903226
    ],
    "1.6": [
        0.5632377740303541
    ],
    "1.5": [
        0.7828571428571428
    ],
    "1.4": [
        0.7837837837837838
    ],
    "1.3": [
        0.9310344827586207
    ],
    "1.2": [
        0.8333333333333334
    ],
    "1.1": [
        1.0
    ],
    "0.9": [
        null
    ],
    "0.8": [
        null
    ],
    "0.7": [
        null
    ],
    "0.6": [
        null
    ],
    "0.5": [
        null
    ],
    "0.4": [
        null
    ],
    "0.3": [
        null
    ],
    "0.2": [
        null
    ],
    "0.1": [
        null
    ]
}