{
    "inf": [
        0.5903225806451613
    ],
    "2": [
        0.5935483870967742
    ],
    "1.6": [
        0.6091205211726385
    ],
    "1.5": [
        0.6743215031315241
    ],
    "1.4": [
        0.7238605898123325
    ],
    "1.3": [
        0.7426470588235294
    ],
    "1.2": [
        0.8104265402843602
    ],
    "1.1": [
        0.8035714285714286
    ],
    "0.9": [
        0.8347826086956521
    ],
    "0.8": [
        0.8333333333333334
    ],
    "0.7": [
        0.8461538461538461
    ],
    "0.6": [
        0.8571428571428571
    ],
    "0.5": [
        0.918918918918919
    ],
    "0.4": [
        0.92
    ],
    "0.3": [
        1.0
    ],
    "0.2": [
        1.0
    ],
    "0.1": [
        1.0
    ]
}