{
    "inf": [
        0.5774193548387097
    ],
    "2": [
        0.5967741935483871
    ],
    "1.6": [
        0.5825242718446602
    ],
    "1.5": [
        0.653558052434457
    ],
    "1.4": [
        0.6762114537444934
    ],
    "1.3": [
        0.7138810198300283
    ],
    "1.2": [
        0.7383512544802867
    ],
    "1.1": [
        0.7857142857142857
    ],
    "0.9": [
        0.7974683544303798
    ],
    "0.8": [
        0.8461538461538461
    ],
    "0.7": [
        0.8240740740740741
    ],
    "0.6": [
        0.8484848484848485
    ],
    "0.5": [
        0.8333333333333334
    ],
    "0.4": [
        0.75
    ],
    "0.3": [
        0.9
    ],
    "0.2": [
        1.0
    ],
    "0.1": [
        1.0
    ]
}