{
    "inf": [
        0.6403225806451613
    ],
    "2": [
        0.6403225806451613
    ],
    "1.6": [
        0.6513157894736842
    ],
    "1.5": [
        0.804953560371517
    ],
    "1.4": [
        0.88125
    ],
    "1.3": [
        0.9213483146067416
    ],
    "1.2": [
        1.0
    ],
    "1.1": [
        1.0
    ],
    "0.9": [
        1.0
    ],
    "0.8": [
        null
    ],
    "0.7": [
        null
    ],
    "0.6": [
        null
    ],
    "0.5": [
        null
    ],
    "0.4": [
        null
    ],
    "0.3": [
        null
    ],
    "0.2": [
        null
    ],
    "0.1": [
        null
    ]
}