{
    "inf": [
        0.635483870967742
    ],
    "2": [
        0.6306451612903226
    ],
    "1.6": [
        0.642504118616145
    ],
    "1.5": [
        0.7702349869451697
    ],
    "1.4": [
        0.8373015873015873
    ],
    "1.3": [
        0.8543046357615894
    ],
    "1.2": [
        0.8679245283018868
    ],
    "1.1": [
        0.9047619047619048
    ],
    "0.9": [
        0.9259259259259259
    ],
    "0.8": [
        0.95
    ],
    "0.7": [
        1.0
    ],
    "0.6": [
        1.0
    ],
    "0.5": [
        null
    ],
    "0.4": [
        null
    ],
    "0.3": [
        null
    ],
    "0.2": [
        null
    ],
    "0.1": [
        null
    ]
}