{
    "inf": [
        0.6903225806451613
    ],
    "2": [
        0.6693548387096774
    ],
    "1.6": [
        0.7315914489311164
    ],
    "1.5": [
        0.7677053824362606
    ],
    "1.4": [
        0.7727272727272727
    ],
    "1.3": [
        0.7617021276595745
    ],
    "1.2": [
        0.78
    ],
    "1.1": [
        0.779874213836478
    ],
    "0.9": [
        0.8080808080808081
    ],
    "0.8": [
        0.8
    ],
    "0.7": [
        0.7833333333333333
    ],
    "0.6": [
        0.7727272727272727
    ],
    "0.5": [
        0.7741935483870968
    ],
    "0.4": [
        0.8095238095238095
    ],
    "0.3": [
        0.875
    ],
    "0.2": [
        1.0
    ],
    "0.1": [
        1.0
    ]
}