{
    "inf": [
        0.5774193548387097
    ],
    "2": [
        0.5516129032258065
    ],
    "1.6": [
        0.5855263157894737
    ],
    "1.5": [
        0.6953846153846154
    ],
    "1.4": [
        0.7647058823529411
    ],
    "1.3": [
        0.7874015748031497
    ],
    "1.2": [
        0.8051948051948052
    ],
    "1.1": [
        0.8392857142857143
    ],
    "0.9": [
        0.8846153846153846
    ],
    "0.8": [
        0.9285714285714286
    ],
    "0.7": [
        1.0
    ],
    "0.6": [
        1.0
    ],
    "0.5": [
        1.0
    ],
    "0.4": [
        null
    ],
    "0.3": [
        null
    ],
    "0.2": [
        null
    ],
    "0.1": [
        null
    ]
}