{
    "inf": [
        0.617741935483871
    ],
    "2": [
        0.617741935483871
    ],
    "1.6": [
        0.6309719934102141
    ],
    "1.5": [
        0.770618556701031
    ],
    "1.4": [
        0.8054474708171206
    ],
    "1.3": [
        0.8021978021978022
    ],
    "1.2": [
        0.823076923076923
    ],
    "1.1": [
        0.926829268292683
    ],
    "0.9": [
        0.9512195121951219
    ],
    "0.8": [
        0.9655172413793104
    ],
    "0.7": [
        0.9523809523809523
    ],
    "0.6": [
        1.0
    ],
    "0.5": [
        1.0
    ],
    "0.4": [
        1.0
    ],
    "0.3": [
        1.0
    ],
    "0.2": [
        1.0
    ],
    "0.1": [
        1.0
    ]
}