{
    "inf": [
        0.6451612903225806
    ],
    "2": [
        0.6483870967741936
    ],
    "1.6": [
        0.7076923076923077
    ],
    "1.5": [
        0.7236842105263158
    ],
    "1.4": [
        0.7474747474747475
    ],
    "1.3": [
        0.7658402203856749
    ],
    "1.2": [
        0.7697160883280757
    ],
    "1.1": [
        0.7924528301886793
    ],
    "0.9": [
        0.7830188679245284
    ],
    "0.8": [
        0.8055555555555556
    ],
    "0.7": [
        0.8051948051948052
    ],
    "0.6": [
        0.8145161290322581
    ],
    "0.5": [
        0.8440366972477065
    ],
    "0.4": [
        0.8554216867469879
    ],
    "0.3": [
        0.8947368421052632
    ],
    "0.2": [
        0.9142857142857143
    ],
    "0.1": [
        0.9
    ]
}