{
    "inf": [
        0.6903225806451613
    ],
    "2": [
        0.6935483870967742
    ],
    "1.6": [
        0.7255639097744361
    ],
    "1.5": [
        0.75
    ],
    "1.4": [
        0.7552941176470588
    ],
    "1.3": [
        0.7630208333333334
    ],
    "1.2": [
        0.7798165137614679
    ],
    "1.1": [
        0.7902097902097902
    ],
    "0.9": [
        0.7922705314009661
    ],
    "0.8": [
        0.807909604519774
    ],
    "0.7": [
        0.8344370860927153
    ],
    "0.6": [
        0.8467741935483871
    ],
    "0.5": [
        0.8315789473684211
    ],
    "0.4": [
        0.8235294117647058
    ],
    "0.3": [
        0.9016393442622951
    ],
    "0.2": [
        0.9534883720930233
    ],
    "0.1": [
        1.0
    ]
}