{
    "inf": [
        0.5903225806451613
    ],
    "2": [
        0.5903225806451613
    ],
    "1.6": [
        0.5934959349593496
    ],
    "1.5": [
        0.7088888888888889
    ],
    "1.4": [
        0.7408536585365854
    ],
    "1.3": [
        0.7647058823529411
    ],
    "1.2": [
        0.7727272727272727
    ],
    "1.1": [
        0.7985074626865671
    ],
    "0.9": [
        0.8
    ],
    "0.8": [
        0.8421052631578947
    ],
    "0.7": [
        0.9459459459459459
    ],
    "0.6": [
        1.0
    ],
    "0.5": [
        1.0
    ],
    "0.4": [
        1.0
    ],
    "0.3": [
        1.0
    ],
    "0.2": [
        1.0
    ],
    "0.1": [
        1.0
    ]
}