{
    "inf": [
        0.6241935483870967
    ],
    "2": [
        0.6241935483870967
    ],
    "1.6": [
        0.6280587275693311
    ],
    "1.5": [
        0.76775956284153
    ],
    "1.4": [
        0.8088888888888889
    ],
    "1.3": [
        0.8175675675675675
    ],
    "1.2": [
        0.7870370370370371
    ],
    "1.1": [
        0.8309859154929577
    ],
    "0.9": [
        0.8484848484848485
    ],
    "0.8": [
        0.875
    ],
    "0.7": [
        0.8666666666666667
    ],
    "0.6": [
        0.8
    ],
    "0.5": [
        0.75
    ],
    "0.4": [
        1.0
    ],
    "0.3": [
        null
    ],
    "0.2": [
        null
    ],
    "0.1": [
        null
    ]
}