{
    "inf": [
        0.7032258064516129
    ],
    "2": [
        0.7048387096774194
    ],
    "1.6": [
        0.7549800796812749
    ],
    "1.5": [
        0.7547619047619047
    ],
    "1.4": [
        0.7777777777777778
    ],
    "1.3": [
        0.7929936305732485
    ],
    "1.2": [
        0.791970802919708
    ],
    "1.1": [
        0.7991266375545851
    ],
    "0.9": [
        0.8072289156626506
    ],
    "0.8": [
        0.8175182481751825
    ],
    "0.7": [
        0.8319327731092437
    ],
    "0.6": [
        0.8640776699029126
    ],
    "0.5": [
        0.8860759493670886
    ],
    "0.4": [
        0.9433962264150944
    ],
    "0.3": [
        0.9696969696969697
    ],
    "0.2": [
        0.9523809523809523
    ],
    "0.1": [
        1.0
    ]
}