{
    "inf": [
        0.6887096774193548
    ],
    "2": [
        0.6854838709677419
    ],
    "1.6": [
        0.7366336633663366
    ],
    "1.5": [
        0.7596371882086168
    ],
    "1.4": [
        0.7512562814070352
    ],
    "1.3": [
        0.7658959537572254
    ],
    "1.2": [
        0.7712418300653595
    ],
    "1.1": [
        0.7686567164179104
    ],
    "0.9": [
        0.7818181818181819
    ],
    "0.8": [
        0.7864583333333334
    ],
    "0.7": [
        0.7987012987012987
    ],
    "0.6": [
        0.7857142857142857
    ],
    "0.5": [
        0.7843137254901961
    ],
    "0.4": [
        0.8
    ],
    "0.3": [
        0.8541666666666666
    ],
    "0.2": [
        0.9473684210526315
    ],
    "0.1": [
        0.875
    ]
}