{
    "inf": [
        0.614516129032258
    ],
    "2": [
        0.6064516129032258
    ],
    "1.6": [
        0.6062091503267973
    ],
    "1.5": [
        0.7184035476718403
    ],
    "1.4": [
        0.7851851851851852
    ],
    "1.3": [
        0.8256880733944955
    ],
    "1.2": [
        0.8896551724137931
    ],
    "1.1": [
        0.8913043478260869
    ],
    "0.9": [
        1.0
    ],
    "0.8": [
        1.0
    ],
    "0.7": [
        1.0
    ],
    "0.6": [
        1.0
    ],
    "0.5": [
        1.0
    ],
    "0.4": [
        1.0
    ],
    "0.3": [
        1.0
    ],
    "0.2": [
        null
    ],
    "0.1": [
        null
    ]
}