{
    "inf": [
        0.6064516129032258
    ],
    "2": [
        0.6129032258064516
    ],
    "1.6": [
        0.6303630363036303
    ],
    "1.5": [
        0.7419354838709677
    ],
    "1.4": [
        0.7590361445783133
    ],
    "1.3": [
        0.8541666666666666
    ],
    "1.2": [
        0.9032258064516129
    ],
    "1.1": [
        0.9302325581395349
    ],
    "0.9": [
        1.0
    ],
    "0.8": [
        1.0
    ],
    "0.7": [
        1.0
    ],
    "0.6": [
        1.0
    ],
    "0.5": [
        null
    ],
    "0.4": [
        null
    ],
    "0.3": [
        null
    ],
    "0.2": [
        null
    ],
    "0.1": [
        null
    ]
}