{
    "inf": [
        0.5983870967741935
    ],
    "2": [
        0.5983870967741935
    ],
    "1.6": [
        0.6161616161616161
    ],
    "1.5": [
        0.9099099099099099
    ],
    "1.4": [
        0.9736842105263158
    ],
    "1.3": [
        1.0
    ],
    "1.2": [
        1.0
    ],
    "1.1": [
        1.0
    ],
    "0.9": [
        null
    ],
    "0.8": [
        null
    ],
    "0.7": [
        null
    ],
    "0.6": [
        null
    ],
    "0.5": [
        null
    ],
    "0.4": [
        null
    ],
    "0.3": [
        null
    ],
    "0.2": [
        null
    ],
    "0.1": [
        null
    ]
}