{
    "inf": [
        0.6564516129032258
    ],
    "2": [
        0.6725806451612903
    ],
    "1.6": [
        0.7040816326530612
    ],
    "1.5": [
        0.7090909090909091
    ],
    "1.4": [
        0.7277486910994765
    ],
    "1.3": [
        0.7522123893805309
    ],
    "1.2": [
        0.7785467128027682
    ],
    "1.1": [
        0.7898832684824902
    ],
    "0.9": [
        0.8247422680412371
    ],
    "0.8": [
        0.8218390804597702
    ],
    "0.7": [
        0.8289473684210527
    ],
    "0.6": [
        0.8625954198473282
    ],
    "0.5": [
        0.8811881188118812
    ],
    "0.4": [
        0.9230769230769231
    ],
    "0.3": [
        0.9523809523809523
    ],
    "0.2": [
        0.9411764705882353
    ],
    "0.1": [
        0.95
    ]
}