{
    "inf": [
        0.6064516129032258
    ],
    "2": [
        0.6048387096774194
    ],
    "1.6": [
        0.6509090909090909
    ],
    "1.5": [
        0.8098591549295775
    ],
    "1.4": [
        0.8524590163934426
    ],
    "1.3": [
        0.8571428571428571
    ],
    "1.2": [
        0.8571428571428571
    ],
    "1.1": [
        0.8
    ],
    "0.9": [
        null
    ],
    "0.8": [
        null
    ],
    "0.7": [
        null
    ],
    "0.6": [
        null
    ],
    "0.5": [
        null
    ],
    "0.4": [
        null
    ],
    "0.3": [
        null
    ],
    "0.2": [
        null
    ],
    "0.1": [
        null
    ]
}