{
    "inf": [
        0.5887096774193549
    ],
    "2": [
        0.5838709677419355
    ],
    "1.6": [
        0.5880452342487884
    ],
    "1.5": [
        0.6286764705882353
    ],
    "1.4": [
        0.6891891891891891
    ],
    "1.3": [
        0.7265415549597856
    ],
    "1.2": [
        0.7344262295081967
    ],
    "1.1": [
        0.766798418972332
    ],
    "0.9": [
        0.7790697674418605
    ],
    "0.8": [
        0.8270676691729323
    ],
    "0.7": [
        0.8487394957983193
    ],
    "0.6": [
        0.8351648351648352
    ],
    "0.5": [
        0.8208955223880597
    ],
    "0.4": [
        0.851063829787234
    ],
    "0.3": [
        0.8095238095238095
    ],
    "0.2": [
        0.8333333333333334
    ],
    "0.1": [
        0.6666666666666666
    ]
}