{
    "inf": [
        0.6774193548387096
    ],
    "2": [
        0.6596774193548387
    ],
    "1.6": [
        0.7099811676082862
    ],
    "1.5": [
        0.7148846960167715
    ],
    "1.4": [
        0.7272727272727273
    ],
    "1.3": [
        0.7374301675977654
    ],
    "1.2": [
        0.7477477477477478
    ],
    "1.1": [
        0.735191637630662
    ],
    "0.9": [
        0.7477064220183486
    ],
    "0.8": [
        0.7566137566137566
    ],
    "0.7": [
        0.8181818181818182
    ],
    "0.6": [
        0.7969924812030075
    ],
    "0.5": [
        0.8256880733944955
    ],
    "0.4": [
        0.8390804597701149
    ],
    "0.3": [
        0.84375
    ],
    "0.2": [
        0.8809523809523809
    ],
    "0.1": [
        0.8260869565217391
    ]
}