{
    "inf": [
        0.5983870967741935
    ],
    "2": [
        0.5983870967741935
    ],
    "1.6": [
        0.6175496688741722
    ],
    "1.5": [
        0.7477203647416414
    ],
    "1.4": [
        0.7783018867924528
    ],
    "1.3": [
        0.8059701492537313
    ],
    "1.2": [
        0.7976190476190477
    ],
    "1.1": [
        0.7446808510638298
    ],
    "0.9": [
        0.6428571428571429
    ],
    "0.8": [
        0.5555555555555556
    ],
    "0.7": [
        0.6666666666666666
    ],
    "0.6": [
        null
    ],
    "0.5": [
        null
    ],
    "0.4": [
        null
    ],
    "0.3": [
        null
    ],
    "0.2": [
        null
    ],
    "0.1": [
        null
    ]
}