{
    "inf": [
        0.6
    ],
    "2": [
        0.6
    ],
    "1.6": [
        0.6
    ],
    "1.5": [
        0.6142384105960265
    ],
    "1.4": [
        0.6395147313691508
    ],
    "1.3": [
        0.6538461538461539
    ],
    "1.2": [
        0.6829745596868885
    ],
    "1.1": [
        0.698744769874477
    ],
    "0.9": [
        0.7294117647058823
    ],
    "0.8": [
        0.7487437185929648
    ],
    "0.7": [
        0.7654986522911051
    ],
    "0.6": [
        0.7572254335260116
    ],
    "0.5": [
        0.7704402515723271
    ],
    "0.4": [
        0.7702702702702703
    ],
    "0.3": [
        0.7751937984496124
    ],
    "0.2": [
        0.7633928571428571
    ],
    "0.1": [
        0.7716049382716049
    ]
}