{
    "inf": [
        0.5580645161290323
    ],
    "2": [
        0.5403225806451613
    ],
    "1.6": [
        0.5510534846029174
    ],
    "1.5": [
        0.6384439359267735
    ],
    "1.4": [
        0.6879194630872483
    ],
    "1.3": [
        0.6740331491712708
    ],
    "1.2": [
        0.688
    ],
    "1.1": [
        0.74
    ],
    "0.9": [
        0.7551020408163265
    ],
    "0.8": [
        0.8214285714285714
    ],
    "0.7": [
        0.7777777777777778
    ],
    "0.6": [
        0.8125
    ],
    "0.5": [
        1.0
    ],
    "0.4": [
        1.0
    ],
    "0.3": [
        1.0
    ],
    "0.2": [
        1.0
    ],
    "0.1": [
        null
    ]
}