{
    "inf": [
        0.6225806451612903
    ],
    "2": [
        0.6225806451612903
    ],
    "1.6": [
        0.6863117870722434
    ],
    "1.5": [
        0.9
    ],
    "1.4": [
        0.8888888888888888
    ],
    "1.3": [
        1.0
    ],
    "1.2": [
        null
    ],
    "1.1": [
        null
    ],
    "0.9": [
        null
    ],
    "0.8": [
        null
    ],
    "0.7": [
        null
    ],
    "0.6": [
        null
    ],
    "0.5": [
        null
    ],
    "0.4": [
        null
    ],
    "0.3": [
        null
    ],
    "0.2": [
        null
    ],
    "0.1": [
        null
    ]
}