{
    "inf": [
        0.617741935483871
    ],
    "2": [
        0.6241935483870967
    ],
    "1.6": [
        0.6239870340356564
    ],
    "1.5": [
        0.7146067415730337
    ],
    "1.4": [
        0.7638036809815951
    ],
    "1.3": [
        0.7991071428571429
    ],
    "1.2": [
        0.8616352201257862
    ],
    "1.1": [
        0.8899082568807339
    ],
    "0.9": [
        0.9142857142857143
    ],
    "0.8": [
        0.9148936170212766
    ],
    "0.7": [
        0.9393939393939394
    ],
    "0.6": [
        1.0
    ],
    "0.5": [
        1.0
    ],
    "0.4": [
        1.0
    ],
    "0.3": [
        1.0
    ],
    "0.2": [
        1.0
    ],
    "0.1": [
        null
    ]
}