{
    "inf": [
        0.6241935483870967
    ],
    "2": [
        0.6241935483870967
    ],
    "1.6": [
        0.636963696369637
    ],
    "1.5": [
        0.7884057971014493
    ],
    "1.4": [
        0.8221153846153846
    ],
    "1.3": [
        0.8549618320610687
    ],
    "1.2": [
        0.875
    ],
    "1.1": [
        0.8478260869565217
    ],
    "0.9": [
        0.8947368421052632
    ],
    "0.8": [
        0.8181818181818182
    ],
    "0.7": [
        0.8
    ],
    "0.6": [
        1.0
    ],
    "0.5": [
        null
    ],
    "0.4": [
        null
    ],
    "0.3": [
        null
    ],
    "0.2": [
        null
    ],
    "0.1": [
        null
    ]
}