{
    "inf": [
        0.614516129032258
    ],
    "2": [
        0.6193548387096774
    ],
    "1.6": [
        0.6412337662337663
    ],
    "1.5": [
        0.6859344894026975
    ],
    "1.4": [
        0.7487437185929648
    ],
    "1.3": [
        0.7758620689655172
    ],
    "1.2": [
        0.8017241379310345
    ],
    "1.1": [
        0.8146067415730337
    ],
    "0.9": [
        0.84375
    ],
    "0.8": [
        0.8529411764705882
    ],
    "0.7": [
        0.8627450980392157
    ],
    "0.6": [
        0.90625
    ],
    "0.5": [
        0.8888888888888888
    ],
    "0.4": [
        0.8
    ],
    "0.3": [
        1.0
    ],
    "0.2": [
        1.0
    ],
    "0.1": [
        null
    ]
}