{
    "inf": [
        0.5564516129032258
    ],
    "2": [
        0.5564516129032258
    ],
    "1.6": [
        0.5508885298869144
    ],
    "1.5": [
        0.59245960502693
    ],
    "1.4": [
        0.6344086021505376
    ],
    "1.3": [
        0.6532663316582915
    ],
    "1.2": [
        0.6753623188405797
    ],
    "1.1": [
        0.6952054794520548
    ],
    "0.9": [
        0.7294685990338164
    ],
    "0.8": [
        0.7231638418079096
    ],
    "0.7": [
        0.7483870967741936
    ],
    "0.6": [
        0.7983870967741935
    ],
    "0.5": [
        0.7961165048543689
    ],
    "0.4": [
        0.8356164383561644
    ],
    "0.3": [
        0.8679245283018868
    ],
    "0.2": [
        0.8333333333333334
    ],
    "0.1": [
        1.0
    ]
}