{
    "inf": [
        0.5903225806451613
    ],
    "2": [
        0.5967741935483871
    ],
    "1.6": [
        0.6023294509151415
    ],
    "1.5": [
        0.7942386831275721
    ],
    "1.4": [
        0.8090909090909091
    ],
    "1.3": [
        0.8571428571428571
    ],
    "1.2": [
        0.84
    ],
    "1.1": [
        0.8181818181818182
    ],
    "0.9": [
        0.75
    ],
    "0.8": [
        1.0
    ],
    "0.7": [
        null
    ],
    "0.6": [
        null
    ],
    "0.5": [
        null
    ],
    "0.4": [
        null
    ],
    "0.3": [
        null
    ],
    "0.2": [
        null
    ],
    "0.1": [
        null
    ]
}