{
    "inf": [
        0.6129032258064516
    ],
    "2": [
        0.614516129032258
    ],
    "1.6": [
        0.616504854368932
    ],
    "1.5": [
        0.6971046770601337
    ],
    "1.4": [
        0.735632183908046
    ],
    "1.3": [
        0.7689393939393939
    ],
    "1.2": [
        0.8282828282828283
    ],
    "1.1": [
        0.8541666666666666
    ],
    "0.9": [
        0.88
    ],
    "0.8": [
        0.8867924528301887
    ],
    "0.7": [
        0.90625
    ],
    "0.6": [
        0.9130434782608695
    ],
    "0.5": [
        1.0
    ],
    "0.4": [
        1.0
    ],
    "0.3": [
        null
    ],
    "0.2": [
        null
    ],
    "0.1": [
        null
    ]
}