{
    "inf": [
        0.6016129032258064
    ],
    "2": [
        0.5967741935483871
    ],
    "1.6": [
        0.612141652613828
    ],
    "1.5": [
        0.7318840579710145
    ],
    "1.4": [
        0.7777777777777778
    ],
    "1.3": [
        0.8169014084507042
    ],
    "1.2": [
        0.8648648648648649
    ],
    "1.1": [
        0.7777777777777778
    ],
    "0.9": [
        0.0
    ],
    "0.8": [
        null
    ],
    "0.7": [
        null
    ],
    "0.6": [
        null
    ],
    "0.5": [
        null
    ],
    "0.4": [
        null
    ],
    "0.3": [
        null
    ],
    "0.2": [
        null
    ],
    "0.1": [
        null
    ]
}