{
    "inf": [
        0.5919354838709677
    ],
    "2": [
        0.5919354838709677
    ],
    "1.6": [
        0.591869918699187
    ],
    "1.5": [
        0.6615720524017468
    ],
    "1.4": [
        0.7192982456140351
    ],
    "1.3": [
        0.7647058823529411
    ],
    "1.2": [
        0.8021390374331551
    ],
    "1.1": [
        0.8486842105263158
    ],
    "0.9": [
        0.8452380952380952
    ],
    "0.8": [
        0.8305084745762712
    ],
    "0.7": [
        0.8431372549019608
    ],
    "0.6": [
        0.9354838709677419
    ],
    "0.5": [
        0.9523809523809523
    ],
    "0.4": [
        1.0
    ],
    "0.3": [
        1.0
    ],
    "0.2": [
        1.0
    ],
    "0.1": [
        null
    ]
}