{
    "inf": [
        0.6064516129032258
    ],
    "2": [
        0.6064516129032258
    ],
    "1.6": [
        0.6177924217462932
    ],
    "1.5": [
        0.7371007371007371
    ],
    "1.4": [
        0.7620689655172413
    ],
    "1.3": [
        0.7711442786069652
    ],
    "1.2": [
        0.8287671232876712
    ],
    "1.1": [
        0.7884615384615384
    ],
    "0.9": [
        0.8
    ],
    "0.8": [
        0.8181818181818182
    ],
    "0.7": [
        0.8214285714285714
    ],
    "0.6": [
        0.875
    ],
    "0.5": [
        1.0
    ],
    "0.4": [
        1.0
    ],
    "0.3": [
        null
    ],
    "0.2": [
        null
    ],
    "0.1": [
        null
    ]
}