{
    "inf": [
        0.6258064516129033
    ],
    "2": [
        0.6258064516129033
    ],
    "1.6": [
        0.6351575456053068
    ],
    "1.5": [
        0.7340823970037453
    ],
    "1.4": [
        0.8
    ],
    "1.3": [
        0.7464788732394366
    ],
    "1.2": [
        0.7555555555555555
    ],
    "1.1": [
        0.8620689655172413
    ],
    "0.9": [
        0.7777777777777778
    ],
    "0.8": [
        1.0
    ],
    "0.7": [
        null
    ],
    "0.6": [
        null
    ],
    "0.5": [
        null
    ],
    "0.4": [
        null
    ],
    "0.3": [
        null
    ],
    "0.2": [
        null
    ],
    "0.1": [
        null
    ]
}