{
    "inf": [
        0.6193548387096774
    ],
    "2": [
        0.6193548387096774
    ],
    "1.6": [
        0.6535714285714286
    ],
    "1.5": [
        0.8240740740740741
    ],
    "1.4": [
        0.8529411764705882
    ],
    "1.3": [
        0.6666666666666666
    ],
    "1.2": [
        1.0
    ],
    "1.1": [
        1.0
    ],
    "0.9": [
        null
    ],
    "0.8": [
        null
    ],
    "0.7": [
        null
    ],
    "0.6": [
        null
    ],
    "0.5": [
        null
    ],
    "0.4": [
        null
    ],
    "0.3": [
        null
    ],
    "0.2": [
        null
    ],
    "0.1": [
        null
    ]
}