{
    "inf": [
        0.5725806451612904
    ],
    "2": [
        0.5774193548387097
    ],
    "1.6": [
        0.5924713584288053
    ],
    "1.5": [
        0.6797385620915033
    ],
    "1.4": [
        0.7471264367816092
    ],
    "1.3": [
        0.7470355731225297
    ],
    "1.2": [
        0.8009259259259259
    ],
    "1.1": [
        0.8238993710691824
    ],
    "0.9": [
        0.8387096774193549
    ],
    "0.8": [
        0.8769230769230769
    ],
    "0.7": [
        0.9464285714285714
    ],
    "0.6": [
        0.9142857142857143
    ],
    "0.5": [
        0.8695652173913043
    ],
    "0.4": [
        0.8333333333333334
    ],
    "0.3": [
        0.7142857142857143
    ],
    "0.2": [
        1.0
    ],
    "0.1": [
        1.0
    ]
}