{
    "inf": [
        0.6951612903225807
    ],
    "2": [
        0.6838709677419355
    ],
    "1.6": [
        0.7619047619047619
    ],
    "1.5": [
        0.7766497461928934
    ],
    "1.4": [
        0.7976539589442815
    ],
    "1.3": [
        0.819672131147541
    ],
    "1.2": [
        0.8218181818181818
    ],
    "1.1": [
        0.8333333333333334
    ],
    "0.9": [
        0.8457446808510638
    ],
    "0.8": [
        0.8805031446540881
    ],
    "0.7": [
        0.8872180451127819
    ],
    "0.6": [
        0.9090909090909091
    ],
    "0.5": [
        0.9340659340659341
    ],
    "0.4": [
        0.927536231884058
    ],
    "0.3": [
        0.9473684210526315
    ],
    "0.2": [
        0.9142857142857143
    ],
    "0.1": [
        0.8888888888888888
    ]
}