{
    "inf": [
        0.6225806451612903
    ],
    "2": [
        0.6225806451612903
    ],
    "1.6": [
        0.6229773462783171
    ],
    "1.5": [
        0.7523364485981309
    ],
    "1.4": [
        0.75
    ],
    "1.3": [
        0.7777777777777778
    ],
    "1.2": [
        0.7553956834532374
    ],
    "1.1": [
        0.7373737373737373
    ],
    "0.9": [
        0.6949152542372882
    ],
    "0.8": [
        0.6511627906976745
    ],
    "0.7": [
        0.6
    ],
    "0.6": [
        0.5625
    ],
    "0.5": [
        0.4166666666666667
    ],
    "0.4": [
        0.5
    ],
    "0.3": [
        1.0
    ],
    "0.2": [
        1.0
    ],
    "0.1": [
        null
    ]
}