{
    "inf": [
        0.5838709677419355
    ],
    "2": [
        0.5838709677419355
    ],
    "1.6": [
        0.6912751677852349
    ],
    "1.5": [
        0.9230769230769231
    ],
    "1.4": [
        null
    ],
    "1.3": [
        null
    ],
    "1.2": [
        null
    ],
    "1.1": [
        null
    ],
    "0.9": [
        null
    ],
    "0.8": [
        null
    ],
    "0.7": [
        null
    ],
    "0.6": [
        null
    ],
    "0.5": [
        null
    ],
    "0.4": [
        null
    ],
    "0.3": [
        null
    ],
    "0.2": [
        null
    ],
    "0.1": [
        null
    ]
}