{
    "inf": [
        0.5725806451612904
    ],
    "2": [
        0.5758064516129032
    ],
    "1.6": [
        0.5807504078303426
    ],
    "1.5": [
        0.683991683991684
    ],
    "1.4": [
        0.7361809045226131
    ],
    "1.3": [
        0.7717717717717718
    ],
    "1.2": [
        0.7765567765567766
    ],
    "1.1": [
        0.8114035087719298
    ],
    "0.9": [
        0.8300653594771242
    ],
    "0.8": [
        0.8412698412698413
    ],
    "0.7": [
        0.8476190476190476
    ],
    "0.6": [
        0.875
    ],
    "0.5": [
        0.875
    ],
    "0.4": [
        0.9024390243902439
    ],
    "0.3": [
        0.9
    ],
    "0.2": [
        1.0
    ],
    "0.1": [
        1.0
    ]
}