{
    "inf": [
        0.6887096774193548
    ],
    "2": [
        0.6838709677419355
    ],
    "1.6": [
        0.7394789579158316
    ],
    "1.5": [
        0.7686915887850467
    ],
    "1.4": [
        0.7955182072829131
    ],
    "1.3": [
        0.8223684210526315
    ],
    "1.2": [
        0.8294573643410853
    ],
    "1.1": [
        0.8660714285714286
    ],
    "0.9": [
        0.8888888888888888
    ],
    "0.8": [
        0.8888888888888888
    ],
    "0.7": [
        0.9145299145299145
    ],
    "0.6": [
        0.9108910891089109
    ],
    "0.5": [
        0.9625
    ],
    "0.4": [
        0.9402985074626866
    ],
    "0.3": [
        1.0
    ],
    "0.2": [
        0.9565217391304348
    ],
    "0.1": [
        1.0
    ]
}