{
    "inf": [
        0.617741935483871
    ],
    "2": [
        0.617741935483871
    ],
    "1.6": [
        0.6197411003236246
    ],
    "1.5": [
        0.7517899761336515
    ],
    "1.4": [
        0.7838709677419354
    ],
    "1.3": [
        0.8036529680365296
    ],
    "1.2": [
        0.7847222222222222
    ],
    "1.1": [
        0.8073394495412844
    ],
    "0.9": [
        0.78
    ],
    "0.8": [
        0.7647058823529411
    ],
    "0.7": [
        0.7407407407407407
    ],
    "0.6": [
        0.7647058823529411
    ],
    "0.5": [
        0.6666666666666666
    ],
    "0.4": [
        1.0
    ],
    "0.3": [
        1.0
    ],
    "0.2": [
        1.0
    ],
    "0.1": [
        1.0
    ]
}