{
    "inf": [
        0.717741935483871
    ],
    "2": [
        0.7290322580645161
    ],
    "1.6": [
        0.767175572519084
    ],
    "1.5": [
        0.7860262008733624
    ],
    "1.4": [
        0.7983870967741935
    ],
    "1.3": [
        0.8035714285714286
    ],
    "1.2": [
        0.8115942028985508
    ],
    "1.1": [
        0.8391304347826087
    ],
    "0.9": [
        0.8614457831325302
    ],
    "0.8": [
        0.8759124087591241
    ],
    "0.7": [
        0.8916666666666667
    ],
    "0.6": [
        0.9134615384615384
    ],
    "0.5": [
        0.945054945054945
    ],
    "0.4": [
        0.9577464788732394
    ],
    "0.3": [
        0.9583333333333334
    ],
    "0.2": [
        0.9230769230769231
    ],
    "0.1": [
        0.8181818181818182
    ]
}