{
    "inf": [
        0.6548387096774193
    ],
    "2": [
        0.65
    ],
    "1.6": [
        0.6661157024793388
    ],
    "1.5": [
        0.7827225130890052
    ],
    "1.4": [
        0.8244897959183674
    ],
    "1.3": [
        0.8395061728395061
    ],
    "1.2": [
        0.8392857142857143
    ],
    "1.1": [
        0.8656716417910447
    ],
    "0.9": [
        0.9090909090909091
    ],
    "0.8": [
        0.9166666666666666
    ],
    "0.7": [
        1.0
    ],
    "0.6": [
        1.0
    ],
    "0.5": [
        1.0
    ],
    "0.4": [
        null
    ],
    "0.3": [
        null
    ],
    "0.2": [
        null
    ],
    "0.1": [
        null
    ]
}