{
    "inf": [
        0.5951612903225807
    ],
    "2": [
        0.5951612903225807
    ],
    "1.6": [
        0.6026272577996716
    ],
    "1.5": [
        0.7285714285714285
    ],
    "1.4": [
        0.7777777777777778
    ],
    "1.3": [
        0.8173913043478261
    ],
    "1.2": [
        0.8142857142857143
    ],
    "1.1": [
        0.8222222222222222
    ],
    "0.9": [
        0.8823529411764706
    ],
    "0.8": [
        0.9166666666666666
    ],
    "0.7": [
        1.0
    ],
    "0.6": [
        1.0
    ],
    "0.5": [
        1.0
    ],
    "0.4": [
        1.0
    ],
    "0.3": [
        null
    ],
    "0.2": [
        null
    ],
    "0.1": [
        null
    ]
}