{
    "inf": [
        0.6741935483870968
    ],
    "2": [
        0.682258064516129
    ],
    "1.6": [
        0.7165991902834008
    ],
    "1.5": [
        0.7291666666666666
    ],
    "1.4": [
        0.7479892761394102
    ],
    "1.3": [
        0.7635782747603834
    ],
    "1.2": [
        0.7916666666666666
    ],
    "1.1": [
        0.7982456140350878
    ],
    "0.9": [
        0.8280254777070064
    ],
    "0.8": [
        0.8396946564885496
    ],
    "0.7": [
        0.8476190476190476
    ],
    "0.6": [
        0.8876404494382022
    ],
    "0.5": [
        0.9107142857142857
    ],
    "0.4": [
        0.925
    ],
    "0.3": [
        0.9655172413793104
    ],
    "0.2": [
        0.9285714285714286
    ],
    "0.1": [
        1.0
    ]
}