{
    "inf": [
        0.6274193548387097
    ],
    "2": [
        0.6274193548387097
    ],
    "1.6": [
        0.6523972602739726
    ],
    "1.5": [
        0.8409090909090909
    ],
    "1.4": [
        0.9090909090909091
    ],
    "1.3": [
        0.8571428571428571
    ],
    "1.2": [
        1.0
    ],
    "1.1": [
        1.0
    ],
    "0.9": [
        1.0
    ],
    "0.8": [
        1.0
    ],
    "0.7": [
        null
    ],
    "0.6": [
        null
    ],
    "0.5": [
        null
    ],
    "0.4": [
        null
    ],
    "0.3": [
        null
    ],
    "0.2": [
        null
    ],
    "0.1": [
        null
    ]
}