{
    "inf": [
        0.6806451612903226
    ],
    "2": [
        0.6790322580645162
    ],
    "1.6": [
        0.7140186915887851
    ],
    "1.5": [
        0.7209775967413442
    ],
    "1.4": [
        0.728310502283105
    ],
    "1.3": [
        0.7381546134663342
    ],
    "1.2": [
        0.7493112947658402
    ],
    "1.1": [
        0.7597597597597597
    ],
    "0.9": [
        0.779467680608365
    ],
    "0.8": [
        0.7792207792207793
    ],
    "0.7": [
        0.7745098039215687
    ],
    "0.6": [
        0.7909604519774012
    ],
    "0.5": [
        0.8013698630136986
    ],
    "0.4": [
        0.8018018018018018
    ],
    "0.3": [
        0.891566265060241
    ],
    "0.2": [
        0.8727272727272727
    ],
    "0.1": [
        0.8947368421052632
    ]
}