{
    "inf": [
        0.5806451612903226
    ],
    "2": [
        0.5806451612903226
    ],
    "1.6": [
        0.5815831987075929
    ],
    "1.5": [
        0.6226053639846744
    ],
    "1.4": [
        0.6606683804627249
    ],
    "1.3": [
        0.6890459363957597
    ],
    "1.2": [
        0.7285714285714285
    ],
    "1.1": [
        0.7908496732026143
    ],
    "0.9": [
        0.8409090909090909
    ],
    "0.8": [
        0.8524590163934426
    ],
    "0.7": [
        0.8863636363636364
    ],
    "0.6": [
        0.9
    ],
    "0.5": [
        0.8888888888888888
    ],
    "0.4": [
        0.875
    ],
    "0.3": [
        1.0
    ],
    "0.2": [
        1.0
    ],
    "0.1": [
        null
    ]
}