{
    "inf": [
        0.646774193548387
    ],
    "2": [
        0.6451612903225806
    ],
    "1.6": [
        0.6595744680851063
    ],
    "1.5": [
        0.7178030303030303
    ],
    "1.4": [
        0.7662921348314606
    ],
    "1.3": [
        0.7923497267759563
    ],
    "1.2": [
        0.8235294117647058
    ],
    "1.1": [
        0.8471074380165289
    ],
    "0.9": [
        0.8466666666666667
    ],
    "0.8": [
        0.8648648648648649
    ],
    "0.7": [
        0.8554216867469879
    ],
    "0.6": [
        0.864406779661017
    ],
    "0.5": [
        0.8888888888888888
    ],
    "0.4": [
        0.85
    ],
    "0.3": [
        1.0
    ],
    "0.2": [
        1.0
    ],
    "0.1": [
        1.0
    ]
}