{
    "inf": [
        0.5403225806451613
    ],
    "2": [
        0.5532258064516129
    ],
    "1.6": [
        0.5306451612903226
    ],
    "1.5": [
        0.571969696969697
    ],
    "1.4": [
        0.6258503401360545
    ],
    "1.3": [
        0.6794117647058824
    ],
    "1.2": [
        0.6911764705882353
    ],
    "1.1": [
        0.7186147186147186
    ],
    "0.9": [
        0.7559523809523809
    ],
    "0.8": [
        0.7803030303030303
    ],
    "0.7": [
        0.7904761904761904
    ],
    "0.6": [
        0.7313432835820896
    ],
    "0.5": [
        0.8214285714285714
    ],
    "0.4": [
        0.8620689655172413
    ],
    "0.3": [
        0.9
    ],
    "0.2": [
        0.9230769230769231
    ],
    "0.1": [
        0.5
    ]
}