{
    "inf": [
        0.6935483870967742
    ],
    "2": [
        0.6967741935483871
    ],
    "1.6": [
        0.7398843930635838
    ],
    "1.5": [
        0.7676991150442478
    ],
    "1.4": [
        0.7783375314861462
    ],
    "1.3": [
        0.8046647230320699
    ],
    "1.2": [
        0.8282828282828283
    ],
    "1.1": [
        0.8346153846153846
    ],
    "0.9": [
        0.8743961352657005
    ],
    "0.8": [
        0.8791208791208791
    ],
    "0.7": [
        0.8951048951048951
    ],
    "0.6": [
        0.9098360655737705
    ],
    "0.5": [
        0.9081632653061225
    ],
    "0.4": [
        0.95
    ],
    "0.3": [
        0.9615384615384616
    ],
    "0.2": [
        0.967741935483871
    ],
    "0.1": [
        1.0
    ]
}