{
    "inf": [
        0.5516129032258065
    ],
    "2": [
        0.5516129032258065
    ],
    "1.6": [
        0.5542949756888168
    ],
    "1.5": [
        0.6247379454926625
    ],
    "1.4": [
        0.6804733727810651
    ],
    "1.3": [
        0.7160493827160493
    ],
    "1.2": [
        0.7458563535911602
    ],
    "1.1": [
        0.824
    ],
    "0.9": [
        0.803030303030303
    ],
    "0.8": [
        0.8260869565217391
    ],
    "0.7": [
        0.8333333333333334
    ],
    "0.6": [
        0.8928571428571429
    ],
    "0.5": [
        0.85
    ],
    "0.4": [
        0.8888888888888888
    ],
    "0.3": [
        1.0
    ],
    "0.2": [
        null
    ],
    "0.1": [
        null
    ]
}