{
    "inf": [
        0.617741935483871
    ],
    "2": [
        0.6193548387096774
    ],
    "1.6": [
        0.6282467532467533
    ],
    "1.5": [
        0.7728459530026109
    ],
    "1.4": [
        0.8174603174603174
    ],
    "1.3": [
        0.8545454545454545
    ],
    "1.2": [
        0.9181818181818182
    ],
    "1.1": [
        0.9714285714285714
    ],
    "0.9": [
        0.9629629629629629
    ],
    "0.8": [
        0.9375
    ],
    "0.7": [
        1.0
    ],
    "0.6": [
        1.0
    ],
    "0.5": [
        1.0
    ],
    "0.4": [
        1.0
    ],
    "0.3": [
        1.0
    ],
    "0.2": [
        null
    ],
    "0.1": [
        null
    ]
}