{
    "inf": [
        0.667741935483871
    ],
    "2": [
        0.6774193548387096
    ],
    "1.6": [
        0.6979742173112339
    ],
    "1.5": [
        0.7212121212121212
    ],
    "1.4": [
        0.7420091324200914
    ],
    "1.3": [
        0.7774936061381074
    ],
    "1.2": [
        0.7601156069364162
    ],
    "1.1": [
        0.7834394904458599
    ],
    "0.9": [
        0.7795918367346939
    ],
    "0.8": [
        0.7788018433179723
    ],
    "0.7": [
        0.8021390374331551
    ],
    "0.6": [
        0.8404907975460123
    ],
    "0.5": [
        0.8604651162790697
    ],
    "0.4": [
        0.8627450980392157
    ],
    "0.3": [
        0.9066666666666666
    ],
    "0.2": [
        0.9433962264150944
    ],
    "0.1": [
        0.9565217391304348
    ]
}