{
    "inf": [
        0.6548387096774193
    ],
    "2": [
        0.6483870967741936
    ],
    "1.6": [
        0.6981132075471698
    ],
    "1.5": [
        0.739406779661017
    ],
    "1.4": [
        0.7469879518072289
    ],
    "1.3": [
        0.7722513089005235
    ],
    "1.2": [
        0.7897897897897898
    ],
    "1.1": [
        0.7928802588996764
    ],
    "0.9": [
        0.8108108108108109
    ],
    "0.8": [
        0.8205128205128205
    ],
    "0.7": [
        0.8322981366459627
    ],
    "0.6": [
        0.8405797101449275
    ],
    "0.5": [
        0.8476190476190476
    ],
    "0.4": [
        0.8902439024390244
    ],
    "0.3": [
        0.8947368421052632
    ],
    "0.2": [
        0.9069767441860465
    ],
    "0.1": [
        1.0
    ]
}