{
    "inf": [
        0.6419354838709678
    ],
    "2": [
        0.646774193548387
    ],
    "1.6": [
        0.690978886756238
    ],
    "1.5": [
        0.7119341563786008
    ],
    "1.4": [
        0.7052154195011338
    ],
    "1.3": [
        0.7146401985111662
    ],
    "1.2": [
        0.7277628032345014
    ],
    "1.1": [
        0.7357357357357357
    ],
    "0.9": [
        0.7433962264150943
    ],
    "0.8": [
        0.7611336032388664
    ],
    "0.7": [
        0.7904761904761904
    ],
    "0.6": [
        0.7734806629834254
    ],
    "0.5": [
        0.821656050955414
    ],
    "0.4": [
        0.856
    ],
    "0.3": [
        0.898989898989899
    ],
    "0.2": [
        0.935064935064935
    ],
    "0.1": [
        0.9024390243902439
    ]
}