{
    "inf": [
        0.6693548387096774
    ],
    "2": [
        0.6645161290322581
    ],
    "1.6": [
        0.7090909090909091
    ],
    "1.5": [
        0.7314814814814815
    ],
    "1.4": [
        0.753315649867374
    ],
    "1.3": [
        0.7659574468085106
    ],
    "1.2": [
        0.7638888888888888
    ],
    "1.1": [
        0.7637795275590551
    ],
    "0.9": [
        0.7669902912621359
    ],
    "0.8": [
        0.7888888888888889
    ],
    "0.7": [
        0.7961783439490446
    ],
    "0.6": [
        0.8292682926829268
    ],
    "0.5": [
        0.8613861386138614
    ],
    "0.4": [
        0.8518518518518519
    ],
    "0.3": [
        0.8870967741935484
    ],
    "0.2": [
        0.9285714285714286
    ],
    "0.1": [
        1.0
    ]
}