{
    "inf": [
        0.7096774193548387
    ],
    "2": [
        0.6951612903225807
    ],
    "1.6": [
        0.759765625
    ],
    "1.5": [
        0.7743362831858407
    ],
    "1.4": [
        0.777511961722488
    ],
    "1.3": [
        0.7893333333333333
    ],
    "1.2": [
        0.8012048192771084
    ],
    "1.1": [
        0.8095238095238095
    ],
    "0.9": [
        0.8275862068965517
    ],
    "0.8": [
        0.8208955223880597
    ],
    "0.7": [
        0.8383233532934131
    ],
    "0.6": [
        0.8243243243243243
    ],
    "0.5": [
        0.864
    ],
    "0.4": [
        0.900990099009901
    ],
    "0.3": [
        0.9436619718309859
    ],
    "0.2": [
        0.9387755102040817
    ],
    "0.1": [
        0.9565217391304348
    ]
}