{
    "inf": [
        0.682258064516129
    ],
    "2": [
        0.6887096774193548
    ],
    "1.6": [
        0.7253384912959381
    ],
    "1.5": [
        0.7483296213808464
    ],
    "1.4": [
        0.7571059431524548
    ],
    "1.3": [
        0.7652173913043478
    ],
    "1.2": [
        0.7931034482758621
    ],
    "1.1": [
        0.7951807228915663
    ],
    "0.9": [
        0.8359788359788359
    ],
    "0.8": [
        0.8855421686746988
    ],
    "0.7": [
        0.9117647058823529
    ],
    "0.6": [
        0.9107142857142857
    ],
    "0.5": [
        0.9024390243902439
    ],
    "0.4": [
        0.9137931034482759
    ],
    "0.3": [
        0.8974358974358975
    ],
    "0.2": [
        0.9523809523809523
    ],
    "0.1": [
        1.0
    ]
}