{
    "inf": [
        0.6080645161290322
    ],
    "2": [
        0.6129032258064516
    ],
    "1.6": [
        0.6202945990180033
    ],
    "1.5": [
        0.7312072892938497
    ],
    "1.4": [
        0.786144578313253
    ],
    "1.3": [
        0.8034188034188035
    ],
    "1.2": [
        0.8187134502923976
    ],
    "1.1": [
        0.856
    ],
    "0.9": [
        0.9333333333333333
    ],
    "0.8": [
        0.925
    ],
    "0.7": [
        0.9285714285714286
    ],
    "0.6": [
        0.8947368421052632
    ],
    "0.5": [
        0.9230769230769231
    ],
    "0.4": [
        1.0
    ],
    "0.3": [
        1.0
    ],
    "0.2": [
        1.0
    ],
    "0.1": [
        null
    ]
}