{
    "inf": [
        0.614516129032258
    ],
    "2": [
        0.614516129032258
    ],
    "1.6": [
        0.6716697936210131
    ],
    "1.5": [
        0.9041095890410958
    ],
    "1.4": [
        0.9285714285714286
    ],
    "1.3": [
        1.0
    ],
    "1.2": [
        null
    ],
    "1.1": [
        null
    ],
    "0.9": [
        null
    ],
    "0.8": [
        null
    ],
    "0.7": [
        null
    ],
    "0.6": [
        null
    ],
    "0.5": [
        null
    ],
    "0.4": [
        null
    ],
    "0.3": [
        null
    ],
    "0.2": [
        null
    ],
    "0.1": [
        null
    ]
}