{
    "inf": [
        0.5693548387096774
    ],
    "2": [
        0.567741935483871
    ],
    "1.6": [
        0.5711974110032363
    ],
    "1.5": [
        0.6237816764132553
    ],
    "1.4": [
        0.6882793017456359
    ],
    "1.3": [
        0.7492260061919505
    ],
    "1.2": [
        0.7714285714285715
    ],
    "1.1": [
        0.8051282051282052
    ],
    "0.9": [
        0.8141592920353983
    ],
    "0.8": [
        0.8409090909090909
    ],
    "0.7": [
        0.873015873015873
    ],
    "0.6": [
        0.8863636363636364
    ],
    "0.5": [
        0.9629629629629629
    ],
    "0.4": [
        1.0
    ],
    "0.3": [
        1.0
    ],
    "0.2": [
        1.0
    ],
    "0.1": [
        null
    ]
}