{
    "inf": [
        0.6112903225806452
    ],
    "2": [
        0.6112903225806452
    ],
    "1.6": [
        0.6176470588235294
    ],
    "1.5": [
        0.7327044025157232
    ],
    "1.4": [
        0.8166666666666667
    ],
    "1.3": [
        0.8454545454545455
    ],
    "1.2": [
        0.8552631578947368
    ],
    "1.1": [
        0.8723404255319149
    ],
    "0.9": [
        1.0
    ],
    "0.8": [
        1.0
    ],
    "0.7": [
        1.0
    ],
    "0.6": [
        1.0
    ],
    "0.5": [
        1.0
    ],
    "0.4": [
        null
    ],
    "0.3": [
        null
    ],
    "0.2": [
        null
    ],
    "0.1": [
        null
    ]
}