{
    "inf": [
        0.6854838709677419
    ],
    "2": [
        0.6758064516129032
    ],
    "1.6": [
        0.7396694214876033
    ],
    "1.5": [
        0.7699757869249395
    ],
    "1.4": [
        0.8
    ],
    "1.3": [
        0.8012232415902141
    ],
    "1.2": [
        0.8125
    ],
    "1.1": [
        0.8274509803921568
    ],
    "0.9": [
        0.8502673796791443
    ],
    "0.8": [
        0.8670886075949367
    ],
    "0.7": [
        0.8646616541353384
    ],
    "0.6": [
        0.8558558558558559
    ],
    "0.5": [
        0.8791208791208791
    ],
    "0.4": [
        0.9285714285714286
    ],
    "0.3": [
        0.9024390243902439
    ],
    "0.2": [
        0.875
    ],
    "0.1": [
        1.0
    ]
}