{
    "inf": [
        0.5983870967741935
    ],
    "2": [
        0.5983870967741935
    ],
    "1.6": [
        0.5983870967741935
    ],
    "1.5": [
        0.6299483648881239
    ],
    "1.4": [
        0.6462962962962963
    ],
    "1.3": [
        0.6673511293634496
    ],
    "1.2": [
        0.6889400921658986
    ],
    "1.1": [
        0.7211796246648794
    ],
    "0.9": [
        0.7389705882352942
    ],
    "0.8": [
        0.7681818181818182
    ],
    "0.7": [
        0.8057142857142857
    ],
    "0.6": [
        0.8071428571428572
    ],
    "0.5": [
        0.7981651376146789
    ],
    "0.4": [
        0.8072289156626506
    ],
    "0.3": [
        0.8888888888888888
    ],
    "0.2": [
        0.8529411764705882
    ],
    "0.1": [
        0.6923076923076923
    ]
}