{
    "inf": [
        0.7888324873096447
    ],
    "2": [
        0.7888324873096447
    ],
    "1.6": [
        0.7896341463414634
    ],
    "1.5": [
        0.7936670071501533
    ],
    "1.4": [
        0.795687885010267
    ],
    "1.3": [
        0.8041666666666667
    ],
    "1.2": [
        0.8095238095238095
    ],
    "1.1": [
        0.8207343412526998
    ],
    "0.9": [
        0.8377142857142857
    ],
    "0.8": [
        0.8538922155688623
    ],
    "0.7": [
        0.8745148771021992
    ],
    "0.6": [
        0.8962131837307152
    ],
    "0.5": [
        0.9140271493212669
    ],
    "0.4": [
        0.9333333333333333
    ],
    "0.3": [
        0.9334600760456274
    ],
    "0.2": [
        0.9391891891891891
    ],
    "0.1": [
        0.9475409836065574
    ]
}