{
    "inf": [
        0.7918781725888325
    ],
    "2": [
        0.7949238578680203
    ],
    "1.6": [
        0.8748137108792846
    ],
    "1.5": [
        0.9031620553359684
    ],
    "1.4": [
        0.9298701298701298
    ],
    "1.3": [
        0.9513888888888888
    ],
    "1.2": [
        0.9596412556053812
    ],
    "1.1": [
        0.9622641509433962
    ],
    "0.9": [
        0.9743589743589743
    ],
    "0.8": [
        0.9782608695652174
    ],
    "0.7": [
        1.0
    ],
    "0.6": [
        1.0
    ],
    "0.5": [
        1.0
    ],
    "0.4": [
        1.0
    ],
    "0.3": [
        1.0
    ],
    "0.2": [
        null
    ],
    "0.1": [
        null
    ]
}