{
    "inf": [
        0.7563451776649747
    ],
    "2": [
        0.7563451776649747
    ],
    "1.6": [
        0.7722457627118644
    ],
    "1.5": [
        0.7894736842105263
    ],
    "1.4": [
        0.810843373493976
    ],
    "1.3": [
        0.8302631578947368
    ],
    "1.2": [
        0.8459302325581395
    ],
    "1.1": [
        0.8788368336025848
    ],
    "0.9": [
        0.904572564612326
    ],
    "0.8": [
        0.9082969432314411
    ],
    "0.7": [
        0.9158653846153846
    ],
    "0.6": [
        0.9235127478753541
    ],
    "0.5": [
        0.9352750809061489
    ],
    "0.4": [
        0.9475806451612904
    ],
    "0.3": [
        0.9444444444444444
    ],
    "0.2": [
        0.9649122807017544
    ],
    "0.1": [
        0.9811320754716981
    ]
}