{
    "inf": [
        0.7634517766497462
    ],
    "2": [
        0.7472081218274111
    ],
    "1.6": [
        0.943127962085308
    ],
    "1.5": [
        0.9777777777777777
    ],
    "1.4": [
        0.9629629629629629
    ],
    "1.3": [
        1.0
    ],
    "1.2": [
        1.0
    ],
    "1.1": [
        1.0
    ],
    "0.9": [
        1.0
    ],
    "0.8": [
        1.0
    ],
    "0.7": [
        1.0
    ],
    "0.6": [
        null
    ],
    "0.5": [
        null
    ],
    "0.4": [
        null
    ],
    "0.3": [
        null
    ],
    "0.2": [
        null
    ],
    "0.1": [
        null
    ]
}