{
    "inf": [
        0.7532994923857868
    ],
    "2": [
        0.7319796954314721
    ],
    "1.6": [
        0.9495268138801262
    ],
    "1.5": [
        0.8925233644859814
    ],
    "1.4": [
        0.9565217391304348
    ],
    "1.3": [
        0.967741935483871
    ],
    "1.2": [
        0.9444444444444444
    ],
    "1.1": [
        1.0
    ],
    "0.9": [
        1.0
    ],
    "0.8": [
        1.0
    ],
    "0.7": [
        1.0
    ],
    "0.6": [
        1.0
    ],
    "0.5": [
        null
    ],
    "0.4": [
        null
    ],
    "0.3": [
        null
    ],
    "0.2": [
        null
    ],
    "0.1": [
        null
    ]
}