{
    "inf": [
        0.7857868020304568
    ],
    "2": [
        0.7939086294416243
    ],
    "1.6": [
        0.8395522388059702
    ],
    "1.5": [
        0.8421768707482993
    ],
    "1.4": [
        0.861812778603269
    ],
    "1.3": [
        0.860655737704918
    ],
    "1.2": [
        0.8829981718464351
    ],
    "1.1": [
        0.8995983935742972
    ],
    "0.9": [
        0.9177377892030848
    ],
    "0.8": [
        0.9271137026239067
    ],
    "0.7": [
        0.9464285714285714
    ],
    "0.6": [
        0.9777777777777777
    ],
    "0.5": [
        0.9789473684210527
    ],
    "0.4": [
        0.9864864864864865
    ],
    "0.3": [
        0.9803921568627451
    ],
    "0.2": [
        0.9855072463768116
    ],
    "0.1": [
        1.0
    ]
}