{
    "inf": [
        0.7624365482233503
    ],
    "2": [
        0.7817258883248731
    ],
    "1.6": [
        0.859375
    ],
    "1.5": [
        0.9428571428571428
    ],
    "1.4": [
        0.9833333333333333
    ],
    "1.3": [
        1.0
    ],
    "1.2": [
        1.0
    ],
    "1.1": [
        1.0
    ],
    "0.9": [
        1.0
    ],
    "0.8": [
        1.0
    ],
    "0.7": [
        1.0
    ],
    "0.6": [
        1.0
    ],
    "0.5": [
        1.0
    ],
    "0.4": [
        1.0
    ],
    "0.3": [
        null
    ],
    "0.2": [
        null
    ],
    "0.1": [
        null
    ]
}