{
    "inf": [
        0.7796954314720812
    ],
    "2": [
        0.7796954314720812
    ],
    "1.6": [
        0.802247191011236
    ],
    "1.5": [
        0.8375165125495376
    ],
    "1.4": [
        0.8683385579937304
    ],
    "1.3": [
        0.8948339483394834
    ],
    "1.2": [
        0.915948275862069
    ],
    "1.1": [
        0.9371859296482412
    ],
    "0.9": [
        0.935361216730038
    ],
    "0.8": [
        0.9345794392523364
    ],
    "0.7": [
        0.9653179190751445
    ],
    "0.6": [
        0.9767441860465116
    ],
    "0.5": [
        0.9782608695652174
    ],
    "0.4": [
        0.9859154929577465
    ],
    "0.3": [
        1.0
    ],
    "0.2": [
        1.0
    ],
    "0.1": [
        1.0
    ]
}