{
    "inf": [
        0.7705583756345178
    ],
    "2": [
        0.7695431472081218
    ],
    "1.6": [
        0.8063380281690141
    ],
    "1.5": [
        0.8440492476060192
    ],
    "1.4": [
        0.8692913385826772
    ],
    "1.3": [
        0.9037735849056604
    ],
    "1.2": [
        0.9105145413870246
    ],
    "1.1": [
        0.9213197969543148
    ],
    "0.9": [
        0.9368421052631579
    ],
    "0.8": [
        0.940677966101695
    ],
    "0.7": [
        0.9644670050761421
    ],
    "0.6": [
        0.9696969696969697
    ],
    "0.5": [
        0.9583333333333334
    ],
    "0.4": [
        0.9726027397260274
    ],
    "0.3": [
        0.9523809523809523
    ],
    "0.2": [
        1.0
    ],
    "0.1": [
        1.0
    ]
}