{
    "inf": [
        0.7705583756345178
    ],
    "2": [
        0.7776649746192893
    ],
    "1.6": [
        0.9282296650717703
    ],
    "1.5": [
        0.9375
    ],
    "1.4": [
        0.9178082191780822
    ],
    "1.3": [
        0.9259259259259259
    ],
    "1.2": [
        0.8888888888888888
    ],
    "1.1": [
        0.9090909090909091
    ],
    "0.9": [
        0.75
    ],
    "0.8": [
        null
    ],
    "0.7": [
        1.0
    ],
    "0.6": [
        null
    ],
    "0.5": [
        null
    ],
    "0.4": [
        null
    ],
    "0.3": [
        null
    ],
    "0.2": [
        null
    ],
    "0.1": [
        null
    ]
}