{
    "inf": [
        0.8142131979695432
    ],
    "2": [
        0.8152284263959391
    ],
    "1.6": [
        0.8362369337979094
    ],
    "1.5": [
        0.8542713567839196
    ],
    "1.4": [
        0.8734693877551021
    ],
    "1.3": [
        0.8801775147928994
    ],
    "1.2": [
        0.9081803005008348
    ],
    "1.1": [
        0.9198542805100182
    ],
    "0.9": [
        0.9406593406593406
    ],
    "0.8": [
        0.9539641943734015
    ],
    "0.7": [
        0.9544159544159544
    ],
    "0.6": [
        0.973421926910299
    ],
    "0.5": [
        0.9764705882352941
    ],
    "0.4": [
        0.9800995024875622
    ],
    "0.3": [
        0.9931972789115646
    ],
    "0.2": [
        1.0
    ],
    "0.1": [
        1.0
    ]
}