{
    "inf": [
        0.8233502538071066
    ],
    "2": [
        0.8233502538071066
    ],
    "1.6": [
        0.861664712778429
    ],
    "1.5": [
        0.8851174934725848
    ],
    "1.4": [
        0.8930099857346647
    ],
    "1.3": [
        0.9037854889589906
    ],
    "1.2": [
        0.9125874125874126
    ],
    "1.1": [
        0.9180952380952381
    ],
    "0.9": [
        0.9346246973365617
    ],
    "0.8": [
        0.9392265193370166
    ],
    "0.7": [
        0.9428571428571428
    ],
    "0.6": [
        0.9398496240601504
    ],
    "0.5": [
        0.9547511312217195
    ],
    "0.4": [
        0.9649122807017544
    ],
    "0.3": [
        0.9763779527559056
    ],
    "0.2": [
        0.9746835443037974
    ],
    "0.1": [
        0.9696969696969697
    ]
}