{
    "inf": [
        0.7482233502538072
    ],
    "2": [
        0.7654822335025381
    ],
    "1.6": [
        0.9130434782608695
    ],
    "1.5": [
        0.972027972027972
    ],
    "1.4": [
        0.9722222222222222
    ],
    "1.3": [
        0.9826086956521739
    ],
    "1.2": [
        0.9876543209876543
    ],
    "1.1": [
        0.9814814814814815
    ],
    "0.9": [
        1.0
    ],
    "0.8": [
        1.0
    ],
    "0.7": [
        1.0
    ],
    "0.6": [
        1.0
    ],
    "0.5": [
        1.0
    ],
    "0.4": [
        1.0
    ],
    "0.3": [
        1.0
    ],
    "0.2": [
        1.0
    ],
    "0.1": [
        null
    ]
}