{
    "inf": [
        0.6629441624365482
    ],
    "2": [
        0.6791878172588832
    ],
    "1.6": [
        0.8586666666666667
    ],
    "1.5": [
        0.9267015706806283
    ],
    "1.4": [
        0.9459459459459459
    ],
    "1.3": [
        0.9666666666666667
    ],
    "1.2": [
        0.9696969696969697
    ],
    "1.1": [
        0.9473684210526315
    ],
    "0.9": [
        0.875
    ],
    "0.8": [
        1.0
    ],
    "0.7": [
        1.0
    ],
    "0.6": [
        1.0
    ],
    "0.5": [
        null
    ],
    "0.4": [
        null
    ],
    "0.3": [
        null
    ],
    "0.2": [
        null
    ],
    "0.1": [
        null
    ]
}