{
    "inf": [
        0.7573604060913706
    ],
    "2": [
        0.7573604060913706
    ],
    "1.6": [
        0.7702991452991453
    ],
    "1.5": [
        0.7927107061503417
    ],
    "1.4": [
        0.8241206030150754
    ],
    "1.3": [
        0.8414464534075105
    ],
    "1.2": [
        0.8659476117103235
    ],
    "1.1": [
        0.8837606837606837
    ],
    "0.9": [
        0.9094827586206896
    ],
    "0.8": [
        0.9134615384615384
    ],
    "0.7": [
        0.9275766016713092
    ],
    "0.6": [
        0.9223300970873787
    ],
    "0.5": [
        0.9324894514767933
    ],
    "0.4": [
        0.9347826086956522
    ],
    "0.3": [
        0.9379310344827586
    ],
    "0.2": [
        0.9444444444444444
    ],
    "0.1": [
        0.9807692307692307
    ]
}