{
    "inf": [
        0.782741116751269
    ],
    "2": [
        0.782741116751269
    ],
    "1.6": [
        0.8444444444444444
    ],
    "1.5": [
        0.8460508701472557
    ],
    "1.4": [
        0.869309838472834
    ],
    "1.3": [
        0.8941368078175895
    ],
    "1.2": [
        0.9055944055944056
    ],
    "1.1": [
        0.9187620889748549
    ],
    "0.9": [
        0.9373549883990719
    ],
    "0.8": [
        0.9549071618037135
    ],
    "0.7": [
        0.9546827794561934
    ],
    "0.6": [
        0.9637681159420289
    ],
    "0.5": [
        0.9746835443037974
    ],
    "0.4": [
        0.9689119170984456
    ],
    "0.3": [
        0.9858156028368794
    ],
    "0.2": [
        0.9775280898876404
    ],
    "0.1": [
        0.9722222222222222
    ]
}