{
    "inf": [
        0.7299492385786802
    ],
    "2": [
        0.7340101522842639
    ],
    "1.6": [
        0.8111888111888111
    ],
    "1.5": [
        0.8711433756805808
    ],
    "1.4": [
        0.8945054945054945
    ],
    "1.3": [
        0.9076517150395779
    ],
    "1.2": [
        0.9377049180327869
    ],
    "1.1": [
        0.9484126984126984
    ],
    "0.9": [
        0.9594594594594594
    ],
    "0.8": [
        0.9568965517241379
    ],
    "0.7": [
        0.9512195121951219
    ],
    "0.6": [
        0.9818181818181818
    ],
    "0.5": [
        0.972972972972973
    ],
    "0.4": [
        1.0
    ],
    "0.3": [
        1.0
    ],
    "0.2": [
        1.0
    ],
    "0.1": [
        1.0
    ]
}