{
    "inf": [
        0.7949238578680203
    ],
    "2": [
        0.7949238578680203
    ],
    "1.6": [
        0.8127053669222344
    ],
    "1.5": [
        0.8374083129584352
    ],
    "1.4": [
        0.8667621776504298
    ],
    "1.3": [
        0.8881578947368421
    ],
    "1.2": [
        0.9037735849056604
    ],
    "1.1": [
        0.9172113289760349
    ],
    "0.9": [
        0.9484848484848485
    ],
    "0.8": [
        0.9642857142857143
    ],
    "0.7": [
        0.9641255605381166
    ],
    "0.6": [
        0.9754601226993865
    ],
    "0.5": [
        0.992
    ],
    "0.4": [
        1.0
    ],
    "0.3": [
        1.0
    ],
    "0.2": [
        1.0
    ],
    "0.1": [
        1.0
    ]
}