{
    "inf": [
        0.7695431472081218
    ],
    "2": [
        0.7685279187817259
    ],
    "1.6": [
        0.8793103448275862
    ],
    "1.5": [
        0.9140350877192982
    ],
    "1.4": [
        0.9324618736383442
    ],
    "1.3": [
        0.9437340153452686
    ],
    "1.2": [
        0.9589905362776026
    ],
    "1.1": [
        0.9722222222222222
    ],
    "0.9": [
        0.9788732394366197
    ],
    "0.8": [
        0.9906542056074766
    ],
    "0.7": [
        0.9876543209876543
    ],
    "0.6": [
        1.0
    ],
    "0.5": [
        1.0
    ],
    "0.4": [
        1.0
    ],
    "0.3": [
        1.0
    ],
    "0.2": [
        1.0
    ],
    "0.1": [
        1.0
    ]
}