{
    "inf": [
        0.7939086294416243
    ],
    "2": [
        0.7939086294416243
    ],
    "1.6": [
        0.8248587570621468
    ],
    "1.5": [
        0.8479899497487438
    ],
    "1.4": [
        0.8619718309859155
    ],
    "1.3": [
        0.8848684210526315
    ],
    "1.2": [
        0.8950381679389313
    ],
    "1.1": [
        0.9181818181818182
    ],
    "0.9": [
        0.9540983606557377
    ],
    "0.8": [
        0.9561752988047809
    ],
    "0.7": [
        0.9698492462311558
    ],
    "0.6": [
        0.968944099378882
    ],
    "0.5": [
        0.967741935483871
    ],
    "0.4": [
        0.9506172839506173
    ],
    "0.3": [
        0.9767441860465116
    ],
    "0.2": [
        0.9473684210526315
    ],
    "0.1": [
        1.0
    ]
}