{
    "inf": [
        0.7959390862944162
    ],
    "2": [
        0.7949238578680203
    ],
    "1.6": [
        0.8421052631578947
    ],
    "1.5": [
        0.8661311914323963
    ],
    "1.4": [
        0.8846737481031867
    ],
    "1.3": [
        0.9016100178890877
    ],
    "1.2": [
        0.9163346613545816
    ],
    "1.1": [
        0.9311926605504587
    ],
    "0.9": [
        0.9393939393939394
    ],
    "0.8": [
        0.9618320610687023
    ],
    "0.7": [
        0.9638009049773756
    ],
    "0.6": [
        0.9662921348314607
    ],
    "0.5": [
        0.9716312056737588
    ],
    "0.4": [
        0.9813084112149533
    ],
    "0.3": [
        0.9824561403508771
    ],
    "0.2": [
        1.0
    ],
    "0.1": [
        1.0
    ]
}