{
    "inf": [
        0.8142131979695432
    ],
    "2": [
        0.817258883248731
    ],
    "1.6": [
        0.8374083129584352
    ],
    "1.5": [
        0.8369272237196765
    ],
    "1.4": [
        0.8582202111613876
    ],
    "1.3": [
        0.8514851485148515
    ],
    "1.2": [
        0.8770642201834863
    ],
    "1.1": [
        0.8875
    ],
    "0.9": [
        0.9056603773584906
    ],
    "0.8": [
        0.919093851132686
    ],
    "0.7": [
        0.9384615384615385
    ],
    "0.6": [
        0.9617224880382775
    ],
    "0.5": [
        0.9553072625698324
    ],
    "0.4": [
        0.9640287769784173
    ],
    "0.3": [
        0.9705882352941176
    ],
    "0.2": [
        0.9814814814814815
    ],
    "0.1": [
        1.0
    ]
}