{
    "inf": [
        0.7685279187817259
    ],
    "2": [
        0.7685279187817259
    ],
    "1.6": [
        0.8515007898894155
    ],
    "1.5": [
        0.8859649122807017
    ],
    "1.4": [
        0.9228486646884273
    ],
    "1.3": [
        0.9299610894941635
    ],
    "1.2": [
        0.9455445544554455
    ],
    "1.1": [
        0.967741935483871
    ],
    "0.9": [
        1.0
    ],
    "0.8": [
        1.0
    ],
    "0.7": [
        1.0
    ],
    "0.6": [
        1.0
    ],
    "0.5": [
        1.0
    ],
    "0.4": [
        1.0
    ],
    "0.3": [
        1.0
    ],
    "0.2": [
        1.0
    ],
    "0.1": [
        null
    ]
}