{
    "inf": [
        0.8050761421319796
    ],
    "2": [
        0.8111675126903554
    ],
    "1.6": [
        0.8571428571428571
    ],
    "1.5": [
        0.8698539176626826
    ],
    "1.4": [
        0.883551673944687
    ],
    "1.3": [
        0.9079365079365079
    ],
    "1.2": [
        0.9148936170212766
    ],
    "1.1": [
        0.9280155642023347
    ],
    "0.9": [
        0.9437939110070258
    ],
    "0.8": [
        0.9514824797843666
    ],
    "0.7": [
        0.9498432601880877
    ],
    "0.6": [
        0.9516728624535316
    ],
    "0.5": [
        0.9647577092511013
    ],
    "0.4": [
        0.9739583333333334
    ],
    "0.3": [
        0.986013986013986
    ],
    "0.2": [
        1.0
    ],
    "0.1": [
        1.0
    ]
}