{
    "inf": [
        0.8101522842639594
    ],
    "2": [
        0.8101522842639594
    ],
    "1.6": [
        0.8523573200992556
    ],
    "1.5": [
        0.8765060240963856
    ],
    "1.4": [
        0.9139579349904398
    ],
    "1.3": [
        0.9308755760368663
    ],
    "1.2": [
        0.9322033898305084
    ],
    "1.1": [
        0.9442508710801394
    ],
    "0.9": [
        0.9583333333333334
    ],
    "0.8": [
        0.9731543624161074
    ],
    "0.7": [
        0.9811320754716981
    ],
    "0.6": [
        1.0
    ],
    "0.5": [
        1.0
    ],
    "0.4": [
        1.0
    ],
    "0.3": [
        1.0
    ],
    "0.2": [
        1.0
    ],
    "0.1": [
        1.0
    ]
}