{
    "inf": [
        0.7766497461928934
    ],
    "2": [
        0.783756345177665
    ],
    "1.6": [
        0.9529085872576177
    ],
    "1.5": [
        0.9808612440191388
    ],
    "1.4": [
        0.9865771812080537
    ],
    "1.3": [
        0.9896907216494846
    ],
    "1.2": [
        1.0
    ],
    "1.1": [
        1.0
    ],
    "0.9": [
        1.0
    ],
    "0.8": [
        1.0
    ],
    "0.7": [
        1.0
    ],
    "0.6": [
        1.0
    ],
    "0.5": [
        null
    ],
    "0.4": [
        null
    ],
    "0.3": [
        null
    ],
    "0.2": [
        null
    ],
    "0.1": [
        null
    ]
}