{
    "inf": [
        0.7532994923857868
    ],
    "2": [
        0.7532994923857868
    ],
    "1.6": [
        0.7840909090909091
    ],
    "1.5": [
        0.8239895697522817
    ],
    "1.4": [
        0.8482142857142857
    ],
    "1.3": [
        0.8739054290718039
    ],
    "1.2": [
        0.9014373716632443
    ],
    "1.1": [
        0.9258373205741627
    ],
    "0.9": [
        0.9554140127388535
    ],
    "0.8": [
        0.9616858237547893
    ],
    "0.7": [
        0.9769585253456221
    ],
    "0.6": [
        0.9759036144578314
    ],
    "0.5": [
        0.9841269841269841
    ],
    "0.4": [
        0.9789473684210527
    ],
    "0.3": [
        0.9682539682539683
    ],
    "0.2": [
        1.0
    ],
    "0.1": [
        1.0
    ]
}