{
    "inf": [
        0.7604060913705584
    ],
    "2": [
        0.7604060913705584
    ],
    "1.6": [
        0.9201030927835051
    ],
    "1.5": [
        0.9484126984126984
    ],
    "1.4": [
        0.9707602339181286
    ],
    "1.3": [
        0.976
    ],
    "1.2": [
        1.0
    ],
    "1.1": [
        1.0
    ],
    "0.9": [
        1.0
    ],
    "0.8": [
        1.0
    ],
    "0.7": [
        1.0
    ],
    "0.6": [
        1.0
    ],
    "0.5": [
        1.0
    ],
    "0.4": [
        null
    ],
    "0.3": [
        null
    ],
    "0.2": [
        null
    ],
    "0.1": [
        null
    ]
}