{
    "inf": [
        0.7685279187817259
    ],
    "2": [
        0.7685279187817259
    ],
    "1.6": [
        0.8272946859903382
    ],
    "1.5": [
        0.8491083676268861
    ],
    "1.4": [
        0.8861386138613861
    ],
    "1.3": [
        0.903420523138833
    ],
    "1.2": [
        0.9128329297820823
    ],
    "1.1": [
        0.9281437125748503
    ],
    "0.9": [
        0.9612068965517241
    ],
    "0.8": [
        0.9728260869565217
    ],
    "0.7": [
        0.9716312056737588
    ],
    "0.6": [
        0.9745762711864406
    ],
    "0.5": [
        0.961038961038961
    ],
    "0.4": [
        0.9814814814814815
    ],
    "0.3": [
        0.9642857142857143
    ],
    "0.2": [
        1.0
    ],
    "0.1": [
        1.0
    ]
}