{
    "inf": [
        0.6883248730964467
    ],
    "2": [
        0.6375634517766497
    ],
    "1.6": [
        0.943089430894309
    ],
    "1.5": [
        0.972972972972973
    ],
    "1.4": [
        0.9333333333333333
    ],
    "1.3": [
        0.8
    ],
    "1.2": [
        1.0
    ],
    "1.1": [
        1.0
    ],
    "0.9": [
        null
    ],
    "0.8": [
        null
    ],
    "0.7": [
        null
    ],
    "0.6": [
        null
    ],
    "0.5": [
        null
    ],
    "0.4": [
        null
    ],
    "0.3": [
        null
    ],
    "0.2": [
        null
    ],
    "0.1": [
        null
    ]
}