{
    "inf": [
        0.7350253807106599
    ],
    "2": [
        0.698477157360406
    ],
    "1.6": [
        0.9513888888888888
    ],
    "1.5": [
        0.9558823529411765
    ],
    "1.4": [
        0.9615384615384616
    ],
    "1.3": [
        1.0
    ],
    "1.2": [
        1.0
    ],
    "1.1": [
        1.0
    ],
    "0.9": [
        1.0
    ],
    "0.8": [
        null
    ],
    "0.7": [
        null
    ],
    "0.6": [
        null
    ],
    "0.5": [
        null
    ],
    "0.4": [
        null
    ],
    "0.3": [
        null
    ],
    "0.2": [
        null
    ],
    "0.1": [
        null
    ]
}