{
    "inf": [
        0.7644670050761422
    ],
    "2": [
        0.7644670050761422
    ],
    "1.6": [
        0.8354430379746836
    ],
    "1.5": [
        0.8744257274119449
    ],
    "1.4": [
        0.9019963702359347
    ],
    "1.3": [
        0.918580375782881
    ],
    "1.2": [
        0.9343434343434344
    ],
    "1.1": [
        0.9467455621301775
    ],
    "0.9": [
        0.9576271186440678
    ],
    "0.8": [
        0.9615384615384616
    ],
    "0.7": [
        0.9722222222222222
    ],
    "0.6": [
        0.963302752293578
    ],
    "0.5": [
        0.961038961038961
    ],
    "0.4": [
        0.9629629629629629
    ],
    "0.3": [
        0.96875
    ],
    "0.2": [
        0.9411764705882353
    ],
    "0.1": [
        1.0
    ]
}