{
    "inf": [
        0.7918781725888325
    ],
    "2": [
        0.7857868020304568
    ],
    "1.6": [
        0.838107098381071
    ],
    "1.5": [
        0.8549723756906077
    ],
    "1.4": [
        0.8616071428571429
    ],
    "1.3": [
        0.8736
    ],
    "1.2": [
        0.8938053097345132
    ],
    "1.1": [
        0.91015625
    ],
    "0.9": [
        0.9230769230769231
    ],
    "0.8": [
        0.927170868347339
    ],
    "0.7": [
        0.9352750809061489
    ],
    "0.6": [
        0.943609022556391
    ],
    "0.5": [
        0.9565217391304348
    ],
    "0.4": [
        0.9625
    ],
    "0.3": [
        0.9658119658119658
    ],
    "0.2": [
        0.972972972972973
    ],
    "0.1": [
        0.9375
    ]
}