{
    "inf": [
        0.7796954314720812
    ],
    "2": [
        0.7796954314720812
    ],
    "1.6": [
        0.8014941302027748
    ],
    "1.5": [
        0.8203389830508474
    ],
    "1.4": [
        0.8397590361445784
    ],
    "1.3": [
        0.8503937007874016
    ],
    "1.2": [
        0.8733997155049786
    ],
    "1.1": [
        0.8818897637795275
    ],
    "0.9": [
        0.9244186046511628
    ],
    "0.8": [
        0.9339019189765458
    ],
    "0.7": [
        0.9475
    ],
    "0.6": [
        0.9585798816568047
    ],
    "0.5": [
        0.971830985915493
    ],
    "0.4": [
        0.9649122807017544
    ],
    "0.3": [
        0.9815950920245399
    ],
    "0.2": [
        0.9797979797979798
    ],
    "0.1": [
        1.0
    ]
}