{
    "inf": [
        0.8243654822335026
    ],
    "2": [
        0.8243654822335026
    ],
    "1.6": [
        0.875
    ],
    "1.5": [
        0.8945260347129506
    ],
    "1.4": [
        0.9074626865671642
    ],
    "1.3": [
        0.9273648648648649
    ],
    "1.2": [
        0.939453125
    ],
    "1.1": [
        0.9474885844748858
    ],
    "0.9": [
        0.9617834394904459
    ],
    "0.8": [
        0.9735849056603774
    ],
    "0.7": [
        0.9776785714285714
    ],
    "0.6": [
        0.978021978021978
    ],
    "0.5": [
        0.9787234042553191
    ],
    "0.4": [
        0.9690721649484536
    ],
    "0.3": [
        0.9516129032258065
    ],
    "0.2": [
        0.9666666666666667
    ],
    "0.1": [
        0.875
    ]
}