{
    "inf": [
        0.7908629441624365
    ],
    "2": [
        0.7908629441624365
    ],
    "1.6": [
        0.7938144329896907
    ],
    "1.5": [
        0.7981171548117155
    ],
    "1.4": [
        0.807733619763695
    ],
    "1.3": [
        0.8253079507278835
    ],
    "1.2": [
        0.8394768133174791
    ],
    "1.1": [
        0.8553770086526576
    ],
    "0.9": [
        0.889196675900277
    ],
    "0.8": [
        0.9125925925925926
    ],
    "0.7": [
        0.9301587301587302
    ],
    "0.6": [
        0.9463667820069204
    ],
    "0.5": [
        0.9516441005802708
    ],
    "0.4": [
        0.9600840336134454
    ],
    "0.3": [
        0.970873786407767
    ],
    "0.2": [
        0.9719626168224299
    ],
    "0.1": [
        0.9769585253456221
    ]
}