{
    "inf": [
        0.7522842639593909
    ],
    "2": [
        0.7522842639593909
    ],
    "1.6": [
        0.8784530386740331
    ],
    "1.5": [
        0.900523560209424
    ],
    "1.4": [
        0.9233449477351916
    ],
    "1.3": [
        0.9458128078817734
    ],
    "1.2": [
        0.9607843137254902
    ],
    "1.1": [
        0.9905660377358491
    ],
    "0.9": [
        1.0
    ],
    "0.8": [
        1.0
    ],
    "0.7": [
        1.0
    ],
    "0.6": [
        1.0
    ],
    "0.5": [
        1.0
    ],
    "0.4": [
        1.0
    ],
    "0.3": [
        1.0
    ],
    "0.2": [
        1.0
    ],
    "0.1": [
        1.0
    ]
}