{
    "inf": [
        0.7725888324873097
    ],
    "2": [
        0.7736040609137056
    ],
    "1.6": [
        0.8662420382165605
    ],
    "1.5": [
        0.925764192139738
    ],
    "1.4": [
        0.9439775910364145
    ],
    "1.3": [
        0.9583333333333334
    ],
    "1.2": [
        0.9607843137254902
    ],
    "1.1": [
        0.9625
    ],
    "0.9": [
        0.9493670886075949
    ],
    "0.8": [
        0.9661016949152542
    ],
    "0.7": [
        0.9761904761904762
    ],
    "0.6": [
        0.9642857142857143
    ],
    "0.5": [
        1.0
    ],
    "0.4": [
        1.0
    ],
    "0.3": [
        1.0
    ],
    "0.2": [
        1.0
    ],
    "0.1": [
        null
    ]
}