{
    "inf": [
        0.766497461928934
    ],
    "2": [
        0.766497461928934
    ],
    "1.6": [
        0.984
    ],
    "1.5": [
        0.9636363636363636
    ],
    "1.4": [
        0.9545454545454546
    ],
    "1.3": [
        1.0
    ],
    "1.2": [
        1.0
    ],
    "1.1": [
        1.0
    ],
    "0.9": [
        null
    ],
    "0.8": [
        null
    ],
    "0.7": [
        null
    ],
    "0.6": [
        null
    ],
    "0.5": [
        null
    ],
    "0.4": [
        null
    ],
    "0.3": [
        null
    ],
    "0.2": [
        null
    ],
    "0.1": [
        null
    ]
}