{
    "inf": [
        0.7725888324873097
    ],
    "2": [
        0.7725888324873097
    ],
    "1.6": [
        0.8680555555555556
    ],
    "1.5": [
        0.9131578947368421
    ],
    "1.4": [
        0.9488188976377953
    ],
    "1.3": [
        0.9468085106382979
    ],
    "1.2": [
        0.9645390070921985
    ],
    "1.1": [
        0.9791666666666666
    ],
    "0.9": [
        1.0
    ],
    "0.8": [
        1.0
    ],
    "0.7": [
        1.0
    ],
    "0.6": [
        1.0
    ],
    "0.5": [
        1.0
    ],
    "0.4": [
        1.0
    ],
    "0.3": [
        1.0
    ],
    "0.2": [
        1.0
    ],
    "0.1": [
        null
    ]
}