{
    "inf": [
        0.783756345177665
    ],
    "2": [
        0.7807106598984772
    ],
    "1.6": [
        0.8429237947122862
    ],
    "1.5": [
        0.8672768878718535
    ],
    "1.4": [
        0.8990228013029316
    ],
    "1.3": [
        0.9230769230769231
    ],
    "1.2": [
        0.9354838709677419
    ],
    "1.1": [
        0.9313725490196079
    ],
    "0.9": [
        0.9574468085106383
    ],
    "0.8": [
        0.967741935483871
    ],
    "0.7": [
        1.0
    ],
    "0.6": [
        1.0
    ],
    "0.5": [
        1.0
    ],
    "0.4": [
        1.0
    ],
    "0.3": [
        1.0
    ],
    "0.2": [
        1.0
    ],
    "0.1": [
        1.0
    ]
}