{
    "inf": [
        0.8091370558375635
    ],
    "2": [
        0.8121827411167513
    ],
    "1.6": [
        0.8672680412371134
    ],
    "1.5": [
        0.8808510638297873
    ],
    "1.4": [
        0.9040880503144654
    ],
    "1.3": [
        0.9135593220338983
    ],
    "1.2": [
        0.9160447761194029
    ],
    "1.1": [
        0.9214876033057852
    ],
    "0.9": [
        0.9606741573033708
    ],
    "0.8": [
        0.9650793650793651
    ],
    "0.7": [
        0.9743589743589743
    ],
    "0.6": [
        0.9768518518518519
    ],
    "0.5": [
        0.9883720930232558
    ],
    "0.4": [
        0.9847328244274809
    ],
    "0.3": [
        0.978021978021978
    ],
    "0.2": [
        0.96
    ],
    "0.1": [
        1.0
    ]
}