{
    "inf": [
        0.783756345177665
    ],
    "2": [
        0.783756345177665
    ],
    "1.6": [
        0.8892921960072595
    ],
    "1.5": [
        0.9219143576826196
    ],
    "1.4": [
        0.9457627118644067
    ],
    "1.3": [
        0.9398148148148148
    ],
    "1.2": [
        0.9642857142857143
    ],
    "1.1": [
        0.9836065573770492
    ],
    "0.9": [
        0.9838709677419355
    ],
    "0.8": [
        0.975609756097561
    ],
    "0.7": [
        0.9666666666666667
    ],
    "0.6": [
        1.0
    ],
    "0.5": [
        1.0
    ],
    "0.4": [
        1.0
    ],
    "0.3": [
        1.0
    ],
    "0.2": [
        1.0
    ],
    "0.1": [
        1.0
    ]
}