{
    "inf": [
        0.7939086294416243
    ],
    "2": [
        0.7939086294416243
    ],
    "1.6": [
        0.8735119047619048
    ],
    "1.5": [
        0.9092741935483871
    ],
    "1.4": [
        0.927027027027027
    ],
    "1.3": [
        0.9366197183098591
    ],
    "1.2": [
        0.9411764705882353
    ],
    "1.1": [
        0.9467455621301775
    ],
    "0.9": [
        0.9468085106382979
    ],
    "0.8": [
        0.9696969696969697
    ],
    "0.7": [
        0.9803921568627451
    ],
    "0.6": [
        1.0
    ],
    "0.5": [
        1.0
    ],
    "0.4": [
        1.0
    ],
    "0.3": [
        1.0
    ],
    "0.2": [
        1.0
    ],
    "0.1": [
        1.0
    ]
}