{
    "inf": [
        0.7076142131979696
    ],
    "2": [
        0.7076142131979696
    ],
    "1.6": [
        0.85431654676259
    ],
    "1.5": [
        0.8997613365155132
    ],
    "1.4": [
        0.946875
    ],
    "1.3": [
        0.9715447154471545
    ],
    "1.2": [
        0.9790575916230366
    ],
    "1.1": [
        0.9928571428571429
    ],
    "0.9": [
        1.0
    ],
    "0.8": [
        1.0
    ],
    "0.7": [
        1.0
    ],
    "0.6": [
        1.0
    ],
    "0.5": [
        1.0
    ],
    "0.4": [
        1.0
    ],
    "0.3": [
        1.0
    ],
    "0.2": [
        1.0
    ],
    "0.1": [
        1.0
    ]
}