{
    "inf": [
        0.8071065989847716
    ],
    "2": [
        0.8071065989847716
    ],
    "1.6": [
        0.8957345971563981
    ],
    "1.5": [
        0.9268817204301075
    ],
    "1.4": [
        0.9495548961424333
    ],
    "1.3": [
        0.9508196721311475
    ],
    "1.2": [
        0.9661016949152542
    ],
    "1.1": [
        0.9754098360655737
    ],
    "0.9": [
        0.9710144927536232
    ],
    "0.8": [
        0.9795918367346939
    ],
    "0.7": [
        1.0
    ],
    "0.6": [
        1.0
    ],
    "0.5": [
        1.0
    ],
    "0.4": [
        1.0
    ],
    "0.3": [
        1.0
    ],
    "0.2": [
        1.0
    ],
    "0.1": [
        1.0
    ]
}