{
    "inf": [
        0.7898477157360406
    ],
    "2": [
        0.7898477157360406
    ],
    "1.6": [
        0.8177727784026997
    ],
    "1.5": [
        0.8381430363864492
    ],
    "1.4": [
        0.8653001464128843
    ],
    "1.3": [
        0.88
    ],
    "1.2": [
        0.8974854932301741
    ],
    "1.1": [
        0.911062906724512
    ],
    "0.9": [
        0.943952802359882
    ],
    "0.8": [
        0.9437086092715232
    ],
    "0.7": [
        0.9549180327868853
    ],
    "0.6": [
        0.9609756097560975
    ],
    "0.5": [
        0.9627329192546584
    ],
    "0.4": [
        0.9834710743801653
    ],
    "0.3": [
        0.9743589743589743
    ],
    "0.2": [
        0.9767441860465116
    ],
    "0.1": [
        0.9411764705882353
    ]
}