{
    "inf": [
        0.7928934010152284
    ],
    "2": [
        0.7928934010152284
    ],
    "1.6": [
        0.8835904628330996
    ],
    "1.5": [
        0.9003164556962026
    ],
    "1.4": [
        0.9113043478260869
    ],
    "1.3": [
        0.9153846153846154
    ],
    "1.2": [
        0.9253731343283582
    ],
    "1.1": [
        0.9375
    ],
    "0.9": [
        0.9716088328075709
    ],
    "0.8": [
        0.9747292418772563
    ],
    "0.7": [
        0.979253112033195
    ],
    "0.6": [
        0.9809523809523809
    ],
    "0.5": [
        0.9883720930232558
    ],
    "0.4": [
        1.0
    ],
    "0.3": [
        1.0
    ],
    "0.2": [
        1.0
    ],
    "0.1": [
        1.0
    ]
}