{
    "inf": [
        0.7583756345177665
    ],
    "2": [
        0.7583756345177665
    ],
    "1.6": [
        0.7851428571428571
    ],
    "1.5": [
        0.806615776081425
    ],
    "1.4": [
        0.8281938325991189
    ],
    "1.3": [
        0.8444816053511706
    ],
    "1.2": [
        0.8714011516314779
    ],
    "1.1": [
        0.8837719298245614
    ],
    "0.9": [
        0.8997050147492626
    ],
    "0.8": [
        0.9054054054054054
    ],
    "0.7": [
        0.9142857142857143
    ],
    "0.6": [
        0.9187817258883249
    ],
    "0.5": [
        0.9263803680981595
    ],
    "0.4": [
        0.9322033898305084
    ],
    "0.3": [
        0.9560439560439561
    ],
    "0.2": [
        0.9818181818181818
    ],
    "0.1": [
        1.0
    ]
}