{
    "inf": [
        0.7522842639593909
    ],
    "2": [
        0.7522842639593909
    ],
    "1.6": [
        0.7901234567901234
    ],
    "1.5": [
        0.8222222222222222
    ],
    "1.4": [
        0.8454861111111112
    ],
    "1.3": [
        0.8817204301075269
    ],
    "1.2": [
        0.8934010152284264
    ],
    "1.1": [
        0.9039039039039038
    ],
    "0.9": [
        0.9205607476635514
    ],
    "0.8": [
        0.9322033898305084
    ],
    "0.7": [
        0.9407407407407408
    ],
    "0.6": [
        0.941747572815534
    ],
    "0.5": [
        0.9672131147540983
    ],
    "0.4": [
        1.0
    ],
    "0.3": [
        1.0
    ],
    "0.2": [
        1.0
    ],
    "0.1": [
        1.0
    ]
}