{
    "inf": [
        0.7817258883248731
    ],
    "2": [
        0.7878172588832487
    ],
    "1.6": [
        0.9401330376940134
    ],
    "1.5": [
        0.967948717948718
    ],
    "1.4": [
        0.9720930232558139
    ],
    "1.3": [
        0.9917355371900827
    ],
    "1.2": [
        1.0
    ],
    "1.1": [
        1.0
    ],
    "0.9": [
        1.0
    ],
    "0.8": [
        1.0
    ],
    "0.7": [
        1.0
    ],
    "0.6": [
        1.0
    ],
    "0.5": [
        null
    ],
    "0.4": [
        null
    ],
    "0.3": [
        null
    ],
    "0.2": [
        null
    ],
    "0.1": [
        null
    ]
}