{
    "inf": [
        0.8233502538071066
    ],
    "2": [
        0.8253807106598985
    ],
    "1.6": [
        0.8698710433763188
    ],
    "1.5": [
        0.8893178893178894
    ],
    "1.4": [
        0.9081779053084649
    ],
    "1.3": [
        0.9227202472952086
    ],
    "1.2": [
        0.9284467713787086
    ],
    "1.1": [
        0.9382239382239382
    ],
    "0.9": [
        0.9547738693467337
    ],
    "0.8": [
        0.9568965517241379
    ],
    "0.7": [
        0.9756944444444444
    ],
    "0.6": [
        0.984
    ],
    "0.5": [
        0.98
    ],
    "0.4": [
        0.9873417721518988
    ],
    "0.3": [
        0.9914529914529915
    ],
    "0.2": [
        1.0
    ],
    "0.1": [
        1.0
    ]
}