{
    "inf": [
        0.7309644670050761
    ],
    "2": [
        0.6842639593908629
    ],
    "1.6": [
        0.9116279069767442
    ],
    "1.5": [
        0.959349593495935
    ],
    "1.4": [
        0.9459459459459459
    ],
    "1.3": [
        1.0
    ],
    "1.2": [
        1.0
    ],
    "1.1": [
        1.0
    ],
    "0.9": [
        1.0
    ],
    "0.8": [
        1.0
    ],
    "0.7": [
        null
    ],
    "0.6": [
        1.0
    ],
    "0.5": [
        null
    ],
    "0.4": [
        null
    ],
    "0.3": [
        null
    ],
    "0.2": [
        null
    ],
    "0.1": [
        null
    ]
}