{
    "inf": [
        0.798984771573604
    ],
    "2": [
        0.7979695431472081
    ],
    "1.6": [
        0.8198895027624309
    ],
    "1.5": [
        0.8343337334933973
    ],
    "1.4": [
        0.8426666666666667
    ],
    "1.3": [
        0.8613138686131386
    ],
    "1.2": [
        0.8792270531400966
    ],
    "1.1": [
        0.8954954954954955
    ],
    "0.9": [
        0.9114219114219114
    ],
    "0.8": [
        0.9258241758241759
    ],
    "0.7": [
        0.9222614840989399
    ],
    "0.6": [
        0.9422222222222222
    ],
    "0.5": [
        0.9508196721311475
    ],
    "0.4": [
        0.9640287769784173
    ],
    "0.3": [
        0.9473684210526315
    ],
    "0.2": [
        0.9661016949152542
    ],
    "0.1": [
        0.9615384615384616
    ]
}