{
    "inf": [
        0.8395939086294416
    ],
    "2": [
        0.8294416243654822
    ],
    "1.6": [
        0.8574766355140186
    ],
    "1.5": [
        0.8777633289986996
    ],
    "1.4": [
        0.9133627019089574
    ],
    "1.3": [
        0.9331103678929766
    ],
    "1.2": [
        0.9455909943714822
    ],
    "1.1": [
        0.9538784067085954
    ],
    "0.9": [
        0.980225988700565
    ],
    "0.8": [
        0.979933110367893
    ],
    "0.7": [
        0.9844961240310077
    ],
    "0.6": [
        0.9863636363636363
    ],
    "0.5": [
        0.9942528735632183
    ],
    "0.4": [
        0.9925373134328358
    ],
    "0.3": [
        1.0
    ],
    "0.2": [
        1.0
    ],
    "0.1": [
        1.0
    ]
}