{
    "inf": [
        0.7868020304568528
    ],
    "2": [
        0.7868020304568528
    ],
    "1.6": [
        0.9177489177489178
    ],
    "1.5": [
        0.9379310344827586
    ],
    "1.4": [
        0.9585492227979274
    ],
    "1.3": [
        0.9640287769784173
    ],
    "1.2": [
        0.9791666666666666
    ],
    "1.1": [
        0.9692307692307692
    ],
    "0.9": [
        1.0
    ],
    "0.8": [
        1.0
    ],
    "0.7": [
        1.0
    ],
    "0.6": [
        1.0
    ],
    "0.5": [
        1.0
    ],
    "0.4": [
        1.0
    ],
    "0.3": [
        1.0
    ],
    "0.2": [
        1.0
    ],
    "0.1": [
        null
    ]
}