{
    "inf": [
        0.7258883248730964
    ],
    "2": [
        0.7583756345177665
    ],
    "1.6": [
        0.92
    ],
    "1.5": [
        1.0
    ],
    "1.4": [
        1.0
    ],
    "1.3": [
        0.9411764705882353
    ],
    "1.2": [
        1.0
    ],
    "1.1": [
        1.0
    ],
    "0.9": [
        1.0
    ],
    "0.8": [
        null
    ],
    "0.7": [
        null
    ],
    "0.6": [
        null
    ],
    "0.5": [
        null
    ],
    "0.4": [
        null
    ],
    "0.3": [
        null
    ],
    "0.2": [
        null
    ],
    "0.1": [
        null
    ]
}