{
    "inf": [
        0.7908629441624365
    ],
    "2": [
        0.7898477157360406
    ],
    "1.6": [
        0.9477611940298507
    ],
    "1.5": [
        0.94140625
    ],
    "1.4": [
        0.9683544303797469
    ],
    "1.3": [
        0.9380530973451328
    ],
    "1.2": [
        0.9857142857142858
    ],
    "1.1": [
        0.9761904761904762
    ],
    "0.9": [
        1.0
    ],
    "0.8": [
        1.0
    ],
    "0.7": [
        1.0
    ],
    "0.6": [
        1.0
    ],
    "0.5": [
        1.0
    ],
    "0.4": [
        1.0
    ],
    "0.3": [
        1.0
    ],
    "0.2": [
        1.0
    ],
    "0.1": [
        null
    ]
}