{
    "inf": [
        0.7888324873096447
    ],
    "2": [
        0.7928934010152284
    ],
    "1.6": [
        0.85297845373891
    ],
    "1.5": [
        0.8741058655221745
    ],
    "1.4": [
        0.8803827751196173
    ],
    "1.3": [
        0.9019607843137255
    ],
    "1.2": [
        0.9247524752475248
    ],
    "1.1": [
        0.9324618736383442
    ],
    "0.9": [
        0.9472140762463344
    ],
    "0.8": [
        0.9471947194719472
    ],
    "0.7": [
        0.96875
    ],
    "0.6": [
        0.985781990521327
    ],
    "0.5": [
        0.9818181818181818
    ],
    "0.4": [
        0.9916666666666667
    ],
    "0.3": [
        0.9880952380952381
    ],
    "0.2": [
        0.9777777777777777
    ],
    "0.1": [
        1.0
    ]
}