{
    "inf": [
        0.7289340101522843
    ],
    "2": [
        0.7289340101522843
    ],
    "1.6": [
        0.9387755102040817
    ],
    "1.5": [
        0.9727272727272728
    ],
    "1.4": [
        0.9811320754716981
    ],
    "1.3": [
        1.0
    ],
    "1.2": [
        1.0
    ],
    "1.1": [
        1.0
    ],
    "0.9": [
        null
    ],
    "0.8": [
        null
    ],
    "0.7": [
        null
    ],
    "0.6": [
        null
    ],
    "0.5": [
        null
    ],
    "0.4": [
        null
    ],
    "0.3": [
        null
    ],
    "0.2": [
        null
    ],
    "0.1": [
        null
    ]
}