{
    "inf": [
        0.14517766497461929
    ],
    "2": [
        0.14517766497461929
    ],
    "1.6": [
        0.1485148514851485
    ],
    "1.5": [
        0.2
    ],
    "1.4": [
        0.16666666666666666
    ],
    "1.3": [
        0.06666666666666667
    ],
    "1.2": [
        0.0
    ],
    "1.1": [
        0.0
    ],
    "0.9": [
        0.0
    ],
    "0.8": [
        0.0
    ],
    "0.7": [
        0.0
    ],
    "0.6": [
        0.0
    ],
    "0.5": [
        null
    ],
    "0.4": [
        null
    ],
    "0.3": [
        null
    ],
    "0.2": [
        null
    ],
    "0.1": [
        null
    ]
}