{
    "inf": [
        0.7634517766497462
    ],
    "2": [
        0.7593908629441625
    ],
    "1.6": [
        0.8541329011345219
    ],
    "1.5": [
        0.9025974025974026
    ],
    "1.4": [
        0.9028571428571428
    ],
    "1.3": [
        0.9301470588235294
    ],
    "1.2": [
        0.9495412844036697
    ],
    "1.1": [
        0.9636363636363636
    ],
    "0.9": [
        0.9619047619047619
    ],
    "0.8": [
        0.974025974025974
    ],
    "0.7": [
        0.9661016949152542
    ],
    "0.6": [
        0.975
    ],
    "0.5": [
        0.9615384615384616
    ],
    "0.4": [
        1.0
    ],
    "0.3": [
        1.0
    ],
    "0.2": [
        1.0
    ],
    "0.1": [
        1.0
    ]
}