{
    "inf": [
        0.7908629441624365
    ],
    "2": [
        0.7868020304568528
    ],
    "1.6": [
        0.9178743961352657
    ],
    "1.5": [
        0.9444444444444444
    ],
    "1.4": [
        0.9814814814814815
    ],
    "1.3": [
        1.0
    ],
    "1.2": [
        1.0
    ],
    "1.1": [
        1.0
    ],
    "0.9": [
        1.0
    ],
    "0.8": [
        1.0
    ],
    "0.7": [
        1.0
    ],
    "0.6": [
        1.0
    ],
    "0.5": [
        1.0
    ],
    "0.4": [
        1.0
    ],
    "0.3": [
        1.0
    ],
    "0.2": [
        null
    ],
    "0.1": [
        null
    ]
}