{
    "inf": [
        0.8030456852791878
    ],
    "2": [
        0.8030456852791878
    ],
    "1.6": [
        0.8522875816993464
    ],
    "1.5": [
        0.8651877133105802
    ],
    "1.4": [
        0.9100642398286938
    ],
    "1.3": [
        0.9329758713136729
    ],
    "1.2": [
        0.9471830985915493
    ],
    "1.1": [
        0.9519650655021834
    ],
    "0.9": [
        0.9708029197080292
    ],
    "0.8": [
        0.9813084112149533
    ],
    "0.7": [
        0.9772727272727273
    ],
    "0.6": [
        0.9833333333333333
    ],
    "0.5": [
        0.9743589743589743
    ],
    "0.4": [
        1.0
    ],
    "0.3": [
        1.0
    ],
    "0.2": [
        1.0
    ],
    "0.1": [
        1.0
    ]
}