{
    "inf": [
        0.7959390862944162
    ],
    "2": [
        0.798984771573604
    ],
    "1.6": [
        0.8497596153846154
    ],
    "1.5": [
        0.8618857901726428
    ],
    "1.4": [
        0.8742690058479532
    ],
    "1.3": [
        0.893030794165316
    ],
    "1.2": [
        0.9059674502712477
    ],
    "1.1": [
        0.9191321499013807
    ],
    "0.9": [
        0.9317073170731708
    ],
    "0.8": [
        0.925
    ],
    "0.7": [
        0.9449838187702265
    ],
    "0.6": [
        0.948339483394834
    ],
    "0.5": [
        0.9506726457399103
    ],
    "0.4": [
        0.9593023255813954
    ],
    "0.3": [
        0.9769230769230769
    ],
    "0.2": [
        0.9871794871794872
    ],
    "0.1": [
        1.0
    ]
}