{
    "inf": [
        0.7928934010152284
    ],
    "2": [
        0.7959390862944162
    ],
    "1.6": [
        0.8601747815230961
    ],
    "1.5": [
        0.8817802503477051
    ],
    "1.4": [
        0.8907435508345979
    ],
    "1.3": [
        0.9024793388429752
    ],
    "1.2": [
        0.9155963302752294
    ],
    "1.1": [
        0.9271255060728745
    ],
    "0.9": [
        0.9523809523809523
    ],
    "0.8": [
        0.9518413597733711
    ],
    "0.7": [
        0.9612903225806452
    ],
    "0.6": [
        0.9776119402985075
    ],
    "0.5": [
        0.9907407407407407
    ],
    "0.4": [
        1.0
    ],
    "0.3": [
        1.0
    ],
    "0.2": [
        1.0
    ],
    "0.1": [
        1.0
    ]
}