{
    "inf": [
        0.7654822335025381
    ],
    "2": [
        0.7654822335025381
    ],
    "1.6": [
        0.9588235294117647
    ],
    "1.5": [
        0.9836065573770492
    ],
    "1.4": [
        0.9565217391304348
    ],
    "1.3": [
        1.0
    ],
    "1.2": [
        1.0
    ],
    "1.1": [
        1.0
    ],
    "0.9": [
        null
    ],
    "0.8": [
        null
    ],
    "0.7": [
        null
    ],
    "0.6": [
        null
    ],
    "0.5": [
        null
    ],
    "0.4": [
        null
    ],
    "0.3": [
        null
    ],
    "0.2": [
        null
    ],
    "0.1": [
        null
    ]
}