{
    "inf": [
        0.7685279187817259
    ],
    "2": [
        0.7685279187817259
    ],
    "1.6": [
        0.9307692307692308
    ],
    "1.5": [
        0.9541984732824428
    ],
    "1.4": [
        0.9722222222222222
    ],
    "1.3": [
        0.9565217391304348
    ],
    "1.2": [
        0.9565217391304348
    ],
    "1.1": [
        0.9230769230769231
    ],
    "0.9": [
        1.0
    ],
    "0.8": [
        1.0
    ],
    "0.7": [
        1.0
    ],
    "0.6": [
        null
    ],
    "0.5": [
        null
    ],
    "0.4": [
        null
    ],
    "0.3": [
        null
    ],
    "0.2": [
        null
    ],
    "0.1": [
        null
    ]
}