{
    "inf": [
        0.7350253807106599
    ],
    "2": [
        0.7370558375634517
    ],
    "1.6": [
        0.775
    ],
    "1.5": [
        0.8122605363984674
    ],
    "1.4": [
        0.8504273504273504
    ],
    "1.3": [
        0.872
    ],
    "1.2": [
        0.8950276243093923
    ],
    "1.1": [
        0.9020833333333333
    ],
    "0.9": [
        0.9291553133514986
    ],
    "0.8": [
        0.940809968847352
    ],
    "0.7": [
        0.9448818897637795
    ],
    "0.6": [
        0.9509803921568627
    ],
    "0.5": [
        0.9512195121951219
    ],
    "0.4": [
        0.95
    ],
    "0.3": [
        0.974025974025974
    ],
    "0.2": [
        0.975609756097561
    ],
    "0.1": [
        1.0
    ]
}