{
    "inf": [
        0.7857868020304568
    ],
    "2": [
        0.7908629441624365
    ],
    "1.6": [
        0.8549382716049383
    ],
    "1.5": [
        0.911062906724512
    ],
    "1.4": [
        0.9272727272727272
    ],
    "1.3": [
        0.9333333333333333
    ],
    "1.2": [
        0.930635838150289
    ],
    "1.1": [
        0.92
    ],
    "0.9": [
        0.9523809523809523
    ],
    "0.8": [
        0.9512195121951219
    ],
    "0.7": [
        0.9047619047619048
    ],
    "0.6": [
        0.8333333333333334
    ],
    "0.5": [
        1.0
    ],
    "0.4": [
        1.0
    ],
    "0.3": [
        1.0
    ],
    "0.2": [
        1.0
    ],
    "0.1": [
        1.0
    ]
}