{
    "inf": [
        0.8010152284263959
    ],
    "2": [
        0.7979695431472081
    ],
    "1.6": [
        0.8306748466257668
    ],
    "1.5": [
        0.8502673796791443
    ],
    "1.4": [
        0.8633720930232558
    ],
    "1.3": [
        0.8877887788778878
    ],
    "1.2": [
        0.9009174311926605
    ],
    "1.1": [
        0.9175257731958762
    ],
    "0.9": [
        0.9253333333333333
    ],
    "0.8": [
        0.9331306990881459
    ],
    "0.7": [
        0.9377289377289377
    ],
    "0.6": [
        0.9691629955947136
    ],
    "0.5": [
        0.9888888888888889
    ],
    "0.4": [
        0.9928571428571429
    ],
    "0.3": [
        1.0
    ],
    "0.2": [
        1.0
    ],
    "0.1": [
        1.0
    ]
}