{
    "inf": [
        0.7817258883248731
    ],
    "2": [
        0.7817258883248731
    ],
    "1.6": [
        0.822477650063857
    ],
    "1.5": [
        0.8447552447552448
    ],
    "1.4": [
        0.8573692551505546
    ],
    "1.3": [
        0.8715753424657534
    ],
    "1.2": [
        0.8861003861003861
    ],
    "1.1": [
        0.8943965517241379
    ],
    "0.9": [
        0.9159663865546218
    ],
    "0.8": [
        0.9292604501607717
    ],
    "0.7": [
        0.9395017793594306
    ],
    "0.6": [
        0.9310344827586207
    ],
    "0.5": [
        0.9368421052631579
    ],
    "0.4": [
        0.954248366013072
    ],
    "0.3": [
        0.9649122807017544
    ],
    "0.2": [
        0.974025974025974
    ],
    "0.1": [
        0.9714285714285714
    ]
}