{
    "inf": [
        0.7786802030456853
    ],
    "2": [
        0.7725888324873097
    ],
    "1.6": [
        0.8464516129032258
    ],
    "1.5": [
        0.900163666121113
    ],
    "1.4": [
        0.9291338582677166
    ],
    "1.3": [
        0.9432624113475178
    ],
    "1.2": [
        0.9526627218934911
    ],
    "1.1": [
        0.9548872180451128
    ],
    "0.9": [
        0.9857142857142858
    ],
    "0.8": [
        1.0
    ],
    "0.7": [
        1.0
    ],
    "0.6": [
        1.0
    ],
    "0.5": [
        1.0
    ],
    "0.4": [
        1.0
    ],
    "0.3": [
        1.0
    ],
    "0.2": [
        1.0
    ],
    "0.1": [
        1.0
    ]
}