{
    "inf": [
        0.7472081218274111
    ],
    "2": [
        0.7238578680203046
    ],
    "1.6": [
        0.9128540305010894
    ],
    "1.5": [
        0.9362416107382551
    ],
    "1.4": [
        0.9479166666666666
    ],
    "1.3": [
        0.9504132231404959
    ],
    "1.2": [
        0.9746835443037974
    ],
    "1.1": [
        0.9402985074626866
    ],
    "0.9": [
        0.875
    ],
    "0.8": [
        0.8888888888888888
    ],
    "0.7": [
        1.0
    ],
    "0.6": [
        null
    ],
    "0.5": [
        null
    ],
    "0.4": [
        1.0
    ],
    "0.3": [
        null
    ],
    "0.2": [
        null
    ],
    "0.1": [
        null
    ]
}