{
    "inf": [
        0.7786802030456853
    ],
    "2": [
        0.7786802030456853
    ],
    "1.6": [
        0.9057692307692308
    ],
    "1.5": [
        0.9222520107238605
    ],
    "1.4": [
        0.9195804195804196
    ],
    "1.3": [
        0.9302325581395349
    ],
    "1.2": [
        0.9452054794520548
    ],
    "1.1": [
        0.9724770642201835
    ],
    "0.9": [
        0.9787234042553191
    ],
    "0.8": [
        0.9696969696969697
    ],
    "0.7": [
        1.0
    ],
    "0.6": [
        1.0
    ],
    "0.5": [
        1.0
    ],
    "0.4": [
        1.0
    ],
    "0.3": [
        1.0
    ],
    "0.2": [
        1.0
    ],
    "0.1": [
        1.0
    ]
}