{
    "inf": [
        0.8243654822335026
    ],
    "2": [
        0.8233502538071066
    ],
    "1.6": [
        0.8819951338199513
    ],
    "1.5": [
        0.8937583001328021
    ],
    "1.4": [
        0.9110787172011662
    ],
    "1.3": [
        0.9283489096573209
    ],
    "1.2": [
        0.9387755102040817
    ],
    "1.1": [
        0.9441340782122905
    ],
    "0.9": [
        0.9617224880382775
    ],
    "0.8": [
        0.9680851063829787
    ],
    "0.7": [
        0.9715189873417721
    ],
    "0.6": [
        0.9772727272727273
    ],
    "0.5": [
        0.9812206572769953
    ],
    "0.4": [
        0.9818181818181818
    ],
    "0.3": [
        0.990990990990991
    ],
    "0.2": [
        1.0
    ],
    "0.1": [
        1.0
    ]
}