{
    "inf": [
        0.7604060913705584
    ],
    "2": [
        0.7604060913705584
    ],
    "1.6": [
        0.9027484143763214
    ],
    "1.5": [
        0.9366197183098591
    ],
    "1.4": [
        0.9565217391304348
    ],
    "1.3": [
        0.9745762711864406
    ],
    "1.2": [
        0.9770114942528736
    ],
    "1.1": [
        1.0
    ],
    "0.9": [
        1.0
    ],
    "0.8": [
        1.0
    ],
    "0.7": [
        1.0
    ],
    "0.6": [
        1.0
    ],
    "0.5": [
        1.0
    ],
    "0.4": [
        1.0
    ],
    "0.3": [
        null
    ],
    "0.2": [
        null
    ],
    "0.1": [
        null
    ]
}