{
    "inf": [
        0.7847715736040609
    ],
    "2": [
        0.7685279187817259
    ],
    "1.6": [
        0.9133858267716536
    ],
    "1.5": [
        0.9488188976377953
    ],
    "1.4": [
        0.9933774834437086
    ],
    "1.3": [
        1.0
    ],
    "1.2": [
        1.0
    ],
    "1.1": [
        1.0
    ],
    "0.9": [
        1.0
    ],
    "0.8": [
        1.0
    ],
    "0.7": [
        1.0
    ],
    "0.6": [
        1.0
    ],
    "0.5": [
        1.0
    ],
    "0.4": [
        null
    ],
    "0.3": [
        null
    ],
    "0.2": [
        null
    ],
    "0.1": [
        null
    ]
}