{
    "inf": [
        0.7807106598984772
    ],
    "2": [
        0.7807106598984772
    ],
    "1.6": [
        0.7830957230142567
    ],
    "1.5": [
        0.7901234567901234
    ],
    "1.4": [
        0.791578947368421
    ],
    "1.3": [
        0.7952586206896551
    ],
    "1.2": [
        0.8058035714285714
    ],
    "1.1": [
        0.818815331010453
    ],
    "0.9": [
        0.8534370946822308
    ],
    "0.8": [
        0.8695035460992908
    ],
    "0.7": [
        0.8942457231726283
    ],
    "0.6": [
        0.9113043478260869
    ],
    "0.5": [
        0.9186046511627907
    ],
    "0.4": [
        0.9296703296703297
    ],
    "0.3": [
        0.9455958549222798
    ],
    "0.2": [
        0.9552715654952076
    ],
    "0.1": [
        0.9603960396039604
    ]
}