{
    "inf": [
        0.7431472081218274
    ],
    "2": [
        0.7431472081218274
    ],
    "1.6": [
        0.801255230125523
    ],
    "1.5": [
        0.8338983050847457
    ],
    "1.4": [
        0.8786127167630058
    ],
    "1.3": [
        0.8865979381443299
    ],
    "1.2": [
        0.8983050847457628
    ],
    "1.1": [
        0.8709677419354839
    ],
    "0.9": [
        1.0
    ],
    "0.8": [
        1.0
    ],
    "0.7": [
        1.0
    ],
    "0.6": [
        1.0
    ],
    "0.5": [
        1.0
    ],
    "0.4": [
        1.0
    ],
    "0.3": [
        1.0
    ],
    "0.2": [
        null
    ],
    "0.1": [
        null
    ]
}