{
    "inf": [
        0.7583756345177665
    ],
    "2": [
        0.7614213197969543
    ],
    "1.6": [
        0.8111702127659575
    ],
    "1.5": [
        0.8592964824120602
    ],
    "1.4": [
        0.9002079002079002
    ],
    "1.3": [
        0.9312039312039312
    ],
    "1.2": [
        0.9343283582089552
    ],
    "1.1": [
        0.9477611940298507
    ],
    "0.9": [
        0.9826589595375722
    ],
    "0.8": [
        0.9850746268656716
    ],
    "0.7": [
        1.0
    ],
    "0.6": [
        1.0
    ],
    "0.5": [
        1.0
    ],
    "0.4": [
        1.0
    ],
    "0.3": [
        1.0
    ],
    "0.2": [
        1.0
    ],
    "0.1": [
        null
    ]
}