{
    "inf": [
        0.7857868020304568
    ],
    "2": [
        0.7857868020304568
    ],
    "1.6": [
        0.8905852417302799
    ],
    "1.5": [
        0.9230769230769231
    ],
    "1.4": [
        0.9625
    ],
    "1.3": [
        0.9910714285714286
    ],
    "1.2": [
        1.0
    ],
    "1.1": [
        1.0
    ],
    "0.9": [
        1.0
    ],
    "0.8": [
        1.0
    ],
    "0.7": [
        1.0
    ],
    "0.6": [
        1.0
    ],
    "0.5": [
        1.0
    ],
    "0.4": [
        1.0
    ],
    "0.3": [
        1.0
    ],
    "0.2": [
        1.0
    ],
    "0.1": [
        1.0
    ]
}