{
    "inf": [
        0.782741116751269
    ],
    "2": [
        0.7756345177664975
    ],
    "1.6": [
        0.9720930232558139
    ],
    "1.5": [
        0.9912280701754386
    ],
    "1.4": [
        0.9787234042553191
    ],
    "1.3": [
        1.0
    ],
    "1.2": [
        1.0
    ],
    "1.1": [
        1.0
    ],
    "0.9": [
        1.0
    ],
    "0.8": [
        1.0
    ],
    "0.7": [
        null
    ],
    "0.6": [
        null
    ],
    "0.5": [
        null
    ],
    "0.4": [
        null
    ],
    "0.3": [
        null
    ],
    "0.2": [
        null
    ],
    "0.1": [
        null
    ]
}