{
    "inf": [
        0.7614213197969543
    ],
    "2": [
        0.7614213197969543
    ],
    "1.6": [
        0.8545176110260337
    ],
    "1.5": [
        0.9218106995884774
    ],
    "1.4": [
        0.9573333333333334
    ],
    "1.3": [
        0.9719298245614035
    ],
    "1.2": [
        0.9777777777777777
    ],
    "1.1": [
        0.9826589595375722
    ],
    "0.9": [
        0.9906542056074766
    ],
    "0.8": [
        0.9876543209876543
    ],
    "0.7": [
        0.9824561403508771
    ],
    "0.6": [
        1.0
    ],
    "0.5": [
        1.0
    ],
    "0.4": [
        1.0
    ],
    "0.3": [
        1.0
    ],
    "0.2": [
        1.0
    ],
    "0.1": [
        1.0
    ]
}