{
    "inf": [
        0.7766497461928934
    ],
    "2": [
        0.7725888324873097
    ],
    "1.6": [
        0.782608695652174
    ],
    "1.5": [
        0.8006795016987542
    ],
    "1.4": [
        0.8152709359605911
    ],
    "1.3": [
        0.8351351351351352
    ],
    "1.2": [
        0.8525345622119815
    ],
    "1.1": [
        0.8771626297577855
    ],
    "0.9": [
        0.9190371991247265
    ],
    "0.8": [
        0.9485861182519281
    ],
    "0.7": [
        0.9567723342939481
    ],
    "0.6": [
        0.9602649006622517
    ],
    "0.5": [
        0.9545454545454546
    ],
    "0.4": [
        0.9540816326530612
    ],
    "0.3": [
        0.9452054794520548
    ],
    "0.2": [
        0.9381443298969072
    ],
    "0.1": [
        0.9375
    ]
}