{
    "inf": [
        0.7685279187817259
    ],
    "2": [
        0.766497461928934
    ],
    "1.6": [
        0.8071593533487298
    ],
    "1.5": [
        0.8385826771653543
    ],
    "1.4": [
        0.8671532846715329
    ],
    "1.3": [
        0.8912685337726524
    ],
    "1.2": [
        0.90715667311412
    ],
    "1.1": [
        0.9280898876404494
    ],
    "0.9": [
        0.954983922829582
    ],
    "0.8": [
        0.9782608695652174
    ],
    "0.7": [
        0.9830508474576272
    ],
    "0.6": [
        0.9893617021276596
    ],
    "0.5": [
        0.993006993006993
    ],
    "0.4": [
        0.991304347826087
    ],
    "0.3": [
        1.0
    ],
    "0.2": [
        1.0
    ],
    "0.1": [
        1.0
    ]
}