{
    "inf": [
        0.7979695431472081
    ],
    "2": [
        0.7979695431472081
    ],
    "1.6": [
        0.8074921956295525
    ],
    "1.5": [
        0.8278508771929824
    ],
    "1.4": [
        0.8440046565774156
    ],
    "1.3": [
        0.8647959183673469
    ],
    "1.2": [
        0.8846694796061885
    ],
    "1.1": [
        0.9095238095238095
    ],
    "0.9": [
        0.943089430894309
    ],
    "0.8": [
        0.9540229885057471
    ],
    "0.7": [
        0.9623655913978495
    ],
    "0.6": [
        0.9772727272727273
    ],
    "0.5": [
        0.979757085020243
    ],
    "0.4": [
        0.9790575916230366
    ],
    "0.3": [
        0.9777777777777777
    ],
    "0.2": [
        0.9594594594594594
    ],
    "0.1": [
        0.9655172413793104
    ]
}