{
    "inf": [
        0.8213197969543147
    ],
    "2": [
        0.8294416243654822
    ],
    "1.6": [
        0.8827930174563591
    ],
    "1.5": [
        0.9037138927097662
    ],
    "1.4": [
        0.9179331306990881
    ],
    "1.3": [
        0.9326599326599326
    ],
    "1.2": [
        0.941398865784499
    ],
    "1.1": [
        0.94375
    ],
    "0.9": [
        0.948849104859335
    ],
    "0.8": [
        0.9452449567723343
    ],
    "0.7": [
        0.9511400651465798
    ],
    "0.6": [
        0.9612403100775194
    ],
    "0.5": [
        0.9631336405529954
    ],
    "0.4": [
        0.9662921348314607
    ],
    "0.3": [
        0.9689922480620154
    ],
    "0.2": [
        0.9659090909090909
    ],
    "0.1": [
        0.9722222222222222
    ]
}