{
    "inf": [
        0.7878172588832487
    ],
    "2": [
        0.7878172588832487
    ],
    "1.6": [
        0.9346590909090909
    ],
    "1.5": [
        0.9521276595744681
    ],
    "1.4": [
        0.9468085106382979
    ],
    "1.3": [
        1.0
    ],
    "1.2": [
        1.0
    ],
    "1.1": [
        1.0
    ],
    "0.9": [
        1.0
    ],
    "0.8": [
        1.0
    ],
    "0.7": [
        null
    ],
    "0.6": [
        null
    ],
    "0.5": [
        null
    ],
    "0.4": [
        null
    ],
    "0.3": [
        null
    ],
    "0.2": [
        null
    ],
    "0.1": [
        null
    ]
}