{
    "inf": [
        0.7543147208121828
    ],
    "2": [
        0.7543147208121828
    ],
    "1.6": [
        0.8603988603988604
    ],
    "1.5": [
        0.8845470692717584
    ],
    "1.4": [
        0.9123595505617977
    ],
    "1.3": [
        0.9495798319327731
    ],
    "1.2": [
        0.9522184300341296
    ],
    "1.1": [
        0.9621848739495799
    ],
    "0.9": [
        0.9681528662420382
    ],
    "0.8": [
        0.967741935483871
    ],
    "0.7": [
        0.9693877551020408
    ],
    "0.6": [
        0.9726027397260274
    ],
    "0.5": [
        0.9807692307692307
    ],
    "0.4": [
        1.0
    ],
    "0.3": [
        1.0
    ],
    "0.2": [
        1.0
    ],
    "0.1": [
        1.0
    ]
}