{
    "inf": [
        0.7421319796954314
    ],
    "2": [
        0.7421319796954314
    ],
    "1.6": [
        0.8893528183716075
    ],
    "1.5": [
        0.9192546583850931
    ],
    "1.4": [
        0.9403669724770642
    ],
    "1.3": [
        0.9617834394904459
    ],
    "1.2": [
        0.9734513274336283
    ],
    "1.1": [
        0.9620253164556962
    ],
    "0.9": [
        0.9705882352941176
    ],
    "0.8": [
        1.0
    ],
    "0.7": [
        1.0
    ],
    "0.6": [
        1.0
    ],
    "0.5": [
        1.0
    ],
    "0.4": [
        1.0
    ],
    "0.3": [
        1.0
    ],
    "0.2": [
        null
    ],
    "0.1": [
        null
    ]
}