{
    "inf": [
        0.7908629441624365
    ],
    "2": [
        0.7878172588832487
    ],
    "1.6": [
        0.8865248226950354
    ],
    "1.5": [
        0.9246935201401051
    ],
    "1.4": [
        0.9370786516853933
    ],
    "1.3": [
        0.9566473988439307
    ],
    "1.2": [
        0.9744525547445255
    ],
    "1.1": [
        0.9719626168224299
    ],
    "0.9": [
        0.9752066115702479
    ],
    "0.8": [
        0.9787234042553191
    ],
    "0.7": [
        0.9841269841269841
    ],
    "0.6": [
        0.9761904761904762
    ],
    "0.5": [
        0.96
    ],
    "0.4": [
        1.0
    ],
    "0.3": [
        1.0
    ],
    "0.2": [
        1.0
    ],
    "0.1": [
        1.0
    ]
}