{
    "inf": [
        0.8101522842639594
    ],
    "2": [
        0.8101522842639594
    ],
    "1.6": [
        0.8642149929278642
    ],
    "1.5": [
        0.908
    ],
    "1.4": [
        0.925531914893617
    ],
    "1.3": [
        0.9337748344370861
    ],
    "1.2": [
        0.948936170212766
    ],
    "1.1": [
        0.9580838323353293
    ],
    "0.9": [
        0.9885057471264368
    ],
    "0.8": [
        1.0
    ],
    "0.7": [
        1.0
    ],
    "0.6": [
        1.0
    ],
    "0.5": [
        1.0
    ],
    "0.4": [
        1.0
    ],
    "0.3": [
        1.0
    ],
    "0.2": [
        1.0
    ],
    "0.1": [
        1.0
    ]
}