{
    "inf": [
        0.7614213197969543
    ],
    "2": [
        0.7543147208121828
    ],
    "1.6": [
        0.8745980707395499
    ],
    "1.5": [
        0.9453551912568307
    ],
    "1.4": [
        0.9626168224299065
    ],
    "1.3": [
        0.9411764705882353
    ],
    "1.2": [
        0.972972972972973
    ],
    "1.1": [
        0.9655172413793104
    ],
    "0.9": [
        1.0
    ],
    "0.8": [
        1.0
    ],
    "0.7": [
        1.0
    ],
    "0.6": [
        1.0
    ],
    "0.5": [
        null
    ],
    "0.4": [
        null
    ],
    "0.3": [
        null
    ],
    "0.2": [
        null
    ],
    "0.1": [
        null
    ]
}