{
    "inf": [
        0.7796954314720812
    ],
    "2": [
        0.7868020304568528
    ],
    "1.6": [
        0.8692528735632183
    ],
    "1.5": [
        0.900390625
    ],
    "1.4": [
        0.9151193633952255
    ],
    "1.3": [
        0.9307958477508651
    ],
    "1.2": [
        0.9441860465116279
    ],
    "1.1": [
        0.9695121951219512
    ],
    "0.9": [
        1.0
    ],
    "0.8": [
        1.0
    ],
    "0.7": [
        1.0
    ],
    "0.6": [
        1.0
    ],
    "0.5": [
        1.0
    ],
    "0.4": [
        1.0
    ],
    "0.3": [
        1.0
    ],
    "0.2": [
        1.0
    ],
    "0.1": [
        null
    ]
}