{
    "inf": [
        0.8101522842639594
    ],
    "2": [
        0.8182741116751269
    ],
    "1.6": [
        0.8626506024096385
    ],
    "1.5": [
        0.8786666666666667
    ],
    "1.4": [
        0.8936781609195402
    ],
    "1.3": [
        0.9036697247706422
    ],
    "1.2": [
        0.9147157190635451
    ],
    "1.1": [
        0.9371534195933456
    ],
    "0.9": [
        0.9508928571428571
    ],
    "0.8": [
        0.9503722084367245
    ],
    "0.7": [
        0.9624277456647399
    ],
    "0.6": [
        0.9698996655518395
    ],
    "0.5": [
        0.9789915966386554
    ],
    "0.4": [
        0.9948186528497409
    ],
    "0.3": [
        0.9928057553956835
    ],
    "0.2": [
        0.9888888888888889
    ],
    "0.1": [
        0.972972972972973
    ]
}