{
    "inf": [
        0.76751269035533
    ],
    "2": [
        0.7543147208121828
    ],
    "1.6": [
        0.9107551487414187
    ],
    "1.5": [
        0.9475806451612904
    ],
    "1.4": [
        0.9556962025316456
    ],
    "1.3": [
        0.9702970297029703
    ],
    "1.2": [
        0.9516129032258065
    ],
    "1.1": [
        0.9142857142857143
    ],
    "0.9": [
        1.0
    ],
    "0.8": [
        1.0
    ],
    "0.7": [
        1.0
    ],
    "0.6": [
        1.0
    ],
    "0.5": [
        1.0
    ],
    "0.4": [
        1.0
    ],
    "0.3": [
        null
    ],
    "0.2": [
        null
    ],
    "0.1": [
        null
    ]
}