{
    "inf": [
        0.8162436548223351
    ],
    "2": [
        0.817258883248731
    ],
    "1.6": [
        0.8406466512702079
    ],
    "1.5": [
        0.8544542032622334
    ],
    "1.4": [
        0.8651226158038147
    ],
    "1.3": [
        0.888558692421991
    ],
    "1.2": [
        0.9076175040518638
    ],
    "1.1": [
        0.9300184162062615
    ],
    "0.9": [
        0.9463869463869464
    ],
    "0.8": [
        0.9596774193548387
    ],
    "0.7": [
        0.9686520376175548
    ],
    "0.6": [
        0.973384030418251
    ],
    "0.5": [
        0.9822222222222222
    ],
    "0.4": [
        0.9939759036144579
    ],
    "0.3": [
        0.9919354838709677
    ],
    "0.2": [
        1.0
    ],
    "0.1": [
        1.0
    ]
}