{
    "inf": [
        0.7786802030456853
    ],
    "2": [
        0.7786802030456853
    ],
    "1.6": [
        0.8418156808803301
    ],
    "1.5": [
        0.8762886597938144
    ],
    "1.4": [
        0.9039301310043668
    ],
    "1.3": [
        0.927170868347339
    ],
    "1.2": [
        0.9381443298969072
    ],
    "1.1": [
        0.9349593495934959
    ],
    "0.9": [
        0.9426751592356688
    ],
    "0.8": [
        0.957983193277311
    ],
    "0.7": [
        0.9540229885057471
    ],
    "0.6": [
        0.9523809523809523
    ],
    "0.5": [
        0.9736842105263158
    ],
    "0.4": [
        0.95
    ],
    "0.3": [
        1.0
    ],
    "0.2": [
        1.0
    ],
    "0.1": [
        1.0
    ]
}