{
    "inf": [
        0.7939086294416243
    ],
    "2": [
        0.7939086294416243
    ],
    "1.6": [
        0.860313315926893
    ],
    "1.5": [
        0.8708751793400287
    ],
    "1.4": [
        0.8924050632911392
    ],
    "1.3": [
        0.925476603119584
    ],
    "1.2": [
        0.9354207436399217
    ],
    "1.1": [
        0.9410430839002267
    ],
    "0.9": [
        0.9595375722543352
    ],
    "0.8": [
        0.9765100671140939
    ],
    "0.7": [
        0.9717741935483871
    ],
    "0.6": [
        0.9848484848484849
    ],
    "0.5": [
        0.9875776397515528
    ],
    "0.4": [
        0.9827586206896551
    ],
    "0.3": [
        0.9743589743589743
    ],
    "0.2": [
        0.9555555555555556
    ],
    "0.1": [
        1.0
    ]
}