{
    "inf": [
        0.8253807106598985
    ],
    "2": [
        0.8243654822335026
    ],
    "1.6": [
        0.8549707602339182
    ],
    "1.5": [
        0.8737373737373737
    ],
    "1.4": [
        0.8888888888888888
    ],
    "1.3": [
        0.903177004538578
    ],
    "1.2": [
        0.9183673469387755
    ],
    "1.1": [
        0.9372623574144486
    ],
    "0.9": [
        0.9568345323741008
    ],
    "0.8": [
        0.9592391304347826
    ],
    "0.7": [
        0.9636363636363636
    ],
    "0.6": [
        0.9676258992805755
    ],
    "0.5": [
        0.9684684684684685
    ],
    "0.4": [
        0.9709302325581395
    ],
    "0.3": [
        0.9830508474576272
    ],
    "0.2": [
        1.0
    ],
    "0.1": [
        1.0
    ]
}