{
    "inf": [
        0.7817258883248731
    ],
    "2": [
        0.7817258883248731
    ],
    "1.6": [
        0.8862179487179487
    ],
    "1.5": [
        0.9227166276346604
    ],
    "1.4": [
        0.9439252336448598
    ],
    "1.3": [
        0.97165991902834
    ],
    "1.2": [
        0.9800995024875622
    ],
    "1.1": [
        0.9791666666666666
    ],
    "0.9": [
        0.9871794871794872
    ],
    "0.8": [
        1.0
    ],
    "0.7": [
        1.0
    ],
    "0.6": [
        1.0
    ],
    "0.5": [
        1.0
    ],
    "0.4": [
        1.0
    ],
    "0.3": [
        1.0
    ],
    "0.2": [
        1.0
    ],
    "0.1": [
        1.0
    ]
}