{
    "inf": [
        0.750253807106599
    ],
    "2": [
        0.7543147208121828
    ],
    "1.6": [
        0.7838427947598253
    ],
    "1.5": [
        0.8096926713947991
    ],
    "1.4": [
        0.8344370860927153
    ],
    "1.3": [
        0.8632218844984803
    ],
    "1.2": [
        0.8792517006802721
    ],
    "1.1": [
        0.8803738317757009
    ],
    "0.9": [
        0.908256880733945
    ],
    "0.8": [
        0.9074550128534704
    ],
    "0.7": [
        0.9287833827893175
    ],
    "0.6": [
        0.9342105263157895
    ],
    "0.5": [
        0.94921875
    ],
    "0.4": [
        0.9705882352941176
    ],
    "0.3": [
        0.9805194805194806
    ],
    "0.2": [
        0.9813084112149533
    ],
    "0.1": [
        1.0
    ]
}