{
    "inf": [
        0.7137055837563452
    ],
    "2": [
        0.7289340101522843
    ],
    "1.6": [
        0.9219858156028369
    ],
    "1.5": [
        0.9473684210526315
    ],
    "1.4": [
        0.9583333333333334
    ],
    "1.3": [
        1.0
    ],
    "1.2": [
        1.0
    ],
    "1.1": [
        1.0
    ],
    "0.9": [
        1.0
    ],
    "0.8": [
        1.0
    ],
    "0.7": [
        null
    ],
    "0.6": [
        1.0
    ],
    "0.5": [
        null
    ],
    "0.4": [
        null
    ],
    "0.3": [
        null
    ],
    "0.2": [
        null
    ],
    "0.1": [
        null
    ]
}