{
    "inf": [
        0.7878172588832487
    ],
    "2": [
        0.7878172588832487
    ],
    "1.6": [
        0.896551724137931
    ],
    "1.5": [
        0.9144385026737968
    ],
    "1.4": [
        0.9488188976377953
    ],
    "1.3": [
        0.9664804469273743
    ],
    "1.2": [
        0.9565217391304348
    ],
    "1.1": [
        0.9615384615384616
    ],
    "0.9": [
        0.9818181818181818
    ],
    "0.8": [
        0.9772727272727273
    ],
    "0.7": [
        1.0
    ],
    "0.6": [
        1.0
    ],
    "0.5": [
        1.0
    ],
    "0.4": [
        1.0
    ],
    "0.3": [
        1.0
    ],
    "0.2": [
        1.0
    ],
    "0.1": [
        1.0
    ]
}