{
    "inf": [
        0.749238578680203
    ],
    "2": [
        0.750253807106599
    ],
    "1.6": [
        0.7793939393939394
    ],
    "1.5": [
        0.7994467496542186
    ],
    "1.4": [
        0.8083735909822867
    ],
    "1.3": [
        0.8169556840077071
    ],
    "1.2": [
        0.8313253012048193
    ],
    "1.1": [
        0.8513119533527697
    ],
    "0.9": [
        0.9192825112107623
    ],
    "0.8": [
        0.9467455621301775
    ],
    "0.7": [
        0.937007874015748
    ],
    "0.6": [
        0.9787234042553191
    ],
    "0.5": [
        0.9852941176470589
    ],
    "0.4": [
        1.0
    ],
    "0.3": [
        1.0
    ],
    "0.2": [
        1.0
    ],
    "0.1": [
        1.0
    ]
}