{
    "inf": [
        0.7025380710659899
    ],
    "2": [
        0.7035532994923858
    ],
    "1.6": [
        0.88125
    ],
    "1.5": [
        0.9753086419753086
    ],
    "1.4": [
        0.9622641509433962
    ],
    "1.3": [
        0.9428571428571428
    ],
    "1.2": [
        0.8333333333333334
    ],
    "1.1": [
        1.0
    ],
    "0.9": [
        null
    ],
    "0.8": [
        null
    ],
    "0.7": [
        null
    ],
    "0.6": [
        null
    ],
    "0.5": [
        null
    ],
    "0.4": [
        null
    ],
    "0.3": [
        null
    ],
    "0.2": [
        null
    ],
    "0.1": [
        null
    ]
}