{
    "inf": [
        0.8152284263959391
    ],
    "2": [
        0.8121827411167513
    ],
    "1.6": [
        0.8616504854368932
    ],
    "1.5": [
        0.8726790450928382
    ],
    "1.4": [
        0.9026162790697675
    ],
    "1.3": [
        0.9125596184419714
    ],
    "1.2": [
        0.9220103986135182
    ],
    "1.1": [
        0.9329501915708812
    ],
    "0.9": [
        0.9407407407407408
    ],
    "0.8": [
        0.9532967032967034
    ],
    "0.7": [
        0.9596273291925466
    ],
    "0.6": [
        0.9715302491103203
    ],
    "0.5": [
        0.9681818181818181
    ],
    "0.4": [
        0.9821428571428571
    ],
    "0.3": [
        0.9827586206896551
    ],
    "0.2": [
        1.0
    ],
    "0.1": [
        1.0
    ]
}