{
    "inf": [
        0.7634517766497462
    ],
    "2": [
        0.7634517766497462
    ],
    "1.6": [
        0.8079385403329066
    ],
    "1.5": [
        0.8295454545454546
    ],
    "1.4": [
        0.8795698924731182
    ],
    "1.3": [
        0.8904494382022472
    ],
    "1.2": [
        0.910958904109589
    ],
    "1.1": [
        0.9230769230769231
    ],
    "0.9": [
        0.9571428571428572
    ],
    "0.8": [
        0.9732142857142857
    ],
    "0.7": [
        0.9772727272727273
    ],
    "0.6": [
        0.972972972972973
    ],
    "0.5": [
        0.9803921568627451
    ],
    "0.4": [
        1.0
    ],
    "0.3": [
        1.0
    ],
    "0.2": [
        1.0
    ],
    "0.1": [
        1.0
    ]
}