{
    "inf": [
        0.7583756345177665
    ],
    "2": [
        0.7522842639593909
    ],
    "1.6": [
        0.7946943483275664
    ],
    "1.5": [
        0.8282290279627164
    ],
    "1.4": [
        0.8535433070866142
    ],
    "1.3": [
        0.8878504672897196
    ],
    "1.2": [
        0.9047619047619048
    ],
    "1.1": [
        0.9181141439205955
    ],
    "0.9": [
        0.9278350515463918
    ],
    "0.8": [
        0.9349593495934959
    ],
    "0.7": [
        0.9502487562189055
    ],
    "0.6": [
        0.9503105590062112
    ],
    "0.5": [
        0.9565217391304348
    ],
    "0.4": [
        0.9797979797979798
    ],
    "0.3": [
        1.0
    ],
    "0.2": [
        1.0
    ],
    "0.1": [
        1.0
    ]
}