{
    "inf": [
        0.7644670050761422
    ],
    "2": [
        0.7644670050761422
    ],
    "1.6": [
        0.9661016949152542
    ],
    "1.5": [
        0.9577464788732394
    ],
    "1.4": [
        0.9629629629629629
    ],
    "1.3": [
        0.8
    ],
    "1.2": [
        1.0
    ],
    "1.1": [
        1.0
    ],
    "0.9": [
        null
    ],
    "0.8": [
        null
    ],
    "0.7": [
        null
    ],
    "0.6": [
        null
    ],
    "0.5": [
        null
    ],
    "0.4": [
        null
    ],
    "0.3": [
        null
    ],
    "0.2": [
        null
    ],
    "0.1": [
        null
    ]
}