{
    "inf": [
        0.7725888324873097
    ],
    "2": [
        0.7725888324873097
    ],
    "1.6": [
        0.9276595744680851
    ],
    "1.5": [
        0.9559748427672956
    ],
    "1.4": [
        0.9789029535864979
    ],
    "1.3": [
        0.9887640449438202
    ],
    "1.2": [
        0.9921875
    ],
    "1.1": [
        1.0
    ],
    "0.9": [
        1.0
    ],
    "0.8": [
        1.0
    ],
    "0.7": [
        1.0
    ],
    "0.6": [
        1.0
    ],
    "0.5": [
        1.0
    ],
    "0.4": [
        1.0
    ],
    "0.3": [
        null
    ],
    "0.2": [
        null
    ],
    "0.1": [
        null
    ]
}