{
    "inf": [
        0.7796954314720812
    ],
    "2": [
        0.7817258883248731
    ],
    "1.6": [
        0.8353510895883777
    ],
    "1.5": [
        0.8586525759577279
    ],
    "1.4": [
        0.8723098995695839
    ],
    "1.3": [
        0.8961661341853036
    ],
    "1.2": [
        0.8961937716262975
    ],
    "1.1": [
        0.9068441064638784
    ],
    "0.9": [
        0.9282296650717703
    ],
    "0.8": [
        0.9299191374663073
    ],
    "0.7": [
        0.9446153846153846
    ],
    "0.6": [
        0.9492753623188406
    ],
    "0.5": [
        0.9513274336283186
    ],
    "0.4": [
        0.9672131147540983
    ],
    "0.3": [
        0.9562043795620438
    ],
    "0.2": [
        0.9578947368421052
    ],
    "0.1": [
        0.94
    ]
}