{
    "inf": [
        0.8081218274111676
    ],
    "2": [
        0.817258883248731
    ],
    "1.6": [
        0.8769987699876999
    ],
    "1.5": [
        0.8899082568807339
    ],
    "1.4": [
        0.898989898989899
    ],
    "1.3": [
        0.9050632911392406
    ],
    "1.2": [
        0.9175257731958762
    ],
    "1.1": [
        0.9265536723163842
    ],
    "0.9": [
        0.9514563106796117
    ],
    "0.8": [
        0.9478021978021978
    ],
    "0.7": [
        0.9535603715170279
    ],
    "0.6": [
        0.9560439560439561
    ],
    "0.5": [
        0.9493087557603687
    ],
    "0.4": [
        0.950920245398773
    ],
    "0.3": [
        0.9590163934426229
    ],
    "0.2": [
        0.9726027397260274
    ],
    "0.1": [
        0.967741935483871
    ]
}