{
    "inf": [
        0.7979695431472081
    ],
    "2": [
        0.7939086294416243
    ],
    "1.6": [
        0.839622641509434
    ],
    "1.5": [
        0.8589909443725744
    ],
    "1.4": [
        0.8707386363636364
    ],
    "1.3": [
        0.8950617283950617
    ],
    "1.2": [
        0.9160714285714285
    ],
    "1.1": [
        0.9289940828402367
    ],
    "0.9": [
        0.9528535980148883
    ],
    "0.8": [
        0.967551622418879
    ],
    "0.7": [
        0.9628378378378378
    ],
    "0.6": [
        0.9621848739495799
    ],
    "0.5": [
        0.9658536585365853
    ],
    "0.4": [
        0.9741935483870968
    ],
    "0.3": [
        0.9803921568627451
    ],
    "0.2": [
        0.9692307692307692
    ],
    "0.1": [
        1.0
    ]
}