{
    "inf": [
        0.7715736040609137
    ],
    "2": [
        0.7715736040609137
    ],
    "1.6": [
        0.9346938775510204
    ],
    "1.5": [
        0.9587628865979382
    ],
    "1.4": [
        0.9459459459459459
    ],
    "1.3": [
        1.0
    ],
    "1.2": [
        1.0
    ],
    "1.1": [
        1.0
    ],
    "0.9": [
        1.0
    ],
    "0.8": [
        null
    ],
    "0.7": [
        null
    ],
    "0.6": [
        null
    ],
    "0.5": [
        null
    ],
    "0.4": [
        null
    ],
    "0.3": [
        null
    ],
    "0.2": [
        null
    ],
    "0.1": [
        null
    ]
}