{
    "inf": [
        0.7624365482233503
    ],
    "2": [
        0.7360406091370558
    ],
    "1.6": [
        0.9205298013245033
    ],
    "1.5": [
        0.9513888888888888
    ],
    "1.4": [
        0.9444444444444444
    ],
    "1.3": [
        0.9523809523809523
    ],
    "1.2": [
        0.9230769230769231
    ],
    "1.1": [
        0.9090909090909091
    ],
    "0.9": [
        1.0
    ],
    "0.8": [
        1.0
    ],
    "0.7": [
        1.0
    ],
    "0.6": [
        null
    ],
    "0.5": [
        null
    ],
    "0.4": [
        null
    ],
    "0.3": [
        null
    ],
    "0.2": [
        null
    ],
    "0.1": [
        null
    ]
}