{
    "inf": [
        0.7736040609137056
    ],
    "2": [
        0.7746192893401015
    ],
    "1.6": [
        0.8303249097472925
    ],
    "1.5": [
        0.8480519480519481
    ],
    "1.4": [
        0.8624113475177305
    ],
    "1.3": [
        0.8829113924050633
    ],
    "1.2": [
        0.8972125435540069
    ],
    "1.1": [
        0.9113680154142582
    ],
    "0.9": [
        0.9325581395348838
    ],
    "0.8": [
        0.9453125
    ],
    "0.7": [
        0.9457831325301205
    ],
    "0.6": [
        0.9508771929824561
    ],
    "0.5": [
        0.9578059071729957
    ],
    "0.4": [
        0.9680851063829787
    ],
    "0.3": [
        0.9683544303797469
    ],
    "0.2": [
        0.9626168224299065
    ],
    "0.1": [
        0.9791666666666666
    ]
}