{
    "inf": [
        0.7898477157360406
    ],
    "2": [
        0.7898477157360406
    ],
    "1.6": [
        0.8178733031674208
    ],
    "1.5": [
        0.8374689826302729
    ],
    "1.4": [
        0.8729050279329609
    ],
    "1.3": [
        0.8892405063291139
    ],
    "1.2": [
        0.9148550724637681
    ],
    "1.1": [
        0.9246861924686193
    ],
    "0.9": [
        0.9723756906077348
    ],
    "0.8": [
        0.9802631578947368
    ],
    "0.7": [
        0.9923954372623575
    ],
    "0.6": [
        0.995475113122172
    ],
    "0.5": [
        1.0
    ],
    "0.4": [
        1.0
    ],
    "0.3": [
        1.0
    ],
    "0.2": [
        1.0
    ],
    "0.1": [
        1.0
    ]
}