{
    "inf": [
        0.766497461928934
    ],
    "2": [
        0.766497461928934
    ],
    "1.6": [
        0.8793418647166362
    ],
    "1.5": [
        0.9205479452054794
    ],
    "1.4": [
        0.9233870967741935
    ],
    "1.3": [
        0.9428571428571428
    ],
    "1.2": [
        0.9508196721311475
    ],
    "1.1": [
        1.0
    ],
    "0.9": [
        1.0
    ],
    "0.8": [
        1.0
    ],
    "0.7": [
        1.0
    ],
    "0.6": [
        1.0
    ],
    "0.5": [
        1.0
    ],
    "0.4": [
        1.0
    ],
    "0.3": [
        1.0
    ],
    "0.2": [
        null
    ],
    "0.1": [
        null
    ]
}