{
    "inf": [
        0.7746192893401015
    ],
    "2": [
        0.7746192893401015
    ],
    "1.6": [
        0.8631123919308358
    ],
    "1.5": [
        0.8971119133574007
    ],
    "1.4": [
        0.9299065420560748
    ],
    "1.3": [
        0.9504373177842566
    ],
    "1.2": [
        0.9636363636363636
    ],
    "1.1": [
        0.9716981132075472
    ],
    "0.9": [
        0.9763779527559056
    ],
    "0.8": [
        0.96875
    ],
    "0.7": [
        0.9701492537313433
    ],
    "0.6": [
        0.9787234042553191
    ],
    "0.5": [
        0.9642857142857143
    ],
    "0.4": [
        0.9411764705882353
    ],
    "0.3": [
        0.9
    ],
    "0.2": [
        1.0
    ],
    "0.1": [
        1.0
    ]
}