{
    "inf": [
        0.751269035532995
    ],
    "2": [
        0.7614213197969543
    ],
    "1.6": [
        0.8287937743190662
    ],
    "1.5": [
        0.8478260869565217
    ],
    "1.4": [
        0.8764044943820225
    ],
    "1.3": [
        0.892416225749559
    ],
    "1.2": [
        0.8996062992125984
    ],
    "1.1": [
        0.9195652173913044
    ],
    "0.9": [
        0.9430199430199431
    ],
    "0.8": [
        0.9504950495049505
    ],
    "0.7": [
        0.9507575757575758
    ],
    "0.6": [
        0.9641255605381166
    ],
    "0.5": [
        0.9723756906077348
    ],
    "0.4": [
        0.9712230215827338
    ],
    "0.3": [
        0.9893617021276596
    ],
    "0.2": [
        1.0
    ],
    "0.1": [
        1.0
    ]
}