{
    "inf": [
        0.7969543147208121
    ],
    "2": [
        0.7969543147208121
    ],
    "1.6": [
        0.9682539682539683
    ],
    "1.5": [
        0.9752066115702479
    ],
    "1.4": [
        0.9814814814814815
    ],
    "1.3": [
        1.0
    ],
    "1.2": [
        1.0
    ],
    "1.1": [
        1.0
    ],
    "0.9": [
        null
    ],
    "0.8": [
        null
    ],
    "0.7": [
        null
    ],
    "0.6": [
        null
    ],
    "0.5": [
        null
    ],
    "0.4": [
        null
    ],
    "0.3": [
        null
    ],
    "0.2": [
        null
    ],
    "0.1": [
        null
    ]
}