{
    "inf": [
        0.7847715736040609
    ],
    "2": [
        0.817258883248731
    ],
    "1.6": [
        0.9168975069252078
    ],
    "1.5": [
        0.9380952380952381
    ],
    "1.4": [
        0.9712230215827338
    ],
    "1.3": [
        0.989010989010989
    ],
    "1.2": [
        1.0
    ],
    "1.1": [
        1.0
    ],
    "0.9": [
        1.0
    ],
    "0.8": [
        1.0
    ],
    "0.7": [
        1.0
    ],
    "0.6": [
        1.0
    ],
    "0.5": [
        null
    ],
    "0.4": [
        null
    ],
    "0.3": [
        null
    ],
    "0.2": [
        null
    ],
    "0.1": [
        null
    ]
}