{
    "inf": [
        0.7715736040609137
    ],
    "2": [
        0.7715736040609137
    ],
    "1.6": [
        0.7942477876106194
    ],
    "1.5": [
        0.8219512195121951
    ],
    "1.4": [
        0.8509485094850948
    ],
    "1.3": [
        0.8757668711656442
    ],
    "1.2": [
        0.8959044368600683
    ],
    "1.1": [
        0.9110251450676983
    ],
    "0.9": [
        0.9385749385749386
    ],
    "0.8": [
        0.9446064139941691
    ],
    "0.7": [
        0.9575971731448764
    ],
    "0.6": [
        0.9576271186440678
    ],
    "0.5": [
        0.972972972972973
    ],
    "0.4": [
        0.9664429530201343
    ],
    "0.3": [
        0.9690721649484536
    ],
    "0.2": [
        0.9565217391304348
    ],
    "0.1": [
        1.0
    ]
}