{
    "inf": [
        0.7644670050761422
    ],
    "2": [
        0.766497461928934
    ],
    "1.6": [
        0.9076923076923077
    ],
    "1.5": [
        0.9387755102040817
    ],
    "1.4": [
        0.9467455621301775
    ],
    "1.3": [
        0.9666666666666667
    ],
    "1.2": [
        0.975609756097561
    ],
    "1.1": [
        0.9868421052631579
    ],
    "0.9": [
        1.0
    ],
    "0.8": [
        1.0
    ],
    "0.7": [
        1.0
    ],
    "0.6": [
        1.0
    ],
    "0.5": [
        1.0
    ],
    "0.4": [
        1.0
    ],
    "0.3": [
        1.0
    ],
    "0.2": [
        1.0
    ],
    "0.1": [
        1.0
    ]
}