{
    "inf": [
        0.7208121827411168
    ],
    "2": [
        0.7309644670050761
    ],
    "1.6": [
        0.9135446685878963
    ],
    "1.5": [
        0.9351351351351351
    ],
    "1.4": [
        0.9649122807017544
    ],
    "1.3": [
        0.9770114942528736
    ],
    "1.2": [
        1.0
    ],
    "1.1": [
        0.9722222222222222
    ],
    "0.9": [
        1.0
    ],
    "0.8": [
        1.0
    ],
    "0.7": [
        1.0
    ],
    "0.6": [
        1.0
    ],
    "0.5": [
        1.0
    ],
    "0.4": [
        null
    ],
    "0.3": [
        null
    ],
    "0.2": [
        null
    ],
    "0.1": [
        null
    ]
}