{
    "inf": [
        0.8223350253807107
    ],
    "2": [
        0.8243654822335026
    ],
    "1.6": [
        0.8905405405405405
    ],
    "1.5": [
        0.9013452914798207
    ],
    "1.4": [
        0.9119601328903655
    ],
    "1.3": [
        0.9263565891472868
    ],
    "1.2": [
        0.9321266968325792
    ],
    "1.1": [
        0.9417989417989417
    ],
    "0.9": [
        0.9453125
    ],
    "0.8": [
        0.9636363636363636
    ],
    "0.7": [
        0.989010989010989
    ],
    "0.6": [
        0.9849624060150376
    ],
    "0.5": [
        0.9894736842105263
    ],
    "0.4": [
        1.0
    ],
    "0.3": [
        1.0
    ],
    "0.2": [
        1.0
    ],
    "0.1": [
        1.0
    ]
}