{
    "inf": [
        0.7736040609137056
    ],
    "2": [
        0.7705583756345178
    ],
    "1.6": [
        0.8451127819548873
    ],
    "1.5": [
        0.8783783783783784
    ],
    "1.4": [
        0.907035175879397
    ],
    "1.3": [
        0.9276315789473685
    ],
    "1.2": [
        0.9423868312757202
    ],
    "1.1": [
        0.9631578947368421
    ],
    "0.9": [
        0.9669421487603306
    ],
    "0.8": [
        0.9789473684210527
    ],
    "0.7": [
        0.9710144927536232
    ],
    "0.6": [
        0.9772727272727273
    ],
    "0.5": [
        0.9666666666666667
    ],
    "0.4": [
        1.0
    ],
    "0.3": [
        1.0
    ],
    "0.2": [
        1.0
    ],
    "0.1": [
        1.0
    ]
}