{
    "inf": [
        0.7847715736040609
    ],
    "2": [
        0.7807106598984772
    ],
    "1.6": [
        0.8461538461538461
    ],
    "1.5": [
        0.8590785907859079
    ],
    "1.4": [
        0.8695652173913043
    ],
    "1.3": [
        0.8708133971291866
    ],
    "1.2": [
        0.872852233676976
    ],
    "1.1": [
        0.8903345724907064
    ],
    "0.9": [
        0.906318082788671
    ],
    "0.8": [
        0.9209876543209876
    ],
    "0.7": [
        0.9307479224376731
    ],
    "0.6": [
        0.9400630914826499
    ],
    "0.5": [
        0.9550561797752809
    ],
    "0.4": [
        0.9723502304147466
    ],
    "0.3": [
        0.96875
    ],
    "0.2": [
        0.9819819819819819
    ],
    "0.1": [
        0.9791666666666666
    ]
}