{
    "inf": [
        0.8020304568527918
    ],
    "2": [
        0.798984771573604
    ],
    "1.6": [
        0.847394540942928
    ],
    "1.5": [
        0.8732782369146006
    ],
    "1.4": [
        0.8973561430793157
    ],
    "1.3": [
        0.9081803005008348
    ],
    "1.2": [
        0.9219330855018587
    ],
    "1.1": [
        0.9338842975206612
    ],
    "0.9": [
        0.9565217391304348
    ],
    "0.8": [
        0.9565217391304348
    ],
    "0.7": [
        0.9598540145985401
    ],
    "0.6": [
        0.9766355140186916
    ],
    "0.5": [
        0.9763313609467456
    ],
    "0.4": [
        0.9769230769230769
    ],
    "0.3": [
        0.9879518072289156
    ],
    "0.2": [
        1.0
    ],
    "0.1": [
        1.0
    ]
}