{
    "inf": [
        0.7847715736040609
    ],
    "2": [
        0.7715736040609137
    ],
    "1.6": [
        0.8975155279503105
    ],
    "1.5": [
        0.9193548387096774
    ],
    "1.4": [
        0.95
    ],
    "1.3": [
        0.9818181818181818
    ],
    "1.2": [
        0.9722222222222222
    ],
    "1.1": [
        0.96
    ],
    "0.9": [
        1.0
    ],
    "0.8": [
        1.0
    ],
    "0.7": [
        1.0
    ],
    "0.6": [
        null
    ],
    "0.5": [
        null
    ],
    "0.4": [
        null
    ],
    "0.3": [
        null
    ],
    "0.2": [
        null
    ],
    "0.1": [
        null
    ]
}