{
    "inf": [
        0.8060913705583757
    ],
    "2": [
        0.8040609137055837
    ],
    "1.6": [
        0.8603491271820449
    ],
    "1.5": [
        0.8872282608695652
    ],
    "1.4": [
        0.9021084337349398
    ],
    "1.3": [
        0.9142857142857143
    ],
    "1.2": [
        0.9300567107750473
    ],
    "1.1": [
        0.9355509355509356
    ],
    "0.9": [
        0.9543010752688172
    ],
    "0.8": [
        0.9577922077922078
    ],
    "0.7": [
        0.9765625
    ],
    "0.6": [
        0.9802955665024631
    ],
    "0.5": [
        0.9817073170731707
    ],
    "0.4": [
        0.9767441860465116
    ],
    "0.3": [
        0.9787234042553191
    ],
    "0.2": [
        0.9607843137254902
    ],
    "0.1": [
        1.0
    ]
}