{
    "inf": [
        0.7573604060913706
    ],
    "2": [
        0.7644670050761422
    ],
    "1.6": [
        0.9130434782608695
    ],
    "1.5": [
        0.9517241379310345
    ],
    "1.4": [
        0.968421052631579
    ],
    "1.3": [
        0.9607843137254902
    ],
    "1.2": [
        0.9642857142857143
    ],
    "1.1": [
        0.9411764705882353
    ],
    "0.9": [
        1.0
    ],
    "0.8": [
        1.0
    ],
    "0.7": [
        1.0
    ],
    "0.6": [
        null
    ],
    "0.5": [
        null
    ],
    "0.4": [
        null
    ],
    "0.3": [
        null
    ],
    "0.2": [
        null
    ],
    "0.1": [
        null
    ]
}