{
    "inf": [
        0.7177664974619289
    ],
    "2": [
        0.7604060913705584
    ],
    "1.6": [
        0.9347079037800687
    ],
    "1.5": [
        0.9708029197080292
    ],
    "1.4": [
        0.9871794871794872
    ],
    "1.3": [
        1.0
    ],
    "1.2": [
        1.0
    ],
    "1.1": [
        1.0
    ],
    "0.9": [
        1.0
    ],
    "0.8": [
        1.0
    ],
    "0.7": [
        1.0
    ],
    "0.6": [
        1.0
    ],
    "0.5": [
        1.0
    ],
    "0.4": [
        null
    ],
    "0.3": [
        null
    ],
    "0.2": [
        null
    ],
    "0.1": [
        null
    ]
}