{
    "inf": [
        0.7532994923857868
    ],
    "2": [
        0.7532994923857868
    ],
    "1.6": [
        0.9323671497584541
    ],
    "1.5": [
        0.967032967032967
    ],
    "1.4": [
        0.926829268292683
    ],
    "1.3": [
        0.9333333333333333
    ],
    "1.2": [
        1.0
    ],
    "1.1": [
        1.0
    ],
    "0.9": [
        null
    ],
    "0.8": [
        null
    ],
    "0.7": [
        null
    ],
    "0.6": [
        null
    ],
    "0.5": [
        null
    ],
    "0.4": [
        null
    ],
    "0.3": [
        null
    ],
    "0.2": [
        null
    ],
    "0.1": [
        null
    ]
}