{
    "inf": [
        0.7685279187817259
    ],
    "2": [
        0.7746192893401015
    ],
    "1.6": [
        0.9156626506024096
    ],
    "1.5": [
        0.9256198347107438
    ],
    "1.4": [
        0.99375
    ],
    "1.3": [
        1.0
    ],
    "1.2": [
        1.0
    ],
    "1.1": [
        1.0
    ],
    "0.9": [
        1.0
    ],
    "0.8": [
        1.0
    ],
    "0.7": [
        1.0
    ],
    "0.6": [
        1.0
    ],
    "0.5": [
        1.0
    ],
    "0.4": [
        1.0
    ],
    "0.3": [
        null
    ],
    "0.2": [
        null
    ],
    "0.1": [
        null
    ]
}