{
    "inf": [
        0.7857868020304568
    ],
    "2": [
        0.7868020304568528
    ],
    "1.6": [
        0.8052805280528053
    ],
    "1.5": [
        0.8259303721488596
    ],
    "1.4": [
        0.8557951482479784
    ],
    "1.3": [
        0.8768768768768769
    ],
    "1.2": [
        0.8979591836734694
    ],
    "1.1": [
        0.9125475285171103
    ],
    "0.9": [
        0.9330024813895782
    ],
    "0.8": [
        0.9449275362318841
    ],
    "0.7": [
        0.9450171821305842
    ],
    "0.6": [
        0.9491525423728814
    ],
    "0.5": [
        0.9664804469273743
    ],
    "0.4": [
        0.9767441860465116
    ],
    "0.3": [
        0.9887640449438202
    ],
    "0.2": [
        0.975609756097561
    ],
    "0.1": [
        1.0
    ]
}