{
    "inf": [
        0.7695431472081218
    ],
    "2": [
        0.7695431472081218
    ],
    "1.6": [
        0.8829787234042553
    ],
    "1.5": [
        0.9239130434782609
    ],
    "1.4": [
        0.9352941176470588
    ],
    "1.3": [
        0.9916666666666667
    ],
    "1.2": [
        0.9888888888888889
    ],
    "1.1": [
        0.9852941176470589
    ],
    "0.9": [
        0.9615384615384616
    ],
    "0.8": [
        1.0
    ],
    "0.7": [
        1.0
    ],
    "0.6": [
        1.0
    ],
    "0.5": [
        1.0
    ],
    "0.4": [
        1.0
    ],
    "0.3": [
        1.0
    ],
    "0.2": [
        null
    ],
    "0.1": [
        null
    ]
}