{
    "inf": [
        0.7705583756345178
    ],
    "2": [
        0.76751269035533
    ],
    "1.6": [
        0.946236559139785
    ],
    "1.5": [
        0.9491525423728814
    ],
    "1.4": [
        0.9074074074074074
    ],
    "1.3": [
        0.8518518518518519
    ],
    "1.2": [
        0.8823529411764706
    ],
    "1.1": [
        1.0
    ],
    "0.9": [
        1.0
    ],
    "0.8": [
        null
    ],
    "0.7": [
        null
    ],
    "0.6": [
        null
    ],
    "0.5": [
        null
    ],
    "0.4": [
        null
    ],
    "0.3": [
        null
    ],
    "0.2": [
        null
    ],
    "0.1": [
        null
    ]
}