{
    "inf": [
        0.7766497461928934
    ],
    "2": [
        0.7766497461928934
    ],
    "1.6": [
        0.8998357963875205
    ],
    "1.5": [
        0.9271523178807947
    ],
    "1.4": [
        0.9515669515669516
    ],
    "1.3": [
        0.9635036496350365
    ],
    "1.2": [
        0.9681818181818181
    ],
    "1.1": [
        0.9745222929936306
    ],
    "0.9": [
        0.9873417721518988
    ],
    "0.8": [
        0.9838709677419355
    ],
    "0.7": [
        0.9772727272727273
    ],
    "0.6": [
        1.0
    ],
    "0.5": [
        1.0
    ],
    "0.4": [
        1.0
    ],
    "0.3": [
        1.0
    ],
    "0.2": [
        1.0
    ],
    "0.1": [
        null
    ]
}