{
    "inf": [
        0.7817258883248731
    ],
    "2": [
        0.7786802030456853
    ],
    "1.6": [
        0.8301204819277108
    ],
    "1.5": [
        0.8482490272373541
    ],
    "1.4": [
        0.8660084626234132
    ],
    "1.3": [
        0.8751902587519026
    ],
    "1.2": [
        0.8955479452054794
    ],
    "1.1": [
        0.9129593810444874
    ],
    "0.9": [
        0.9346246973365617
    ],
    "0.8": [
        0.9295392953929539
    ],
    "0.7": [
        0.945859872611465
    ],
    "0.6": [
        0.946360153256705
    ],
    "0.5": [
        0.9409090909090909
    ],
    "0.4": [
        0.96
    ],
    "0.3": [
        0.953125
    ],
    "0.2": [
        0.9506172839506173
    ],
    "0.1": [
        0.9473684210526315
    ]
}