{
    "inf": [
        0.7888324873096447
    ],
    "2": [
        0.7888324873096447
    ],
    "1.6": [
        0.8886861313868614
    ],
    "1.5": [
        0.9234972677595629
    ],
    "1.4": [
        0.9455252918287937
    ],
    "1.3": [
        0.9776536312849162
    ],
    "1.2": [
        0.9758064516129032
    ],
    "1.1": [
        0.967741935483871
    ],
    "0.9": [
        0.9807692307692307
    ],
    "0.8": [
        0.9722222222222222
    ],
    "0.7": [
        0.96
    ],
    "0.6": [
        0.9285714285714286
    ],
    "0.5": [
        1.0
    ],
    "0.4": [
        1.0
    ],
    "0.3": [
        1.0
    ],
    "0.2": [
        1.0
    ],
    "0.1": [
        1.0
    ]
}