{
    "inf": [
        0.7807106598984772
    ],
    "2": [
        0.7807106598984772
    ],
    "1.6": [
        0.871404399323181
    ],
    "1.5": [
        0.9280575539568345
    ],
    "1.4": [
        0.9422492401215805
    ],
    "1.3": [
        0.9547169811320755
    ],
    "1.2": [
        0.9653465346534653
    ],
    "1.1": [
        0.9662162162162162
    ],
    "0.9": [
        0.9880952380952381
    ],
    "0.8": [
        0.9830508474576272
    ],
    "0.7": [
        1.0
    ],
    "0.6": [
        1.0
    ],
    "0.5": [
        1.0
    ],
    "0.4": [
        1.0
    ],
    "0.3": [
        1.0
    ],
    "0.2": [
        1.0
    ],
    "0.1": [
        1.0
    ]
}