{
    "inf": [
        0.783756345177665
    ],
    "2": [
        0.783756345177665
    ],
    "1.6": [
        0.8065984072810012
    ],
    "1.5": [
        0.8452535760728218
    ],
    "1.4": [
        0.8917682926829268
    ],
    "1.3": [
        0.9142857142857143
    ],
    "1.2": [
        0.9240506329113924
    ],
    "1.1": [
        0.9348370927318296
    ],
    "0.9": [
        0.9484536082474226
    ],
    "0.8": [
        0.9533898305084746
    ],
    "0.7": [
        0.97
    ],
    "0.6": [
        0.9824561403508771
    ],
    "0.5": [
        0.9846153846153847
    ],
    "0.4": [
        0.9903846153846154
    ],
    "0.3": [
        1.0
    ],
    "0.2": [
        1.0
    ],
    "0.1": [
        1.0
    ]
}