{
    "inf": [
        0.7634517766497462
    ],
    "2": [
        0.7583756345177665
    ],
    "1.6": [
        0.9579439252336449
    ],
    "1.5": [
        0.9732142857142857
    ],
    "1.4": [
        0.9705882352941176
    ],
    "1.3": [
        0.9655172413793104
    ],
    "1.2": [
        1.0
    ],
    "1.1": [
        1.0
    ],
    "0.9": [
        1.0
    ],
    "0.8": [
        1.0
    ],
    "0.7": [
        1.0
    ],
    "0.6": [
        null
    ],
    "0.5": [
        null
    ],
    "0.4": [
        null
    ],
    "0.3": [
        null
    ],
    "0.2": [
        null
    ],
    "0.1": [
        null
    ]
}