{
    "inf": [
        0.76751269035533
    ],
    "2": [
        0.766497461928934
    ],
    "1.6": [
        0.8394160583941606
    ],
    "1.5": [
        0.8494055482166446
    ],
    "1.4": [
        0.8772919605077574
    ],
    "1.3": [
        0.8837209302325582
    ],
    "1.2": [
        0.9142367066895368
    ],
    "1.1": [
        0.9303201506591338
    ],
    "0.9": [
        0.9504716981132075
    ],
    "0.8": [
        0.9526315789473684
    ],
    "0.7": [
        0.9704142011834319
    ],
    "0.6": [
        0.9652777777777778
    ],
    "0.5": [
        0.9782608695652174
    ],
    "0.4": [
        0.9940476190476191
    ],
    "0.3": [
        0.9920634920634921
    ],
    "0.2": [
        0.9864864864864865
    ],
    "0.1": [
        1.0
    ]
}