{
    "inf": [
        0.7796954314720812
    ],
    "2": [
        0.7796954314720812
    ],
    "1.6": [
        0.8605299860529986
    ],
    "1.5": [
        0.9032846715328468
    ],
    "1.4": [
        0.9113082039911308
    ],
    "1.3": [
        0.9419889502762431
    ],
    "1.2": [
        0.9574468085106383
    ],
    "1.1": [
        0.9598214285714286
    ],
    "0.9": [
        0.9714285714285714
    ],
    "0.8": [
        0.9801980198019802
    ],
    "0.7": [
        0.987012987012987
    ],
    "0.6": [
        1.0
    ],
    "0.5": [
        1.0
    ],
    "0.4": [
        1.0
    ],
    "0.3": [
        1.0
    ],
    "0.2": [
        1.0
    ],
    "0.1": [
        1.0
    ]
}