{
    "inf": [
        0.8294416243654822
    ],
    "2": [
        0.8274111675126904
    ],
    "1.6": [
        0.8643274853801169
    ],
    "1.5": [
        0.8864516129032258
    ],
    "1.4": [
        0.8953323903818954
    ],
    "1.3": [
        0.909375
    ],
    "1.2": [
        0.9233390119250426
    ],
    "1.1": [
        0.9347408829174664
    ],
    "0.9": [
        0.9536585365853658
    ],
    "0.8": [
        0.9584487534626038
    ],
    "0.7": [
        0.9770491803278688
    ],
    "0.6": [
        0.9841269841269841
    ],
    "0.5": [
        0.9898477157360406
    ],
    "0.4": [
        0.9876543209876543
    ],
    "0.3": [
        0.9917355371900827
    ],
    "0.2": [
        0.9879518072289156
    ],
    "0.1": [
        1.0
    ]
}