{
    "inf": [
        0.6913705583756345
    ],
    "2": [
        0.7197969543147208
    ],
    "1.6": [
        0.953757225433526
    ],
    "1.5": [
        0.9767441860465116
    ],
    "1.4": [
        0.9622641509433962
    ],
    "1.3": [
        0.9473684210526315
    ],
    "1.2": [
        0.9166666666666666
    ],
    "1.1": [
        1.0
    ],
    "0.9": [
        null
    ],
    "0.8": [
        null
    ],
    "0.7": [
        null
    ],
    "0.6": [
        null
    ],
    "0.5": [
        null
    ],
    "0.4": [
        null
    ],
    "0.3": [
        null
    ],
    "0.2": [
        null
    ],
    "0.1": [
        null
    ]
}