{
    "inf": [
        0.8020304568527918
    ],
    "2": [
        0.8020304568527918
    ],
    "1.6": [
        0.8084449021627188
    ],
    "1.5": [
        0.8152866242038217
    ],
    "1.4": [
        0.8266666666666667
    ],
    "1.3": [
        0.8394160583941606
    ],
    "1.2": [
        0.8556149732620321
    ],
    "1.1": [
        0.87518573551263
    ],
    "0.9": [
        0.9344894026974951
    ],
    "0.8": [
        0.941834451901566
    ],
    "0.7": [
        0.9604221635883905
    ],
    "0.6": [
        0.9667774086378738
    ],
    "0.5": [
        0.9753086419753086
    ],
    "0.4": [
        0.9943502824858758
    ],
    "0.3": [
        0.990990990990991
    ],
    "0.2": [
        1.0
    ],
    "0.1": [
        1.0
    ]
}