{
    "inf": [
        0.7390862944162436
    ],
    "2": [
        0.7421319796954314
    ],
    "1.6": [
        0.8300455235204856
    ],
    "1.5": [
        0.8816326530612245
    ],
    "1.4": [
        0.9171270718232044
    ],
    "1.3": [
        0.9230769230769231
    ],
    "1.2": [
        0.9326923076923077
    ],
    "1.1": [
        0.9452054794520548
    ],
    "0.9": [
        0.9634146341463414
    ],
    "0.8": [
        0.9661016949152542
    ],
    "0.7": [
        0.9428571428571428
    ],
    "0.6": [
        0.9130434782608695
    ],
    "0.5": [
        0.9230769230769231
    ],
    "0.4": [
        0.8333333333333334
    ],
    "0.3": [
        0.8
    ],
    "0.2": [
        1.0
    ],
    "0.1": [
        1.0
    ]
}