{
    "inf": [
        0.7401015228426396
    ],
    "2": [
        0.7258883248730964
    ],
    "1.6": [
        0.934931506849315
    ],
    "1.5": [
        0.9685534591194969
    ],
    "1.4": [
        0.9868421052631579
    ],
    "1.3": [
        0.975609756097561
    ],
    "1.2": [
        1.0
    ],
    "1.1": [
        1.0
    ],
    "0.9": [
        1.0
    ],
    "0.8": [
        1.0
    ],
    "0.7": [
        1.0
    ],
    "0.6": [
        null
    ],
    "0.5": [
        1.0
    ],
    "0.4": [
        null
    ],
    "0.3": [
        1.0
    ],
    "0.2": [
        null
    ],
    "0.1": [
        null
    ]
}