{
    "inf": [
        0.8050761421319796
    ],
    "2": [
        0.8020304568527918
    ],
    "1.6": [
        0.8890429958391124
    ],
    "1.5": [
        0.911620294599018
    ],
    "1.4": [
        0.9212454212454212
    ],
    "1.3": [
        0.9313929313929314
    ],
    "1.2": [
        0.9338235294117647
    ],
    "1.1": [
        0.9387755102040817
    ],
    "0.9": [
        0.952755905511811
    ],
    "0.8": [
        0.9457013574660633
    ],
    "0.7": [
        0.9454545454545454
    ],
    "0.6": [
        0.9541984732824428
    ],
    "0.5": [
        0.967391304347826
    ],
    "0.4": [
        0.9672131147540983
    ],
    "0.3": [
        0.967741935483871
    ],
    "0.2": [
        1.0
    ],
    "0.1": [
        1.0
    ]
}