{
    "inf": [
        0.7593908629441625
    ],
    "2": [
        0.7583756345177665
    ],
    "1.6": [
        0.7693110647181628
    ],
    "1.5": [
        0.7774122807017544
    ],
    "1.4": [
        0.7948113207547169
    ],
    "1.3": [
        0.8144329896907216
    ],
    "1.2": [
        0.8287292817679558
    ],
    "1.1": [
        0.8511278195488722
    ],
    "0.9": [
        0.8725663716814159
    ],
    "0.8": [
        0.8884462151394422
    ],
    "0.7": [
        0.9129464285714286
    ],
    "0.6": [
        0.9156327543424317
    ],
    "0.5": [
        0.9281609195402298
    ],
    "0.4": [
        0.9457627118644067
    ],
    "0.3": [
        0.9705882352941176
    ],
    "0.2": [
        0.9771428571428571
    ],
    "0.1": [
        0.9782608695652174
    ]
}