{
    "inf": [
        0.8050761421319796
    ],
    "2": [
        0.7969543147208121
    ],
    "1.6": [
        0.8435619735258725
    ],
    "1.5": [
        0.8649350649350649
    ],
    "1.4": [
        0.8751814223512336
    ],
    "1.3": [
        0.8943894389438944
    ],
    "1.2": [
        0.9034090909090909
    ],
    "1.1": [
        0.9206008583690987
    ],
    "0.9": [
        0.938337801608579
    ],
    "0.8": [
        0.9545454545454546
    ],
    "0.7": [
        0.9693486590038314
    ],
    "0.6": [
        0.9819004524886877
    ],
    "0.5": [
        0.9842931937172775
    ],
    "0.4": [
        0.9868421052631579
    ],
    "0.3": [
        0.9813084112149533
    ],
    "0.2": [
        1.0
    ],
    "0.1": [
        1.0
    ]
}