{
    "inf": [
        0.7157360406091371
    ],
    "2": [
        0.6974619289340102
    ],
    "1.6": [
        0.9354005167958657
    ],
    "1.5": [
        0.9694323144104804
    ],
    "1.4": [
        0.9857142857142858
    ],
    "1.3": [
        0.9879518072289156
    ],
    "1.2": [
        0.9855072463768116
    ],
    "1.1": [
        1.0
    ],
    "0.9": [
        1.0
    ],
    "0.8": [
        1.0
    ],
    "0.7": [
        1.0
    ],
    "0.6": [
        1.0
    ],
    "0.5": [
        null
    ],
    "0.4": [
        null
    ],
    "0.3": [
        null
    ],
    "0.2": [
        null
    ],
    "0.1": [
        null
    ]
}