{
    "inf": [
        0.7725888324873097
    ],
    "2": [
        0.7725888324873097
    ],
    "1.6": [
        0.8431061806656102
    ],
    "1.5": [
        0.888095238095238
    ],
    "1.4": [
        0.916923076923077
    ],
    "1.3": [
        0.9557522123893806
    ],
    "1.2": [
        0.9811320754716981
    ],
    "1.1": [
        0.9823008849557522
    ],
    "0.9": [
        1.0
    ],
    "0.8": [
        1.0
    ],
    "0.7": [
        1.0
    ],
    "0.6": [
        1.0
    ],
    "0.5": [
        1.0
    ],
    "0.4": [
        1.0
    ],
    "0.3": [
        1.0
    ],
    "0.2": [
        1.0
    ],
    "0.1": [
        1.0
    ]
}