{
    "inf": [
        0.7644670050761422
    ],
    "2": [
        0.7644670050761422
    ],
    "1.6": [
        0.8084577114427861
    ],
    "1.5": [
        0.8514705882352941
    ],
    "1.4": [
        0.8685612788632326
    ],
    "1.3": [
        0.8939393939393939
    ],
    "1.2": [
        0.9088471849865952
    ],
    "1.1": [
        0.9347079037800687
    ],
    "0.9": [
        0.9603960396039604
    ],
    "0.8": [
        0.9583333333333334
    ],
    "0.7": [
        0.9516129032258065
    ],
    "0.6": [
        0.9629629629629629
    ],
    "0.5": [
        0.96
    ],
    "0.4": [
        1.0
    ],
    "0.3": [
        1.0
    ],
    "0.2": [
        1.0
    ],
    "0.1": [
        1.0
    ]
}