{
    "inf": [
        0.7766497461928934
    ],
    "2": [
        0.7756345177664975
    ],
    "1.6": [
        0.852589641434263
    ],
    "1.5": [
        0.8949919224555735
    ],
    "1.4": [
        0.9207920792079208
    ],
    "1.3": [
        0.9475
    ],
    "1.2": [
        0.9553571428571429
    ],
    "1.1": [
        0.9505703422053232
    ],
    "0.9": [
        0.9695121951219512
    ],
    "0.8": [
        0.9819819819819819
    ],
    "0.7": [
        1.0
    ],
    "0.6": [
        1.0
    ],
    "0.5": [
        1.0
    ],
    "0.4": [
        1.0
    ],
    "0.3": [
        1.0
    ],
    "0.2": [
        1.0
    ],
    "0.1": [
        1.0
    ]
}