{
    "inf": [
        0.7319796954314721
    ],
    "2": [
        0.7238578680203046
    ],
    "1.6": [
        0.9034749034749034
    ],
    "1.5": [
        0.9411764705882353
    ],
    "1.4": [
        0.9264705882352942
    ],
    "1.3": [
        0.9354838709677419
    ],
    "1.2": [
        0.9411764705882353
    ],
    "1.1": [
        0.8571428571428571
    ],
    "0.9": [
        1.0
    ],
    "0.8": [
        1.0
    ],
    "0.7": [
        null
    ],
    "0.6": [
        null
    ],
    "0.5": [
        1.0
    ],
    "0.4": [
        null
    ],
    "0.3": [
        null
    ],
    "0.2": [
        null
    ],
    "0.1": [
        null
    ]
}