{
    "inf": [
        0.7614213197969543
    ],
    "2": [
        0.7614213197969543
    ],
    "1.6": [
        0.8104886769964244
    ],
    "1.5": [
        0.8554054054054054
    ],
    "1.4": [
        0.886535552193646
    ],
    "1.3": [
        0.909556313993174
    ],
    "1.2": [
        0.923679060665362
    ],
    "1.1": [
        0.9463087248322147
    ],
    "0.9": [
        0.963276836158192
    ],
    "0.8": [
        0.9804560260586319
    ],
    "0.7": [
        0.9811320754716981
    ],
    "0.6": [
        0.9853658536585366
    ],
    "0.5": [
        0.9878787878787879
    ],
    "0.4": [
        0.984
    ],
    "0.3": [
        0.9880952380952381
    ],
    "0.2": [
        1.0
    ],
    "0.1": [
        1.0
    ]
}