{
    "inf": [
        0.7461928934010152
    ],
    "2": [
        0.750253807106599
    ],
    "1.6": [
        0.9206349206349206
    ],
    "1.5": [
        0.9533678756476683
    ],
    "1.4": [
        0.9586776859504132
    ],
    "1.3": [
        0.9560439560439561
    ],
    "1.2": [
        1.0
    ],
    "1.1": [
        1.0
    ],
    "0.9": [
        1.0
    ],
    "0.8": [
        1.0
    ],
    "0.7": [
        1.0
    ],
    "0.6": [
        1.0
    ],
    "0.5": [
        1.0
    ],
    "0.4": [
        1.0
    ],
    "0.3": [
        1.0
    ],
    "0.2": [
        null
    ],
    "0.1": [
        null
    ]
}