{
    "inf": [
        0.7380710659898477
    ],
    "2": [
        0.6842639593908629
    ],
    "1.6": [
        0.8814432989690721
    ],
    "1.5": [
        0.9404761904761905
    ],
    "1.4": [
        0.975609756097561
    ],
    "1.3": [
        1.0
    ],
    "1.2": [
        1.0
    ],
    "1.1": [
        1.0
    ],
    "0.9": [
        1.0
    ],
    "0.8": [
        null
    ],
    "0.7": [
        null
    ],
    "0.6": [
        null
    ],
    "0.5": [
        null
    ],
    "0.4": [
        null
    ],
    "0.3": [
        null
    ],
    "0.2": [
        null
    ],
    "0.1": [
        null
    ]
}