{
    "inf": [
        0.7969543147208121
    ],
    "2": [
        0.7959390862944162
    ],
    "1.6": [
        0.8438709677419355
    ],
    "1.5": [
        0.8654124457308249
    ],
    "1.4": [
        0.8888888888888888
    ],
    "1.3": [
        0.9046762589928058
    ],
    "1.2": [
        0.9203187250996016
    ],
    "1.1": [
        0.9383259911894273
    ],
    "0.9": [
        0.9545454545454546
    ],
    "0.8": [
        0.9640718562874252
    ],
    "0.7": [
        0.9690721649484536
    ],
    "0.6": [
        0.9841897233201581
    ],
    "0.5": [
        0.9806763285024155
    ],
    "0.4": [
        0.9881656804733728
    ],
    "0.3": [
        0.9827586206896551
    ],
    "0.2": [
        0.9726027397260274
    ],
    "0.1": [
        1.0
    ]
}