{
    "inf": [
        0.8020304568527918
    ],
    "2": [
        0.8050761421319796
    ],
    "1.6": [
        0.8581997533908755
    ],
    "1.5": [
        0.876
    ],
    "1.4": [
        0.8923959827833573
    ],
    "1.3": [
        0.9063004846526656
    ],
    "1.2": [
        0.9271758436944938
    ],
    "1.1": [
        0.935672514619883
    ],
    "0.9": [
        0.9468599033816425
    ],
    "0.8": [
        0.9640883977900553
    ],
    "0.7": [
        0.967741935483871
    ],
    "0.6": [
        0.9743589743589743
    ],
    "0.5": [
        0.972972972972973
    ],
    "0.4": [
        0.9732620320855615
    ],
    "0.3": [
        0.9716312056737588
    ],
    "0.2": [
        0.9895833333333334
    ],
    "0.1": [
        0.9803921568627451
    ]
}