{
    "inf": [
        0.7888324873096447
    ],
    "2": [
        0.7888324873096447
    ],
    "1.6": [
        0.9615384615384616
    ],
    "1.5": [
        0.9705882352941176
    ],
    "1.4": [
        0.9629629629629629
    ],
    "1.3": [
        0.9615384615384616
    ],
    "1.2": [
        1.0
    ],
    "1.1": [
        1.0
    ],
    "0.9": [
        1.0
    ],
    "0.8": [
        1.0
    ],
    "0.7": [
        null
    ],
    "0.6": [
        1.0
    ],
    "0.5": [
        null
    ],
    "0.4": [
        null
    ],
    "0.3": [
        null
    ],
    "0.2": [
        null
    ],
    "0.1": [
        null
    ]
}