{
    "inf": [
        0.7573604060913706
    ],
    "2": [
        0.7563451776649747
    ],
    "1.6": [
        0.7857142857142857
    ],
    "1.5": [
        0.8073510773130546
    ],
    "1.4": [
        0.8304843304843305
    ],
    "1.3": [
        0.8552845528455284
    ],
    "1.2": [
        0.8787878787878788
    ],
    "1.1": [
        0.9010989010989011
    ],
    "0.9": [
        0.9269005847953217
    ],
    "0.8": [
        0.946843853820598
    ],
    "0.7": [
        0.967479674796748
    ],
    "0.6": [
        0.9801980198019802
    ],
    "0.5": [
        0.9872611464968153
    ],
    "0.4": [
        1.0
    ],
    "0.3": [
        1.0
    ],
    "0.2": [
        1.0
    ],
    "0.1": [
        1.0
    ]
}