{
    "inf": [
        0.7390862944162436
    ],
    "2": [
        0.7411167512690355
    ],
    "1.6": [
        0.8888888888888888
    ],
    "1.5": [
        0.9098360655737705
    ],
    "1.4": [
        0.9267399267399268
    ],
    "1.3": [
        0.9483568075117371
    ],
    "1.2": [
        0.9573170731707317
    ],
    "1.1": [
        0.96875
    ],
    "0.9": [
        0.9848484848484849
    ],
    "0.8": [
        0.9782608695652174
    ],
    "0.7": [
        1.0
    ],
    "0.6": [
        1.0
    ],
    "0.5": [
        1.0
    ],
    "0.4": [
        1.0
    ],
    "0.3": [
        1.0
    ],
    "0.2": [
        1.0
    ],
    "0.1": [
        1.0
    ]
}