{
    "inf": [
        0.7451776649746192
    ],
    "2": [
        0.7553299492385787
    ],
    "1.6": [
        0.9435736677115988
    ],
    "1.5": [
        0.9540816326530612
    ],
    "1.4": [
        0.9719626168224299
    ],
    "1.3": [
        0.9818181818181818
    ],
    "1.2": [
        1.0
    ],
    "1.1": [
        1.0
    ],
    "0.9": [
        null
    ],
    "0.8": [
        1.0
    ],
    "0.7": [
        null
    ],
    "0.6": [
        null
    ],
    "0.5": [
        null
    ],
    "0.4": [
        null
    ],
    "0.3": [
        null
    ],
    "0.2": [
        null
    ],
    "0.1": [
        null
    ]
}