{
    "inf": [
        0.7928934010152284
    ],
    "2": [
        0.7969543147208121
    ],
    "1.6": [
        0.8382352941176471
    ],
    "1.5": [
        0.8584905660377359
    ],
    "1.4": [
        0.8738872403560831
    ],
    "1.3": [
        0.8794212218649518
    ],
    "1.2": [
        0.8982758620689655
    ],
    "1.1": [
        0.9001919385796545
    ],
    "0.9": [
        0.908433734939759
    ],
    "0.8": [
        0.9178470254957507
    ],
    "0.7": [
        0.9331103678929766
    ],
    "0.6": [
        0.935361216730038
    ],
    "0.5": [
        0.9539170506912442
    ],
    "0.4": [
        0.9593023255813954
    ],
    "0.3": [
        0.9541984732824428
    ],
    "0.2": [
        0.9736842105263158
    ],
    "0.1": [
        1.0
    ]
}