{
    "inf": [
        0.7766497461928934
    ],
    "2": [
        0.7543147208121828
    ],
    "1.6": [
        0.924433249370277
    ],
    "1.5": [
        0.9218106995884774
    ],
    "1.4": [
        0.9805194805194806
    ],
    "1.3": [
        0.9897959183673469
    ],
    "1.2": [
        0.9833333333333333
    ],
    "1.1": [
        1.0
    ],
    "0.9": [
        1.0
    ],
    "0.8": [
        1.0
    ],
    "0.7": [
        1.0
    ],
    "0.6": [
        1.0
    ],
    "0.5": [
        1.0
    ],
    "0.4": [
        1.0
    ],
    "0.3": [
        null
    ],
    "0.2": [
        null
    ],
    "0.1": [
        null
    ]
}