{
    "inf": [
        0.7969543147208121
    ],
    "2": [
        0.7979695431472081
    ],
    "1.6": [
        0.8306264501160093
    ],
    "1.5": [
        0.8523316062176166
    ],
    "1.4": [
        0.886535552193646
    ],
    "1.3": [
        0.9090909090909091
    ],
    "1.2": [
        0.9148073022312373
    ],
    "1.1": [
        0.9245283018867925
    ],
    "0.9": [
        0.9595959595959596
    ],
    "0.8": [
        0.9700854700854701
    ],
    "0.7": [
        0.9637305699481865
    ],
    "0.6": [
        0.9642857142857143
    ],
    "0.5": [
        0.9636363636363636
    ],
    "0.4": [
        0.9629629629629629
    ],
    "0.3": [
        0.9795918367346939
    ],
    "0.2": [
        1.0
    ],
    "0.1": [
        1.0
    ]
}