{
    "inf": [
        0.7736040609137056
    ],
    "2": [
        0.7736040609137056
    ],
    "1.6": [
        0.86608442503639
    ],
    "1.5": [
        0.9020715630885122
    ],
    "1.4": [
        0.9414758269720102
    ],
    "1.3": [
        0.9493670886075949
    ],
    "1.2": [
        0.9590163934426229
    ],
    "1.1": [
        0.967391304347826
    ],
    "0.9": [
        1.0
    ],
    "0.8": [
        1.0
    ],
    "0.7": [
        1.0
    ],
    "0.6": [
        1.0
    ],
    "0.5": [
        1.0
    ],
    "0.4": [
        1.0
    ],
    "0.3": [
        1.0
    ],
    "0.2": [
        1.0
    ],
    "0.1": [
        1.0
    ]
}