{
    "inf": [
        0.7756345177664975
    ],
    "2": [
        0.7736040609137056
    ],
    "1.6": [
        0.944
    ],
    "1.5": [
        0.9296875
    ],
    "1.4": [
        0.9577464788732394
    ],
    "1.3": [
        0.9743589743589743
    ],
    "1.2": [
        1.0
    ],
    "1.1": [
        1.0
    ],
    "0.9": [
        1.0
    ],
    "0.8": [
        1.0
    ],
    "0.7": [
        1.0
    ],
    "0.6": [
        1.0
    ],
    "0.5": [
        1.0
    ],
    "0.4": [
        1.0
    ],
    "0.3": [
        null
    ],
    "0.2": [
        null
    ],
    "0.1": [
        null
    ]
}