{
    "inf": [
        0.7461928934010152
    ],
    "2": [
        0.7350253807106599
    ],
    "1.6": [
        0.9386973180076629
    ],
    "1.5": [
        0.9481481481481482
    ],
    "1.4": [
        0.987012987012987
    ],
    "1.3": [
        1.0
    ],
    "1.2": [
        1.0
    ],
    "1.1": [
        1.0
    ],
    "0.9": [
        1.0
    ],
    "0.8": [
        1.0
    ],
    "0.7": [
        1.0
    ],
    "0.6": [
        null
    ],
    "0.5": [
        null
    ],
    "0.4": [
        null
    ],
    "0.3": [
        null
    ],
    "0.2": [
        null
    ],
    "0.1": [
        null
    ]
}