{
    "inf": [
        0.8142131979695432
    ],
    "2": [
        0.8121827411167513
    ],
    "1.6": [
        0.8626506024096385
    ],
    "1.5": [
        0.8866120218579235
    ],
    "1.4": [
        0.9007518796992481
    ],
    "1.3": [
        0.9170896785109983
    ],
    "1.2": [
        0.9274509803921569
    ],
    "1.1": [
        0.9354120267260579
    ],
    "0.9": [
        0.9516616314199395
    ],
    "0.8": [
        0.9632352941176471
    ],
    "0.7": [
        0.9691629955947136
    ],
    "0.6": [
        0.9653179190751445
    ],
    "0.5": [
        0.9770992366412213
    ],
    "0.4": [
        0.9813084112149533
    ],
    "0.3": [
        0.9722222222222222
    ],
    "0.2": [
        0.9772727272727273
    ],
    "0.1": [
        1.0
    ]
}