{
    "inf": [
        0.749238578680203
    ],
    "2": [
        0.7370558375634517
    ],
    "1.6": [
        0.8620689655172413
    ],
    "1.5": [
        0.931899641577061
    ],
    "1.4": [
        0.9425287356321839
    ],
    "1.3": [
        0.963302752293578
    ],
    "1.2": [
        0.9848484848484849
    ],
    "1.1": [
        0.9807692307692307
    ],
    "0.9": [
        1.0
    ],
    "0.8": [
        1.0
    ],
    "0.7": [
        1.0
    ],
    "0.6": [
        1.0
    ],
    "0.5": [
        null
    ],
    "0.4": [
        null
    ],
    "0.3": [
        null
    ],
    "0.2": [
        null
    ],
    "0.1": [
        null
    ]
}