{
    "inf": [
        0.7847715736040609
    ],
    "2": [
        0.7847715736040609
    ],
    "1.6": [
        0.9287305122494433
    ],
    "1.5": [
        0.9504950495049505
    ],
    "1.4": [
        0.9485981308411215
    ],
    "1.3": [
        0.9659863945578231
    ],
    "1.2": [
        0.9809523809523809
    ],
    "1.1": [
        0.9857142857142858
    ],
    "0.9": [
        0.972972972972973
    ],
    "0.8": [
        1.0
    ],
    "0.7": [
        1.0
    ],
    "0.6": [
        1.0
    ],
    "0.5": [
        1.0
    ],
    "0.4": [
        1.0
    ],
    "0.3": [
        1.0
    ],
    "0.2": [
        1.0
    ],
    "0.1": [
        1.0
    ]
}