{
    "inf": [
        0.7472081218274111
    ],
    "2": [
        0.7289340101522843
    ],
    "1.6": [
        0.9192982456140351
    ],
    "1.5": [
        0.9473684210526315
    ],
    "1.4": [
        0.9666666666666667
    ],
    "1.3": [
        0.9411764705882353
    ],
    "1.2": [
        0.8888888888888888
    ],
    "1.1": [
        0.8
    ],
    "0.9": [
        1.0
    ],
    "0.8": [
        null
    ],
    "0.7": [
        null
    ],
    "0.6": [
        null
    ],
    "0.5": [
        null
    ],
    "0.4": [
        null
    ],
    "0.3": [
        null
    ],
    "0.2": [
        null
    ],
    "0.1": [
        null
    ]
}