{
    "inf": [
        0.8101522842639594
    ],
    "2": [
        0.8060913705583757
    ],
    "1.6": [
        0.8756410256410256
    ],
    "1.5": [
        0.9022662889518414
    ],
    "1.4": [
        0.9122257053291536
    ],
    "1.3": [
        0.9265734265734266
    ],
    "1.2": [
        0.9386138613861386
    ],
    "1.1": [
        0.9424778761061947
    ],
    "0.9": [
        0.9461756373937678
    ],
    "0.8": [
        0.9576547231270358
    ],
    "0.7": [
        0.9571984435797666
    ],
    "0.6": [
        0.9587155963302753
    ],
    "0.5": [
        0.9615384615384616
    ],
    "0.4": [
        0.9794520547945206
    ],
    "0.3": [
        0.9711538461538461
    ],
    "0.2": [
        0.9710144927536232
    ],
    "0.1": [
        1.0
    ]
}