{
    "inf": [
        0.7715736040609137
    ],
    "2": [
        0.7725888324873097
    ],
    "1.6": [
        0.7976060935799782
    ],
    "1.5": [
        0.8109339407744874
    ],
    "1.4": [
        0.8236009732360098
    ],
    "1.3": [
        0.837730870712401
    ],
    "1.2": [
        0.8526912181303116
    ],
    "1.1": [
        0.8699690402476781
    ],
    "0.9": [
        0.9
    ],
    "0.8": [
        0.9126984126984127
    ],
    "0.7": [
        0.9175946547884187
    ],
    "0.6": [
        0.9357326478149101
    ],
    "0.5": [
        0.9420289855072463
    ],
    "0.4": [
        0.9512195121951219
    ],
    "0.3": [
        0.9658119658119658
    ],
    "0.2": [
        0.9879518072289156
    ],
    "0.1": [
        0.9876543209876543
    ]
}