{
    "inf": [
        0.7756345177664975
    ],
    "2": [
        0.7756345177664975
    ],
    "1.6": [
        0.9065743944636678
    ],
    "1.5": [
        0.9391100702576113
    ],
    "1.4": [
        0.9676375404530745
    ],
    "1.3": [
        0.9588477366255144
    ],
    "1.2": [
        0.9835164835164835
    ],
    "1.1": [
        0.9922480620155039
    ],
    "0.9": [
        1.0
    ],
    "0.8": [
        1.0
    ],
    "0.7": [
        1.0
    ],
    "0.6": [
        1.0
    ],
    "0.5": [
        1.0
    ],
    "0.4": [
        1.0
    ],
    "0.3": [
        1.0
    ],
    "0.2": [
        1.0
    ],
    "0.1": [
        1.0
    ]
}