{
    "inf": [
        0.766497461928934
    ],
    "2": [
        0.766497461928934
    ],
    "1.6": [
        0.83645443196005
    ],
    "1.5": [
        0.8678414096916299
    ],
    "1.4": [
        0.8737201365187713
    ],
    "1.3": [
        0.8937007874015748
    ],
    "1.2": [
        0.9032258064516129
    ],
    "1.1": [
        0.9136490250696379
    ],
    "0.9": [
        0.9475806451612904
    ],
    "0.8": [
        0.9611650485436893
    ],
    "0.7": [
        0.9636363636363636
    ],
    "0.6": [
        0.9618320610687023
    ],
    "0.5": [
        0.9696969696969697
    ],
    "0.4": [
        1.0
    ],
    "0.3": [
        1.0
    ],
    "0.2": [
        1.0
    ],
    "0.1": [
        1.0
    ]
}