{
    "inf": [
        0.7715736040609137
    ],
    "2": [
        0.7736040609137056
    ],
    "1.6": [
        0.865979381443299
    ],
    "1.5": [
        0.9140625
    ],
    "1.4": [
        0.9313725490196079
    ],
    "1.3": [
        0.9530791788856305
    ],
    "1.2": [
        0.9642857142857143
    ],
    "1.1": [
        0.9646017699115044
    ],
    "0.9": [
        0.9577464788732394
    ],
    "0.8": [
        0.9642857142857143
    ],
    "0.7": [
        0.974025974025974
    ],
    "0.6": [
        0.9655172413793104
    ],
    "0.5": [
        0.9428571428571428
    ],
    "0.4": [
        0.8888888888888888
    ],
    "0.3": [
        0.8
    ],
    "0.2": [
        0.0
    ],
    "0.1": [
        null
    ]
}