{
    "inf": [
        0.7451776649746192
    ],
    "2": [
        0.7451776649746192
    ],
    "1.6": [
        0.858252427184466
    ],
    "1.5": [
        0.8950276243093923
    ],
    "1.4": [
        0.9063670411985019
    ],
    "1.3": [
        0.9344262295081968
    ],
    "1.2": [
        0.9465648854961832
    ],
    "1.1": [
        0.9550561797752809
    ],
    "0.9": [
        0.98
    ],
    "0.8": [
        1.0
    ],
    "0.7": [
        1.0
    ],
    "0.6": [
        1.0
    ],
    "0.5": [
        1.0
    ],
    "0.4": [
        1.0
    ],
    "0.3": [
        1.0
    ],
    "0.2": [
        1.0
    ],
    "0.1": [
        null
    ]
}