{
    "inf": [
        0.7979695431472081
    ],
    "2": [
        0.7918781725888325
    ],
    "1.6": [
        0.8528678304239401
    ],
    "1.5": [
        0.8796680497925311
    ],
    "1.4": [
        0.8984615384615384
    ],
    "1.3": [
        0.9151103565365025
    ],
    "1.2": [
        0.9276437847866419
    ],
    "1.1": [
        0.9307535641547862
    ],
    "0.9": [
        0.9526184538653366
    ],
    "0.8": [
        0.9571428571428572
    ],
    "0.7": [
        0.9587301587301588
    ],
    "0.6": [
        0.9565217391304348
    ],
    "0.5": [
        0.9734513274336283
    ],
    "0.4": [
        0.9833333333333333
    ],
    "0.3": [
        0.9833333333333333
    ],
    "0.2": [
        0.987012987012987
    ],
    "0.1": [
        1.0
    ]
}