{
    "inf": [
        0.7928934010152284
    ],
    "2": [
        0.7959390862944162
    ],
    "1.6": [
        0.8253968253968254
    ],
    "1.5": [
        0.8508430609597925
    ],
    "1.4": [
        0.8785607196401799
    ],
    "1.3": [
        0.9029982363315696
    ],
    "1.2": [
        0.9235537190082644
    ],
    "1.1": [
        0.9447115384615384
    ],
    "0.9": [
        0.9468085106382979
    ],
    "0.8": [
        0.9396551724137931
    ],
    "0.7": [
        0.9322033898305084
    ],
    "0.6": [
        0.9436619718309859
    ],
    "0.5": [
        0.9649122807017544
    ],
    "0.4": [
        0.9710144927536232
    ],
    "0.3": [
        1.0
    ],
    "0.2": [
        1.0
    ],
    "0.1": [
        1.0
    ]
}