{
    "inf": [
        0.7543147208121828
    ],
    "2": [
        0.7543147208121828
    ],
    "1.6": [
        0.9876543209876543
    ],
    "1.5": [
        0.9846153846153847
    ],
    "1.4": [
        0.9545454545454546
    ],
    "1.3": [
        1.0
    ],
    "1.2": [
        null
    ],
    "1.1": [
        null
    ],
    "0.9": [
        null
    ],
    "0.8": [
        null
    ],
    "0.7": [
        null
    ],
    "0.6": [
        null
    ],
    "0.5": [
        null
    ],
    "0.4": [
        null
    ],
    "0.3": [
        null
    ],
    "0.2": [
        null
    ],
    "0.1": [
        null
    ]
}