{
    "inf": [
        0.8071065989847716
    ],
    "2": [
        0.8071065989847716
    ],
    "1.6": [
        0.8296703296703297
    ],
    "1.5": [
        0.8524788391777509
    ],
    "1.4": [
        0.8727524204702628
    ],
    "1.3": [
        0.8867924528301887
    ],
    "1.2": [
        0.9136029411764706
    ],
    "1.1": [
        0.9180672268907563
    ],
    "0.9": [
        0.9487179487179487
    ],
    "0.8": [
        0.9496644295302014
    ],
    "0.7": [
        0.9612403100775194
    ],
    "0.6": [
        0.9652173913043478
    ],
    "0.5": [
        0.9647058823529412
    ],
    "0.4": [
        0.9609375
    ],
    "0.3": [
        0.9666666666666667
    ],
    "0.2": [
        1.0
    ],
    "0.1": [
        1.0
    ]
}