{
    "inf": [
        0.7868020304568528
    ],
    "2": [
        0.7868020304568528
    ],
    "1.6": [
        0.9077809798270894
    ],
    "1.5": [
        0.9342723004694836
    ],
    "1.4": [
        0.9448818897637795
    ],
    "1.3": [
        0.9506172839506173
    ],
    "1.2": [
        0.9761904761904762
    ],
    "1.1": [
        1.0
    ],
    "0.9": [
        1.0
    ],
    "0.8": [
        1.0
    ],
    "0.7": [
        1.0
    ],
    "0.6": [
        1.0
    ],
    "0.5": [
        1.0
    ],
    "0.4": [
        1.0
    ],
    "0.3": [
        1.0
    ],
    "0.2": [
        1.0
    ],
    "0.1": [
        null
    ]
}