{
    "inf": [
        0.8081218274111676
    ],
    "2": [
        0.8050761421319796
    ],
    "1.6": [
        0.8630460448642266
    ],
    "1.5": [
        0.8840764331210191
    ],
    "1.4": [
        0.8975069252077562
    ],
    "1.3": [
        0.9145038167938931
    ],
    "1.2": [
        0.9266666666666666
    ],
    "1.1": [
        0.9322344322344323
    ],
    "0.9": [
        0.9588100686498856
    ],
    "0.8": [
        0.9717948717948718
    ],
    "0.7": [
        0.9785276073619632
    ],
    "0.6": [
        0.9745454545454545
    ],
    "0.5": [
        0.9912280701754386
    ],
    "0.4": [
        0.9945652173913043
    ],
    "0.3": [
        0.9920634920634921
    ],
    "0.2": [
        1.0
    ],
    "0.1": [
        1.0
    ]
}