{
    "inf": [
        0.7847715736040609
    ],
    "2": [
        0.7847715736040609
    ],
    "1.6": [
        0.8004223864836325
    ],
    "1.5": [
        0.8114663726571113
    ],
    "1.4": [
        0.8241500586166471
    ],
    "1.3": [
        0.8366834170854272
    ],
    "1.2": [
        0.8477088948787062
    ],
    "1.1": [
        0.8594202898550725
    ],
    "0.9": [
        0.8845470692717584
    ],
    "0.8": [
        0.8949416342412452
    ],
    "0.7": [
        0.9035087719298246
    ],
    "0.6": [
        0.9120603015075377
    ],
    "0.5": [
        0.9224137931034483
    ],
    "0.4": [
        0.9381443298969072
    ],
    "0.3": [
        0.9534883720930233
    ],
    "0.2": [
        0.9714285714285714
    ],
    "0.1": [
        1.0
    ]
}