{
    "inf": [
        0.7959390862944162
    ],
    "2": [
        0.7918781725888325
    ],
    "1.6": [
        0.833130328867235
    ],
    "1.5": [
        0.8654104979811574
    ],
    "1.4": [
        0.8779411764705882
    ],
    "1.3": [
        0.900163666121113
    ],
    "1.2": [
        0.9169675090252708
    ],
    "1.1": [
        0.9414141414141414
    ],
    "0.9": [
        0.9427860696517413
    ],
    "0.8": [
        0.9502923976608187
    ],
    "0.7": [
        0.972318339100346
    ],
    "0.6": [
        0.9803921568627451
    ],
    "0.5": [
        0.9861751152073732
    ],
    "0.4": [
        0.9940828402366864
    ],
    "0.3": [
        0.9923076923076923
    ],
    "0.2": [
        0.9878048780487805
    ],
    "0.1": [
        1.0
    ]
}