{
    "inf": [
        0.8050761421319796
    ],
    "2": [
        0.8020304568527918
    ],
    "1.6": [
        0.9131403118040089
    ],
    "1.5": [
        0.9444444444444444
    ],
    "1.4": [
        0.949748743718593
    ],
    "1.3": [
        0.9763779527559056
    ],
    "1.2": [
        0.978494623655914
    ],
    "1.1": [
        0.9661016949152542
    ],
    "0.9": [
        0.8823529411764706
    ],
    "0.8": [
        1.0
    ],
    "0.7": [
        1.0
    ],
    "0.6": [
        1.0
    ],
    "0.5": [
        1.0
    ],
    "0.4": [
        1.0
    ],
    "0.3": [
        1.0
    ],
    "0.2": [
        null
    ],
    "0.1": [
        null
    ]
}