{
    "inf": [
        0.7796954314720812
    ],
    "2": [
        0.7796954314720812
    ],
    "1.6": [
        0.8169364881693649
    ],
    "1.5": [
        0.8512898330804249
    ],
    "1.4": [
        0.8788426763110307
    ],
    "1.3": [
        0.8986784140969163
    ],
    "1.2": [
        0.9095607235142119
    ],
    "1.1": [
        0.9151515151515152
    ],
    "0.9": [
        0.9318181818181818
    ],
    "0.8": [
        0.9371428571428572
    ],
    "0.7": [
        0.9496402877697842
    ],
    "0.6": [
        0.9587628865979382
    ],
    "0.5": [
        0.9859154929577465
    ],
    "0.4": [
        0.9777777777777777
    ],
    "0.3": [
        0.9565217391304348
    ],
    "0.2": [
        1.0
    ],
    "0.1": [
        1.0
    ]
}