{
    "inf": [
        0.7705583756345178
    ],
    "2": [
        0.7705583756345178
    ],
    "1.6": [
        0.8057471264367816
    ],
    "1.5": [
        0.8286852589641435
    ],
    "1.4": [
        0.8489096573208723
    ],
    "1.3": [
        0.8696461824953445
    ],
    "1.2": [
        0.8863157894736842
    ],
    "1.1": [
        0.9046454767726161
    ],
    "0.9": [
        0.9453924914675768
    ],
    "0.8": [
        0.9704641350210971
    ],
    "0.7": [
        0.979381443298969
    ],
    "0.6": [
        0.9807692307692307
    ],
    "0.5": [
        0.9912280701754386
    ],
    "0.4": [
        1.0
    ],
    "0.3": [
        1.0
    ],
    "0.2": [
        1.0
    ],
    "0.1": [
        1.0
    ]
}