{
    "inf": [
        0.7695431472081218
    ],
    "2": [
        0.7928934010152284
    ],
    "1.6": [
        0.9648562300319489
    ],
    "1.5": [
        0.9707317073170731
    ],
    "1.4": [
        0.9797979797979798
    ],
    "1.3": [
        0.9852941176470589
    ],
    "1.2": [
        0.9761904761904762
    ],
    "1.1": [
        1.0
    ],
    "0.9": [
        1.0
    ],
    "0.8": [
        1.0
    ],
    "0.7": [
        null
    ],
    "0.6": [
        1.0
    ],
    "0.5": [
        null
    ],
    "0.4": [
        null
    ],
    "0.3": [
        null
    ],
    "0.2": [
        null
    ],
    "0.1": [
        null
    ]
}