{
    "inf": [
        0.7725888324873097
    ],
    "2": [
        0.7725888324873097
    ],
    "1.6": [
        0.9060913705583756
    ],
    "1.5": [
        0.9389312977099237
    ],
    "1.4": [
        0.9523809523809523
    ],
    "1.3": [
        0.9732142857142857
    ],
    "1.2": [
        0.9857142857142858
    ],
    "1.1": [
        0.9807692307692307
    ],
    "0.9": [
        1.0
    ],
    "0.8": [
        1.0
    ],
    "0.7": [
        1.0
    ],
    "0.6": [
        1.0
    ],
    "0.5": [
        1.0
    ],
    "0.4": [
        1.0
    ],
    "0.3": [
        1.0
    ],
    "0.2": [
        null
    ],
    "0.1": [
        null
    ]
}