{
    "inf": [
        0.7644670050761422
    ],
    "2": [
        0.7654822335025381
    ],
    "1.6": [
        0.7992957746478874
    ],
    "1.5": [
        0.8306233062330624
    ],
    "1.4": [
        0.8483870967741935
    ],
    "1.3": [
        0.8752293577981651
    ],
    "1.2": [
        0.8925438596491229
    ],
    "1.1": [
        0.9093333333333333
    ],
    "0.9": [
        0.9540229885057471
    ],
    "0.8": [
        0.9672897196261683
    ],
    "0.7": [
        0.9655172413793104
    ],
    "0.6": [
        0.9770992366412213
    ],
    "0.5": [
        1.0
    ],
    "0.4": [
        1.0
    ],
    "0.3": [
        1.0
    ],
    "0.2": [
        1.0
    ],
    "0.1": [
        1.0
    ]
}