{
    "inf": [
        0.8101522842639594
    ],
    "2": [
        0.8040609137055837
    ],
    "1.6": [
        0.8566308243727598
    ],
    "1.5": [
        0.866580310880829
    ],
    "1.4": [
        0.8799435028248588
    ],
    "1.3": [
        0.8950617283950617
    ],
    "1.2": [
        0.9074074074074074
    ],
    "1.1": [
        0.9217557251908397
    ],
    "0.9": [
        0.9576059850374065
    ],
    "0.8": [
        0.9498607242339833
    ],
    "0.7": [
        0.9730639730639731
    ],
    "0.6": [
        0.98046875
    ],
    "0.5": [
        0.9800995024875622
    ],
    "0.4": [
        1.0
    ],
    "0.3": [
        1.0
    ],
    "0.2": [
        1.0
    ],
    "0.1": [
        1.0
    ]
}