{
    "inf": [
        0.7868020304568528
    ],
    "2": [
        0.7908629441624365
    ],
    "1.6": [
        0.8396111786148238
    ],
    "1.5": [
        0.852437417654809
    ],
    "1.4": [
        0.8708272859216255
    ],
    "1.3": [
        0.8814102564102564
    ],
    "1.2": [
        0.887719298245614
    ],
    "1.1": [
        0.9094412331406551
    ],
    "0.9": [
        0.9256594724220624
    ],
    "0.8": [
        0.9435483870967742
    ],
    "0.7": [
        0.9569230769230769
    ],
    "0.6": [
        0.966789667896679
    ],
    "0.5": [
        0.9741379310344828
    ],
    "0.4": [
        0.9829545454545454
    ],
    "0.3": [
        0.9847328244274809
    ],
    "0.2": [
        1.0
    ],
    "0.1": [
        1.0
    ]
}