{
    "inf": [
        0.8182741116751269
    ],
    "2": [
        0.8131979695431472
    ],
    "1.6": [
        0.8716577540106952
    ],
    "1.5": [
        0.8846737481031867
    ],
    "1.4": [
        0.9074074074074074
    ],
    "1.3": [
        0.914179104477612
    ],
    "1.2": [
        0.9300411522633745
    ],
    "1.1": [
        0.9435294117647058
    ],
    "0.9": [
        0.9698795180722891
    ],
    "0.8": [
        0.9791666666666666
    ],
    "0.7": [
        0.9801587301587301
    ],
    "0.6": [
        0.9812206572769953
    ],
    "0.5": [
        0.9876543209876543
    ],
    "0.4": [
        1.0
    ],
    "0.3": [
        1.0
    ],
    "0.2": [
        1.0
    ],
    "0.1": [
        1.0
    ]
}