{
    "inf": [
        0.7147208121827411
    ],
    "2": [
        0.7269035532994924
    ],
    "1.6": [
        0.8984126984126984
    ],
    "1.5": [
        0.9230769230769231
    ],
    "1.4": [
        0.9259259259259259
    ],
    "1.3": [
        0.9215686274509803
    ],
    "1.2": [
        0.9333333333333333
    ],
    "1.1": [
        0.8823529411764706
    ],
    "0.9": [
        1.0
    ],
    "0.8": [
        1.0
    ],
    "0.7": [
        1.0
    ],
    "0.6": [
        1.0
    ],
    "0.5": [
        1.0
    ],
    "0.4": [
        1.0
    ],
    "0.3": [
        null
    ],
    "0.2": [
        null
    ],
    "0.1": [
        null
    ]
}