{
    "inf": [
        0.749238578680203
    ],
    "2": [
        0.7482233502538072
    ],
    "1.6": [
        0.7929782082324455
    ],
    "1.5": [
        0.8333333333333334
    ],
    "1.4": [
        0.8697068403908795
    ],
    "1.3": [
        0.8974854932301741
    ],
    "1.2": [
        0.9160997732426304
    ],
    "1.1": [
        0.9322916666666666
    ],
    "0.9": [
        0.9548611111111112
    ],
    "0.8": [
        0.9659574468085106
    ],
    "0.7": [
        0.9739583333333334
    ],
    "0.6": [
        0.9727891156462585
    ],
    "0.5": [
        0.9745762711864406
    ],
    "0.4": [
        0.9759036144578314
    ],
    "0.3": [
        0.9666666666666667
    ],
    "0.2": [
        1.0
    ],
    "0.1": [
        1.0
    ]
}