{
    "inf": [
        0.7918781725888325
    ],
    "2": [
        0.7898477157360406
    ],
    "1.6": [
        0.8258221680876979
    ],
    "1.5": [
        0.848
    ],
    "1.4": [
        0.8755490483162518
    ],
    "1.3": [
        0.8836065573770492
    ],
    "1.2": [
        0.8913043478260869
    ],
    "1.1": [
        0.9066937119675457
    ],
    "0.9": [
        0.9205955334987593
    ],
    "0.8": [
        0.9297297297297298
    ],
    "0.7": [
        0.9386503067484663
    ],
    "0.6": [
        0.9490909090909091
    ],
    "0.5": [
        0.9642857142857143
    ],
    "0.4": [
        0.9720670391061452
    ],
    "0.3": [
        0.9855072463768116
    ],
    "0.2": [
        0.9887640449438202
    ],
    "0.1": [
        1.0
    ]
}