{
    "inf": [
        0.7786802030456853
    ],
    "2": [
        0.7786802030456853
    ],
    "1.6": [
        0.9437086092715232
    ],
    "1.5": [
        0.9748427672955975
    ],
    "1.4": [
        0.975609756097561
    ],
    "1.3": [
        1.0
    ],
    "1.2": [
        1.0
    ],
    "1.1": [
        1.0
    ],
    "0.9": [
        null
    ],
    "0.8": [
        null
    ],
    "0.7": [
        null
    ],
    "0.6": [
        null
    ],
    "0.5": [
        null
    ],
    "0.4": [
        null
    ],
    "0.3": [
        null
    ],
    "0.2": [
        null
    ],
    "0.1": [
        null
    ]
}