{
    "inf": [
        0.8020304568527918
    ],
    "2": [
        0.8010152284263959
    ],
    "1.6": [
        0.8217299578059072
    ],
    "1.5": [
        0.8383500557413601
    ],
    "1.4": [
        0.851063829787234
    ],
    "1.3": [
        0.879948914431673
    ],
    "1.2": [
        0.8905608755129959
    ],
    "1.1": [
        0.9030837004405287
    ],
    "0.9": [
        0.9299474605954466
    ],
    "0.8": [
        0.9400386847195358
    ],
    "0.7": [
        0.9466950959488273
    ],
    "0.6": [
        0.96
    ],
    "0.5": [
        0.967654986522911
    ],
    "0.4": [
        0.9688473520249221
    ],
    "0.3": [
        0.9760956175298805
    ],
    "0.2": [
        0.988950276243094
    ],
    "0.1": [
        0.9900990099009901
    ]
}