{
    "inf": [
        0.7634517766497462
    ],
    "2": [
        0.7766497461928934
    ],
    "1.6": [
        0.8375634517766497
    ],
    "1.5": [
        0.870604781997187
    ],
    "1.4": [
        0.8746223564954683
    ],
    "1.3": [
        0.8939130434782608
    ],
    "1.2": [
        0.9188118811881189
    ],
    "1.1": [
        0.9384615384615385
    ],
    "0.9": [
        0.96875
    ],
    "0.8": [
        0.9749216300940439
    ],
    "0.7": [
        0.9844961240310077
    ],
    "0.6": [
        0.990990990990991
    ],
    "0.5": [
        0.9940119760479041
    ],
    "0.4": [
        1.0
    ],
    "0.3": [
        1.0
    ],
    "0.2": [
        1.0
    ],
    "0.1": [
        1.0
    ]
}