{
    "inf": [
        0.7441624365482233
    ],
    "2": [
        0.7482233502538072
    ],
    "1.6": [
        0.9239543726235742
    ],
    "1.5": [
        0.9536423841059603
    ],
    "1.4": [
        0.953125
    ],
    "1.3": [
        0.9473684210526315
    ],
    "1.2": [
        1.0
    ],
    "1.1": [
        0.9090909090909091
    ],
    "0.9": [
        1.0
    ],
    "0.8": [
        null
    ],
    "0.7": [
        null
    ],
    "0.6": [
        null
    ],
    "0.5": [
        null
    ],
    "0.4": [
        null
    ],
    "0.3": [
        null
    ],
    "0.2": [
        null
    ],
    "0.1": [
        null
    ]
}