{
    "inf": [
        0.7736040609137056
    ],
    "2": [
        0.7736040609137056
    ],
    "1.6": [
        0.8448844884488449
    ],
    "1.5": [
        0.8959810874704491
    ],
    "1.4": [
        0.8918918918918919
    ],
    "1.3": [
        0.9182692307692307
    ],
    "1.2": [
        0.9225806451612903
    ],
    "1.1": [
        0.9159663865546218
    ],
    "0.9": [
        0.9622641509433962
    ],
    "0.8": [
        0.96875
    ],
    "0.7": [
        1.0
    ],
    "0.6": [
        1.0
    ],
    "0.5": [
        1.0
    ],
    "0.4": [
        1.0
    ],
    "0.3": [
        1.0
    ],
    "0.2": [
        1.0
    ],
    "0.1": [
        null
    ]
}