{
    "inf": [
        0.7725888324873097
    ],
    "2": [
        0.7725888324873097
    ],
    "1.6": [
        0.7997787610619469
    ],
    "1.5": [
        0.8170878459687124
    ],
    "1.4": [
        0.8389715832205683
    ],
    "1.3": [
        0.8597285067873304
    ],
    "1.2": [
        0.8888888888888888
    ],
    "1.1": [
        0.9153846153846154
    ],
    "0.9": [
        0.9391727493917275
    ],
    "0.8": [
        0.943502824858757
    ],
    "0.7": [
        0.9575163398692811
    ],
    "0.6": [
        0.9666666666666667
    ],
    "0.5": [
        0.9644444444444444
    ],
    "0.4": [
        0.9651162790697675
    ],
    "0.3": [
        0.9758064516129032
    ],
    "0.2": [
        0.9883720930232558
    ],
    "0.1": [
        1.0
    ]
}