{
    "inf": [
        0.7746192893401015
    ],
    "2": [
        0.7746192893401015
    ],
    "1.6": [
        0.7746192893401015
    ],
    "1.5": [
        0.7765306122448979
    ],
    "1.4": [
        0.7826982492276005
    ],
    "1.3": [
        0.7880377754459601
    ],
    "1.2": [
        0.7980769230769231
    ],
    "1.1": [
        0.8088397790055248
    ],
    "0.9": [
        0.8264462809917356
    ],
    "0.8": [
        0.8351515151515152
    ],
    "0.7": [
        0.855146124523507
    ],
    "0.6": [
        0.8729281767955801
    ],
    "0.5": [
        0.8834080717488789
    ],
    "0.4": [
        0.9083469721767594
    ],
    "0.3": [
        0.915129151291513
    ],
    "0.2": [
        0.9327731092436975
    ],
    "0.1": [
        0.9502762430939227
    ]
}