{
    "inf": [
        0.7401015228426396
    ],
    "2": [
        0.7431472081218274
    ],
    "1.6": [
        0.7685290763968073
    ],
    "1.5": [
        0.7875
    ],
    "1.4": [
        0.8237762237762237
    ],
    "1.3": [
        0.8356374807987711
    ],
    "1.2": [
        0.8540268456375839
    ],
    "1.1": [
        0.87109375
    ],
    "0.9": [
        0.9074550128534704
    ],
    "0.8": [
        0.9198813056379822
    ],
    "0.7": [
        0.9323308270676691
    ],
    "0.6": [
        0.9428571428571428
    ],
    "0.5": [
        0.963855421686747
    ],
    "0.4": [
        0.9652173913043478
    ],
    "0.3": [
        0.9852941176470589
    ],
    "0.2": [
        1.0
    ],
    "0.1": [
        1.0
    ]
}