{
    "inf": [
        0.7472081218274111
    ],
    "2": [
        0.7197969543147208
    ],
    "1.6": [
        0.9050632911392406
    ],
    "1.5": [
        0.9132947976878613
    ],
    "1.4": [
        0.9166666666666666
    ],
    "1.3": [
        0.9393939393939394
    ],
    "1.2": [
        0.9454545454545454
    ],
    "1.1": [
        0.9655172413793104
    ],
    "0.9": [
        1.0
    ],
    "0.8": [
        1.0
    ],
    "0.7": [
        1.0
    ],
    "0.6": [
        1.0
    ],
    "0.5": [
        null
    ],
    "0.4": [
        null
    ],
    "0.3": [
        null
    ],
    "0.2": [
        null
    ],
    "0.1": [
        null
    ]
}