{
    "inf": [
        0.7959390862944162
    ],
    "2": [
        0.8010152284263959
    ],
    "1.6": [
        0.8708333333333333
    ],
    "1.5": [
        0.8883647798742138
    ],
    "1.4": [
        0.9068100358422939
    ],
    "1.3": [
        0.9337474120082816
    ],
    "1.2": [
        0.9403341288782816
    ],
    "1.1": [
        0.935933147632312
    ],
    "0.9": [
        0.9700854700854701
    ],
    "0.8": [
        0.9740932642487047
    ],
    "0.7": [
        0.967948717948718
    ],
    "0.6": [
        0.975
    ],
    "0.5": [
        1.0
    ],
    "0.4": [
        1.0
    ],
    "0.3": [
        1.0
    ],
    "0.2": [
        1.0
    ],
    "0.1": [
        1.0
    ]
}