{
    "inf": [
        0.7796954314720812
    ],
    "2": [
        0.7796954314720812
    ],
    "1.6": [
        0.8898071625344353
    ],
    "1.5": [
        0.9129692832764505
    ],
    "1.4": [
        0.9368421052631579
    ],
    "1.3": [
        0.9447368421052632
    ],
    "1.2": [
        0.9594594594594594
    ],
    "1.1": [
        0.9627906976744186
    ],
    "0.9": [
        0.984375
    ],
    "0.8": [
        0.98
    ],
    "0.7": [
        0.9833333333333333
    ],
    "0.6": [
        0.972972972972973
    ],
    "0.5": [
        1.0
    ],
    "0.4": [
        1.0
    ],
    "0.3": [
        1.0
    ],
    "0.2": [
        1.0
    ],
    "0.1": [
        1.0
    ]
}