{
    "inf": [
        0.750253807106599
    ],
    "2": [
        0.750253807106599
    ],
    "1.6": [
        0.9866666666666667
    ],
    "1.5": [
        0.972972972972973
    ],
    "1.4": [
        1.0
    ],
    "1.3": [
        1.0
    ],
    "1.2": [
        1.0
    ],
    "1.1": [
        null
    ],
    "0.9": [
        null
    ],
    "0.8": [
        null
    ],
    "0.7": [
        null
    ],
    "0.6": [
        null
    ],
    "0.5": [
        null
    ],
    "0.4": [
        null
    ],
    "0.3": [
        null
    ],
    "0.2": [
        null
    ],
    "0.1": [
        null
    ]
}