{
    "inf": [
        0.8091370558375635
    ],
    "2": [
        0.8152284263959391
    ],
    "1.6": [
        0.8507638072855465
    ],
    "1.5": [
        0.8706786171574904
    ],
    "1.4": [
        0.8899858956276445
    ],
    "1.3": [
        0.9033742331288344
    ],
    "1.2": [
        0.9170896785109983
    ],
    "1.1": [
        0.9194756554307116
    ],
    "0.9": [
        0.9396751740139211
    ],
    "0.8": [
        0.9458762886597938
    ],
    "0.7": [
        0.9557522123893806
    ],
    "0.6": [
        0.9717314487632509
    ],
    "0.5": [
        0.9873417721518988
    ],
    "0.4": [
        0.9888888888888889
    ],
    "0.3": [
        0.9847328244274809
    ],
    "0.2": [
        0.9887640449438202
    ],
    "0.1": [
        1.0
    ]
}