{
    "inf": [
        0.8101522842639594
    ],
    "2": [
        0.8050761421319796
    ],
    "1.6": [
        0.8634085213032582
    ],
    "1.5": [
        0.8848821081830791
    ],
    "1.4": [
        0.916403785488959
    ],
    "1.3": [
        0.9319371727748691
    ],
    "1.2": [
        0.947265625
    ],
    "1.1": [
        0.960352422907489
    ],
    "0.9": [
        0.9802816901408451
    ],
    "0.8": [
        0.9841269841269841
    ],
    "0.7": [
        0.9818840579710145
    ],
    "0.6": [
        0.9774774774774775
    ],
    "0.5": [
        0.9823529411764705
    ],
    "0.4": [
        0.9923664122137404
    ],
    "0.3": [
        0.989010989010989
    ],
    "0.2": [
        1.0
    ],
    "0.1": [
        1.0
    ]
}