{
    "inf": [
        0.7807106598984772
    ],
    "2": [
        0.7796954314720812
    ],
    "1.6": [
        0.8770270270270271
    ],
    "1.5": [
        0.9178743961352657
    ],
    "1.4": [
        0.9497098646034816
    ],
    "1.3": [
        0.9521531100478469
    ],
    "1.2": [
        0.9536231884057971
    ],
    "1.1": [
        0.955719557195572
    ],
    "0.9": [
        0.9625
    ],
    "0.8": [
        0.9661016949152542
    ],
    "0.7": [
        0.9761904761904762
    ],
    "0.6": [
        0.9622641509433962
    ],
    "0.5": [
        0.972972972972973
    ],
    "0.4": [
        0.96
    ],
    "0.3": [
        0.9230769230769231
    ],
    "0.2": [
        0.8571428571428571
    ],
    "0.1": [
        1.0
    ]
}