{
    "inf": [
        0.7736040609137056
    ],
    "2": [
        0.7736040609137056
    ],
    "1.6": [
        0.8896210873146623
    ],
    "1.5": [
        0.9235807860262009
    ],
    "1.4": [
        0.9323529411764706
    ],
    "1.3": [
        0.94921875
    ],
    "1.2": [
        0.9547738693467337
    ],
    "1.1": [
        0.9629629629629629
    ],
    "0.9": [
        0.9647058823529412
    ],
    "0.8": [
        0.9692307692307692
    ],
    "0.7": [
        0.9777777777777777
    ],
    "0.6": [
        1.0
    ],
    "0.5": [
        1.0
    ],
    "0.4": [
        1.0
    ],
    "0.3": [
        1.0
    ],
    "0.2": [
        1.0
    ],
    "0.1": [
        1.0
    ]
}