{
    "inf": [
        0.782741116751269
    ],
    "2": [
        0.782741116751269
    ],
    "1.6": [
        0.8471849865951743
    ],
    "1.5": [
        0.871499176276771
    ],
    "1.4": [
        0.904
    ],
    "1.3": [
        0.9160493827160494
    ],
    "1.2": [
        0.9363057324840764
    ],
    "1.1": [
        0.9609375
    ],
    "0.9": [
        0.9753086419753086
    ],
    "0.8": [
        0.9661016949152542
    ],
    "0.7": [
        0.9587628865979382
    ],
    "0.6": [
        0.958904109589041
    ],
    "0.5": [
        0.9777777777777777
    ],
    "0.4": [
        0.9629629629629629
    ],
    "0.3": [
        1.0
    ],
    "0.2": [
        1.0
    ],
    "0.1": [
        1.0
    ]
}