{
    "inf": [
        0.7969543147208121
    ],
    "2": [
        0.8010152284263959
    ],
    "1.6": [
        0.8651399491094147
    ],
    "1.5": [
        0.8884297520661157
    ],
    "1.4": [
        0.8941877794336811
    ],
    "1.3": [
        0.904
    ],
    "1.2": [
        0.9196428571428571
    ],
    "1.1": [
        0.9301397205588823
    ],
    "0.9": [
        0.949874686716792
    ],
    "0.8": [
        0.9565217391304348
    ],
    "0.7": [
        0.9623824451410659
    ],
    "0.6": [
        0.9710144927536232
    ],
    "0.5": [
        0.973568281938326
    ],
    "0.4": [
        0.984375
    ],
    "0.3": [
        0.9863013698630136
    ],
    "0.2": [
        0.989247311827957
    ],
    "0.1": [
        1.0
    ]
}