{
    "inf": [
        0.7340101522842639
    ],
    "2": [
        0.7340101522842639
    ],
    "1.6": [
        0.7751196172248804
    ],
    "1.5": [
        0.8005464480874317
    ],
    "1.4": [
        0.8238095238095238
    ],
    "1.3": [
        0.8547486033519553
    ],
    "1.2": [
        0.8816964285714286
    ],
    "1.1": [
        0.8918205804749341
    ],
    "0.9": [
        0.918918918918919
    ],
    "0.8": [
        0.9198113207547169
    ],
    "0.7": [
        0.9263803680981595
    ],
    "0.6": [
        0.9230769230769231
    ],
    "0.5": [
        0.9333333333333333
    ],
    "0.4": [
        0.9148936170212766
    ],
    "0.3": [
        0.9642857142857143
    ],
    "0.2": [
        0.9090909090909091
    ],
    "0.1": [
        1.0
    ]
}