{
    "inf": [
        0.7796954314720812
    ],
    "2": [
        0.7796954314720812
    ],
    "1.6": [
        0.844
    ],
    "1.5": [
        0.8813008130081301
    ],
    "1.4": [
        0.909853249475891
    ],
    "1.3": [
        0.9298701298701298
    ],
    "1.2": [
        0.9381107491856677
    ],
    "1.1": [
        0.9428571428571428
    ],
    "0.9": [
        0.9455782312925171
    ],
    "0.8": [
        0.9827586206896551
    ],
    "0.7": [
        0.9777777777777777
    ],
    "0.6": [
        1.0
    ],
    "0.5": [
        1.0
    ],
    "0.4": [
        1.0
    ],
    "0.3": [
        1.0
    ],
    "0.2": [
        1.0
    ],
    "0.1": [
        1.0
    ]
}