{
    "inf": [
        0.782741116751269
    ],
    "2": [
        0.782741116751269
    ],
    "1.6": [
        0.8804841149773072
    ],
    "1.5": [
        0.917004048582996
    ],
    "1.4": [
        0.9384615384615385
    ],
    "1.3": [
        0.9453924914675768
    ],
    "1.2": [
        0.9570815450643777
    ],
    "1.1": [
        0.9832402234636871
    ],
    "0.9": [
        0.9901960784313726
    ],
    "0.8": [
        1.0
    ],
    "0.7": [
        1.0
    ],
    "0.6": [
        1.0
    ],
    "0.5": [
        1.0
    ],
    "0.4": [
        1.0
    ],
    "0.3": [
        1.0
    ],
    "0.2": [
        1.0
    ],
    "0.1": [
        null
    ]
}