{
    "inf": [
        0.7624365482233503
    ],
    "2": [
        0.7624365482233503
    ],
    "1.6": [
        0.8959390862944162
    ],
    "1.5": [
        0.9224489795918367
    ],
    "1.4": [
        0.9554140127388535
    ],
    "1.3": [
        0.9611650485436893
    ],
    "1.2": [
        0.9545454545454546
    ],
    "1.1": [
        0.9743589743589743
    ],
    "0.9": [
        1.0
    ],
    "0.8": [
        1.0
    ],
    "0.7": [
        1.0
    ],
    "0.6": [
        1.0
    ],
    "0.5": [
        1.0
    ],
    "0.4": [
        1.0
    ],
    "0.3": [
        null
    ],
    "0.2": [
        null
    ],
    "0.1": [
        null
    ]
}