{
    "inf": [
        0.8111675126903554
    ],
    "2": [
        0.8050761421319796
    ],
    "1.6": [
        0.8621951219512195
    ],
    "1.5": [
        0.8801597869507324
    ],
    "1.4": [
        0.8903318903318903
    ],
    "1.3": [
        0.9110032362459547
    ],
    "1.2": [
        0.9153713298791019
    ],
    "1.1": [
        0.9230769230769231
    ],
    "0.9": [
        0.9484777517564403
    ],
    "0.8": [
        0.952755905511811
    ],
    "0.7": [
        0.9673590504451038
    ],
    "0.6": [
        0.9828767123287672
    ],
    "0.5": [
        0.9838056680161943
    ],
    "0.4": [
        0.9795918367346939
    ],
    "0.3": [
        0.9802631578947368
    ],
    "0.2": [
        0.9907407407407407
    ],
    "0.1": [
        1.0
    ]
}