{
    "inf": [
        0.7563451776649747
    ],
    "2": [
        0.7563451776649747
    ],
    "1.6": [
        0.8
    ],
    "1.5": [
        0.843441466854725
    ],
    "1.4": [
        0.8686371100164204
    ],
    "1.3": [
        0.8826923076923077
    ],
    "1.2": [
        0.9159090909090909
    ],
    "1.1": [
        0.9226666666666666
    ],
    "0.9": [
        0.9343065693430657
    ],
    "0.8": [
        0.948051948051948
    ],
    "0.7": [
        0.9662921348314607
    ],
    "0.6": [
        0.9790209790209791
    ],
    "0.5": [
        0.9801980198019802
    ],
    "0.4": [
        0.972972972972973
    ],
    "0.3": [
        0.9487179487179487
    ],
    "0.2": [
        1.0
    ],
    "0.1": [
        1.0
    ]
}