{
    "inf": [
        0.7604060913705584
    ],
    "2": [
        0.7604060913705584
    ],
    "1.6": [
        0.8189873417721519
    ],
    "1.5": [
        0.8573619631901841
    ],
    "1.4": [
        0.8823529411764706
    ],
    "1.3": [
        0.8917647058823529
    ],
    "1.2": [
        0.9037900874635568
    ],
    "1.1": [
        0.9361702127659575
    ],
    "0.9": [
        0.943502824858757
    ],
    "0.8": [
        0.9411764705882353
    ],
    "0.7": [
        0.9423076923076923
    ],
    "0.6": [
        0.9594594594594594
    ],
    "0.5": [
        0.9583333333333334
    ],
    "0.4": [
        0.96
    ],
    "0.3": [
        0.9333333333333333
    ],
    "0.2": [
        0.8888888888888888
    ],
    "0.1": [
        1.0
    ]
}