{
    "inf": [
        0.7776649746192893
    ],
    "2": [
        0.7776649746192893
    ],
    "1.6": [
        0.7962138084632516
    ],
    "1.5": [
        0.8282828282828283
    ],
    "1.4": [
        0.8673323823109843
    ],
    "1.3": [
        0.8848
    ],
    "1.2": [
        0.9007220216606499
    ],
    "1.1": [
        0.9046653144016227
    ],
    "0.9": [
        0.9253333333333333
    ],
    "0.8": [
        0.9367469879518072
    ],
    "0.7": [
        0.9401408450704225
    ],
    "0.6": [
        0.9487179487179487
    ],
    "0.5": [
        0.9502762430939227
    ],
    "0.4": [
        0.9568345323741008
    ],
    "0.3": [
        0.9901960784313726
    ],
    "0.2": [
        1.0
    ],
    "0.1": [
        1.0
    ]
}