{
    "inf": [
        0.7817258883248731
    ],
    "2": [
        0.7857868020304568
    ],
    "1.6": [
        0.9478260869565217
    ],
    "1.5": [
        0.9562841530054644
    ],
    "1.4": [
        0.9495798319327731
    ],
    "1.3": [
        1.0
    ],
    "1.2": [
        1.0
    ],
    "1.1": [
        1.0
    ],
    "0.9": [
        1.0
    ],
    "0.8": [
        1.0
    ],
    "0.7": [
        1.0
    ],
    "0.6": [
        1.0
    ],
    "0.5": [
        null
    ],
    "0.4": [
        null
    ],
    "0.3": [
        null
    ],
    "0.2": [
        null
    ],
    "0.1": [
        null
    ]
}