{
    "inf": [
        0.7522842639593909
    ],
    "2": [
        0.7522842639593909
    ],
    "1.6": [
        0.8069738480697385
    ],
    "1.5": [
        0.8408104196816208
    ],
    "1.4": [
        0.8623548922056384
    ],
    "1.3": [
        0.8858800773694391
    ],
    "1.2": [
        0.8993135011441648
    ],
    "1.1": [
        0.9033149171270718
    ],
    "0.9": [
        0.9494163424124513
    ],
    "0.8": [
        0.9523809523809523
    ],
    "0.7": [
        0.9606741573033708
    ],
    "0.6": [
        0.9637681159420289
    ],
    "0.5": [
        0.9797979797979798
    ],
    "0.4": [
        1.0
    ],
    "0.3": [
        1.0
    ],
    "0.2": [
        1.0
    ],
    "0.1": [
        1.0
    ]
}