{
    "inf": [
        0.8253807106598985
    ],
    "2": [
        0.8263959390862944
    ],
    "1.6": [
        0.8731884057971014
    ],
    "1.5": [
        0.8935309973045822
    ],
    "1.4": [
        0.901018922852984
    ],
    "1.3": [
        0.9146537842190016
    ],
    "1.2": [
        0.9197207678883071
    ],
    "1.1": [
        0.9354207436399217
    ],
    "0.9": [
        0.937799043062201
    ],
    "0.8": [
        0.9376693766937669
    ],
    "0.7": [
        0.9442724458204335
    ],
    "0.6": [
        0.9601449275362319
    ],
    "0.5": [
        0.9742489270386266
    ],
    "0.4": [
        0.9846938775510204
    ],
    "0.3": [
        0.9867549668874173
    ],
    "0.2": [
        0.9814814814814815
    ],
    "0.1": [
        0.9803921568627451
    ]
}