{
    "inf": [
        0.7908629441624365
    ],
    "2": [
        0.798984771573604
    ],
    "1.6": [
        0.8541919805589308
    ],
    "1.5": [
        0.8783783783783784
    ],
    "1.4": [
        0.8905325443786982
    ],
    "1.3": [
        0.9043760129659644
    ],
    "1.2": [
        0.9144385026737968
    ],
    "1.1": [
        0.9229249011857708
    ],
    "0.9": [
        0.9433497536945813
    ],
    "0.8": [
        0.9521276595744681
    ],
    "0.7": [
        0.9535603715170279
    ],
    "0.6": [
        0.9598540145985401
    ],
    "0.5": [
        0.9572649572649573
    ],
    "0.4": [
        0.953757225433526
    ],
    "0.3": [
        0.9495798319327731
    ],
    "0.2": [
        0.9736842105263158
    ],
    "0.1": [
        1.0
    ]
}