{
    "inf": [
        0.8111675126903554
    ],
    "2": [
        0.8121827411167513
    ],
    "1.6": [
        0.8690176322418136
    ],
    "1.5": [
        0.8804347826086957
    ],
    "1.4": [
        0.888558692421991
    ],
    "1.3": [
        0.8988391376451078
    ],
    "1.2": [
        0.9048507462686567
    ],
    "1.1": [
        0.9285714285714286
    ],
    "0.9": [
        0.9501385041551247
    ],
    "0.8": [
        0.9585987261146497
    ],
    "0.7": [
        0.9745454545454545
    ],
    "0.6": [
        0.9864253393665159
    ],
    "0.5": [
        0.9818181818181818
    ],
    "0.4": [
        1.0
    ],
    "0.3": [
        1.0
    ],
    "0.2": [
        1.0
    ],
    "0.1": [
        1.0
    ]
}