{
    "inf": [
        0.6944162436548224
    ],
    "2": [
        0.7390862944162436
    ],
    "1.6": [
        0.9175257731958762
    ],
    "1.5": [
        0.9528301886792453
    ],
    "1.4": [
        1.0
    ],
    "1.3": [
        1.0
    ],
    "1.2": [
        0.9411764705882353
    ],
    "1.1": [
        1.0
    ],
    "0.9": [
        1.0
    ],
    "0.8": [
        1.0
    ],
    "0.7": [
        null
    ],
    "0.6": [
        null
    ],
    "0.5": [
        null
    ],
    "0.4": [
        null
    ],
    "0.3": [
        null
    ],
    "0.2": [
        null
    ],
    "0.1": [
        null
    ]
}