{
    "inf": [
        0.7604060913705584
    ],
    "2": [
        0.7604060913705584
    ],
    "1.6": [
        0.8051044083526682
    ],
    "1.5": [
        0.8396349413298566
    ],
    "1.4": [
        0.865979381443299
    ],
    "1.3": [
        0.8913412563667232
    ],
    "1.2": [
        0.9105058365758755
    ],
    "1.1": [
        0.9130434782608695
    ],
    "0.9": [
        0.9337349397590361
    ],
    "0.8": [
        0.9363957597173145
    ],
    "0.7": [
        0.9333333333333333
    ],
    "0.6": [
        0.9375
    ],
    "0.5": [
        0.9507042253521126
    ],
    "0.4": [
        0.941747572815534
    ],
    "0.3": [
        0.9344262295081968
    ],
    "0.2": [
        0.9285714285714286
    ],
    "0.1": [
        1.0
    ]
}