{
    "inf": [
        0.7624365482233503
    ],
    "2": [
        0.7695431472081218
    ],
    "1.6": [
        0.9429429429429429
    ],
    "1.5": [
        0.9622641509433962
    ],
    "1.4": [
        0.9752066115702479
    ],
    "1.3": [
        0.9827586206896551
    ],
    "1.2": [
        1.0
    ],
    "1.1": [
        0.9583333333333334
    ],
    "0.9": [
        1.0
    ],
    "0.8": [
        1.0
    ],
    "0.7": [
        1.0
    ],
    "0.6": [
        null
    ],
    "0.5": [
        null
    ],
    "0.4": [
        null
    ],
    "0.3": [
        null
    ],
    "0.2": [
        null
    ],
    "0.1": [
        null
    ]
}