{
    "inf": [
        0.7949238578680203
    ],
    "2": [
        0.7918781725888325
    ],
    "1.6": [
        0.8693333333333333
    ],
    "1.5": [
        0.9022900763358779
    ],
    "1.4": [
        0.9166666666666666
    ],
    "1.3": [
        0.9307692307692308
    ],
    "1.2": [
        0.9426048565121413
    ],
    "1.1": [
        0.941747572815534
    ],
    "0.9": [
        0.9660493827160493
    ],
    "0.8": [
        0.9717314487632509
    ],
    "0.7": [
        0.978448275862069
    ],
    "0.6": [
        0.9757281553398058
    ],
    "0.5": [
        0.9767441860465116
    ],
    "0.4": [
        0.9855072463768116
    ],
    "0.3": [
        0.98989898989899
    ],
    "0.2": [
        0.9827586206896551
    ],
    "0.1": [
        0.9642857142857143
    ]
}