{
    "inf": [
        0.7553299492385787
    ],
    "2": [
        0.751269035532995
    ],
    "1.6": [
        0.9375
    ],
    "1.5": [
        0.9572192513368984
    ],
    "1.4": [
        0.9847328244274809
    ],
    "1.3": [
        0.9871794871794872
    ],
    "1.2": [
        0.9818181818181818
    ],
    "1.1": [
        0.9714285714285714
    ],
    "0.9": [
        1.0
    ],
    "0.8": [
        1.0
    ],
    "0.7": [
        1.0
    ],
    "0.6": [
        1.0
    ],
    "0.5": [
        1.0
    ],
    "0.4": [
        null
    ],
    "0.3": [
        null
    ],
    "0.2": [
        null
    ],
    "0.1": [
        null
    ]
}