{
    "inf": [
        0.798984771573604
    ],
    "2": [
        0.7969543147208121
    ],
    "1.6": [
        0.8374083129584352
    ],
    "1.5": [
        0.8461538461538461
    ],
    "1.4": [
        0.8665644171779141
    ],
    "1.3": [
        0.8852173913043478
    ],
    "1.2": [
        0.9154929577464789
    ],
    "1.1": [
        0.9402298850574713
    ],
    "0.9": [
        0.959375
    ],
    "0.8": [
        0.9661654135338346
    ],
    "0.7": [
        0.971830985915493
    ],
    "0.6": [
        0.9775280898876404
    ],
    "0.5": [
        0.9708029197080292
    ],
    "0.4": [
        0.9803921568627451
    ],
    "0.3": [
        0.9857142857142858
    ],
    "0.2": [
        1.0
    ],
    "0.1": [
        1.0
    ]
}