{
    "inf": [
        0.7746192893401015
    ],
    "2": [
        0.7746192893401015
    ],
    "1.6": [
        0.7781217750257998
    ],
    "1.5": [
        0.7920685959271169
    ],
    "1.4": [
        0.8125
    ],
    "1.3": [
        0.8345323741007195
    ],
    "1.2": [
        0.842964824120603
    ],
    "1.1": [
        0.8687415426251691
    ],
    "0.9": [
        0.8990384615384616
    ],
    "0.8": [
        0.9197207678883071
    ],
    "0.7": [
        0.926923076923077
    ],
    "0.6": [
        0.9290322580645162
    ],
    "0.5": [
        0.9371980676328503
    ],
    "0.4": [
        0.9419889502762431
    ],
    "0.3": [
        0.9484536082474226
    ],
    "0.2": [
        0.9552238805970149
    ],
    "0.1": [
        0.9607843137254902
    ]
}