{
    "inf": [
        0.7553299492385787
    ],
    "2": [
        0.7553299492385787
    ],
    "1.6": [
        0.9623287671232876
    ],
    "1.5": [
        0.9748427672955975
    ],
    "1.4": [
        0.9864864864864865
    ],
    "1.3": [
        1.0
    ],
    "1.2": [
        1.0
    ],
    "1.1": [
        1.0
    ],
    "0.9": [
        null
    ],
    "0.8": [
        null
    ],
    "0.7": [
        null
    ],
    "0.6": [
        null
    ],
    "0.5": [
        null
    ],
    "0.4": [
        null
    ],
    "0.3": [
        null
    ],
    "0.2": [
        null
    ],
    "0.1": [
        null
    ]
}