{
    "inf": [
        0.8091370558375635
    ],
    "2": [
        0.817258883248731
    ],
    "1.6": [
        0.8543451652386781
    ],
    "1.5": [
        0.8753424657534247
    ],
    "1.4": [
        0.9041916167664671
    ],
    "1.3": [
        0.9168026101141925
    ],
    "1.2": [
        0.9262589928057554
    ],
    "1.1": [
        0.936127744510978
    ],
    "0.9": [
        0.960880195599022
    ],
    "0.8": [
        0.9690140845070423
    ],
    "0.7": [
        0.9681528662420382
    ],
    "0.6": [
        0.9735849056603774
    ],
    "0.5": [
        0.9771689497716894
    ],
    "0.4": [
        0.9760479041916168
    ],
    "0.3": [
        0.9818181818181818
    ],
    "0.2": [
        0.9846153846153847
    ],
    "0.1": [
        1.0
    ]
}