{
    "inf": [
        0.7634517766497462
    ],
    "2": [
        0.7634517766497462
    ],
    "1.6": [
        0.8820326678765881
    ],
    "1.5": [
        0.9054726368159204
    ],
    "1.4": [
        0.9225352112676056
    ],
    "1.3": [
        0.9345794392523364
    ],
    "1.2": [
        0.9512195121951219
    ],
    "1.1": [
        0.9824561403508771
    ],
    "0.9": [
        0.9848484848484849
    ],
    "0.8": [
        0.9767441860465116
    ],
    "0.7": [
        0.9666666666666667
    ],
    "0.6": [
        1.0
    ],
    "0.5": [
        1.0
    ],
    "0.4": [
        1.0
    ],
    "0.3": [
        1.0
    ],
    "0.2": [
        1.0
    ],
    "0.1": [
        null
    ]
}