{
    "inf": [
        0.8030456852791878
    ],
    "2": [
        0.8030456852791878
    ],
    "1.6": [
        0.8034623217922607
    ],
    "1.5": [
        0.8065843621399177
    ],
    "1.4": [
        0.8094240837696335
    ],
    "1.3": [
        0.8171122994652407
    ],
    "1.2": [
        0.8298342541436464
    ],
    "1.1": [
        0.8453488372093023
    ],
    "0.9": [
        0.8690012970168612
    ],
    "0.8": [
        0.8873435326842837
    ],
    "0.7": [
        0.9002976190476191
    ],
    "0.6": [
        0.9132569558101473
    ],
    "0.5": [
        0.9229323308270677
    ],
    "0.4": [
        0.9353448275862069
    ],
    "0.3": [
        0.9493333333333334
    ],
    "0.2": [
        0.9609929078014184
    ],
    "0.1": [
        0.9735099337748344
    ]
}