{
    "inf": [
        0.7583756345177665
    ],
    "2": [
        0.7583756345177665
    ],
    "1.6": [
        0.7980132450331126
    ],
    "1.5": [
        0.822754491017964
    ],
    "1.4": [
        0.8582574772431729
    ],
    "1.3": [
        0.8953488372093024
    ],
    "1.2": [
        0.9168
    ],
    "1.1": [
        0.9273049645390071
    ],
    "0.9": [
        0.9534883720930233
    ],
    "0.8": [
        0.9608355091383812
    ],
    "0.7": [
        0.9624277456647399
    ],
    "0.6": [
        0.9753521126760564
    ],
    "0.5": [
        0.9742489270386266
    ],
    "0.4": [
        0.9731182795698925
    ],
    "0.3": [
        0.9752066115702479
    ],
    "0.2": [
        0.9875
    ],
    "0.1": [
        1.0
    ]
}