{
    "inf": [
        0.7796954314720812
    ],
    "2": [
        0.7786802030456853
    ],
    "1.6": [
        0.8448717948717949
    ],
    "1.5": [
        0.8631284916201117
    ],
    "1.4": [
        0.875
    ],
    "1.3": [
        0.88107202680067
    ],
    "1.2": [
        0.8870370370370371
    ],
    "1.1": [
        0.9092783505154639
    ],
    "0.9": [
        0.952
    ],
    "0.8": [
        0.9742765273311897
    ],
    "0.7": [
        0.9767441860465116
    ],
    "0.6": [
        0.9769585253456221
    ],
    "0.5": [
        0.9705882352941176
    ],
    "0.4": [
        0.9921259842519685
    ],
    "0.3": [
        0.989010989010989
    ],
    "0.2": [
        1.0
    ],
    "0.1": [
        1.0
    ]
}