{
    "inf": [
        0.7573604060913706
    ],
    "2": [
        0.750253807106599
    ],
    "1.6": [
        0.8843648208469055
    ],
    "1.5": [
        0.9193899782135077
    ],
    "1.4": [
        0.9318801089918256
    ],
    "1.3": [
        0.9527027027027027
    ],
    "1.2": [
        0.9742489270386266
    ],
    "1.1": [
        0.9794871794871794
    ],
    "0.9": [
        0.9917355371900827
    ],
    "0.8": [
        0.9873417721518988
    ],
    "0.7": [
        1.0
    ],
    "0.6": [
        1.0
    ],
    "0.5": [
        1.0
    ],
    "0.4": [
        1.0
    ],
    "0.3": [
        1.0
    ],
    "0.2": [
        1.0
    ],
    "0.1": [
        null
    ]
}