{
    "inf": [
        0.7857868020304568
    ],
    "2": [
        0.7878172588832487
    ],
    "1.6": [
        0.8100320170757738
    ],
    "1.5": [
        0.8329519450800915
    ],
    "1.4": [
        0.8529048207663782
    ],
    "1.3": [
        0.868
    ],
    "1.2": [
        0.8859649122807017
    ],
    "1.1": [
        0.89792663476874
    ],
    "0.9": [
        0.9196078431372549
    ],
    "0.8": [
        0.9296703296703297
    ],
    "0.7": [
        0.9364303178484108
    ],
    "0.6": [
        0.9457142857142857
    ],
    "0.5": [
        0.946236559139785
    ],
    "0.4": [
        0.9506726457399103
    ],
    "0.3": [
        0.9575757575757575
    ],
    "0.2": [
        0.9479166666666666
    ],
    "0.1": [
        0.96875
    ]
}