{
    "inf": [
        0.7746192893401015
    ],
    "2": [
        0.7746192893401015
    ],
    "1.6": [
        0.7943502824858757
    ],
    "1.5": [
        0.8128872366790583
    ],
    "1.4": [
        0.8481894150417827
    ],
    "1.3": [
        0.8732612055641422
    ],
    "1.2": [
        0.9010416666666666
    ],
    "1.1": [
        0.9113680154142582
    ],
    "0.9": [
        0.9407407407407408
    ],
    "0.8": [
        0.9572649572649573
    ],
    "0.7": [
        0.9632107023411371
    ],
    "0.6": [
        0.9645669291338582
    ],
    "0.5": [
        0.972972972972973
    ],
    "0.4": [
        0.9704142011834319
    ],
    "0.3": [
        0.9836065573770492
    ],
    "0.2": [
        1.0
    ],
    "0.1": [
        1.0
    ]
}