{
    "inf": [
        0.682233502538071
    ],
    "2": [
        0.7065989847715736
    ],
    "1.6": [
        0.9439655172413793
    ],
    "1.5": [
        0.9538461538461539
    ],
    "1.4": [
        0.975609756097561
    ],
    "1.3": [
        0.96
    ],
    "1.2": [
        1.0
    ],
    "1.1": [
        1.0
    ],
    "0.9": [
        1.0
    ],
    "0.8": [
        1.0
    ],
    "0.7": [
        1.0
    ],
    "0.6": [
        1.0
    ],
    "0.5": [
        null
    ],
    "0.4": [
        null
    ],
    "0.3": [
        null
    ],
    "0.2": [
        null
    ],
    "0.1": [
        null
    ]
}