{
    "inf": [
        0.7736040609137056
    ],
    "2": [
        0.7695431472081218
    ],
    "1.6": [
        0.8744588744588745
    ],
    "1.5": [
        0.8951890034364262
    ],
    "1.4": [
        0.9252136752136753
    ],
    "1.3": [
        0.94
    ],
    "1.2": [
        0.9475218658892128
    ],
    "1.1": [
        0.9605734767025089
    ],
    "0.9": [
        0.9779005524861878
    ],
    "0.8": [
        0.972972972972973
    ],
    "0.7": [
        0.981651376146789
    ],
    "0.6": [
        0.987012987012987
    ],
    "0.5": [
        0.9807692307692307
    ],
    "0.4": [
        1.0
    ],
    "0.3": [
        1.0
    ],
    "0.2": [
        1.0
    ],
    "0.1": [
        null
    ]
}