{
    "inf": [
        0.749238578680203
    ],
    "2": [
        0.7532994923857868
    ],
    "1.6": [
        0.9338235294117647
    ],
    "1.5": [
        0.9538461538461539
    ],
    "1.4": [
        0.967741935483871
    ],
    "1.3": [
        1.0
    ],
    "1.2": [
        0.9705882352941176
    ],
    "1.1": [
        1.0
    ],
    "0.9": [
        1.0
    ],
    "0.8": [
        1.0
    ],
    "0.7": [
        1.0
    ],
    "0.6": [
        null
    ],
    "0.5": [
        null
    ],
    "0.4": [
        null
    ],
    "0.3": [
        null
    ],
    "0.2": [
        null
    ],
    "0.1": [
        null
    ]
}