{
    "inf": [
        0.7573604060913706
    ],
    "2": [
        0.7624365482233503
    ],
    "1.6": [
        0.952191235059761
    ],
    "1.5": [
        0.9530201342281879
    ],
    "1.4": [
        0.9886363636363636
    ],
    "1.3": [
        1.0
    ],
    "1.2": [
        1.0
    ],
    "1.1": [
        1.0
    ],
    "0.9": [
        1.0
    ],
    "0.8": [
        1.0
    ],
    "0.7": [
        null
    ],
    "0.6": [
        null
    ],
    "0.5": [
        null
    ],
    "0.4": [
        null
    ],
    "0.3": [
        null
    ],
    "0.2": [
        null
    ],
    "0.1": [
        null
    ]
}