{
    "inf": [
        0.8091370558375635
    ],
    "2": [
        0.8111675126903554
    ],
    "1.6": [
        0.8555825242718447
    ],
    "1.5": [
        0.8676277850589778
    ],
    "1.4": [
        0.8822695035460993
    ],
    "1.3": [
        0.8880248833592534
    ],
    "1.2": [
        0.8983050847457628
    ],
    "1.1": [
        0.9132075471698113
    ],
    "0.9": [
        0.9333333333333333
    ],
    "0.8": [
        0.9506849315068493
    ],
    "0.7": [
        0.9675324675324676
    ],
    "0.6": [
        0.9736842105263158
    ],
    "0.5": [
        0.9771689497716894
    ],
    "0.4": [
        0.9823529411764705
    ],
    "0.3": [
        0.9770992366412213
    ],
    "0.2": [
        0.9795918367346939
    ],
    "0.1": [
        0.9803921568627451
    ]
}