{
    "inf": [
        0.8091370558375635
    ],
    "2": [
        0.8152284263959391
    ],
    "1.6": [
        0.8624401913875598
    ],
    "1.5": [
        0.8852242744063324
    ],
    "1.4": [
        0.9079136690647482
    ],
    "1.3": [
        0.9186602870813397
    ],
    "1.2": [
        0.9392265193370166
    ],
    "1.1": [
        0.9567010309278351
    ],
    "0.9": [
        0.9791666666666666
    ],
    "0.8": [
        0.9818181818181818
    ],
    "0.7": [
        0.9829351535836177
    ],
    "0.6": [
        0.9882352941176471
    ],
    "0.5": [
        0.9907834101382489
    ],
    "0.4": [
        0.9941520467836257
    ],
    "0.3": [
        1.0
    ],
    "0.2": [
        1.0
    ],
    "0.1": [
        1.0
    ]
}