{
    "inf": [
        0.7776649746192893
    ],
    "2": [
        0.7776649746192893
    ],
    "1.6": [
        0.9625
    ],
    "1.5": [
        0.975
    ],
    "1.4": [
        0.972972972972973
    ],
    "1.3": [
        0.9565217391304348
    ],
    "1.2": [
        1.0
    ],
    "1.1": [
        1.0
    ],
    "0.9": [
        1.0
    ],
    "0.8": [
        1.0
    ],
    "0.7": [
        1.0
    ],
    "0.6": [
        1.0
    ],
    "0.5": [
        1.0
    ],
    "0.4": [
        null
    ],
    "0.3": [
        null
    ],
    "0.2": [
        null
    ],
    "0.1": [
        null
    ]
}