{
    "inf": [
        0.7756345177664975
    ],
    "2": [
        0.7736040609137056
    ],
    "1.6": [
        0.8035714285714286
    ],
    "1.5": [
        0.842985842985843
    ],
    "1.4": [
        0.8614008941877794
    ],
    "1.3": [
        0.8854700854700854
    ],
    "1.2": [
        0.905511811023622
    ],
    "1.1": [
        0.9317647058823529
    ],
    "0.9": [
        0.9585987261146497
    ],
    "0.8": [
        0.972972972972973
    ],
    "0.7": [
        0.9675925925925926
    ],
    "0.6": [
        0.9885057471264368
    ],
    "0.5": [
        0.9924242424242424
    ],
    "0.4": [
        1.0
    ],
    "0.3": [
        1.0
    ],
    "0.2": [
        1.0
    ],
    "0.1": [
        1.0
    ]
}