{
    "inf": [
        0.8162436548223351
    ],
    "2": [
        0.8152284263959391
    ],
    "1.6": [
        0.8596491228070176
    ],
    "1.5": [
        0.8714107365792759
    ],
    "1.4": [
        0.8929539295392954
    ],
    "1.3": [
        0.902332361516035
    ],
    "1.2": [
        0.9124797406807131
    ],
    "1.1": [
        0.9267857142857143
    ],
    "0.9": [
        0.9490022172949002
    ],
    "0.8": [
        0.9557291666666666
    ],
    "0.7": [
        0.9664634146341463
    ],
    "0.6": [
        0.9784172661870504
    ],
    "0.5": [
        0.9745762711864406
    ],
    "0.4": [
        0.9770114942528736
    ],
    "0.3": [
        0.9844961240310077
    ],
    "0.2": [
        0.972972972972973
    ],
    "0.1": [
        0.9705882352941176
    ]
}