{
    "inf": [
        0.8091370558375635
    ],
    "2": [
        0.8020304568527918
    ],
    "1.6": [
        0.8573216520650814
    ],
    "1.5": [
        0.8703956343792633
    ],
    "1.4": [
        0.8873668188736682
    ],
    "1.3": [
        0.9025210084033614
    ],
    "1.2": [
        0.9214953271028037
    ],
    "1.1": [
        0.9292929292929293
    ],
    "0.9": [
        0.943069306930693
    ],
    "0.8": [
        0.9527777777777777
    ],
    "0.7": [
        0.9589905362776026
    ],
    "0.6": [
        0.9660377358490566
    ],
    "0.5": [
        0.9716981132075472
    ],
    "0.4": [
        0.9868421052631579
    ],
    "0.3": [
        0.9911504424778761
    ],
    "0.2": [
        0.9876543209876543
    ],
    "0.1": [
        1.0
    ]
}