{
    "inf": [
        0.7878172588832487
    ],
    "2": [
        0.7857868020304568
    ],
    "1.6": [
        0.8121606948968513
    ],
    "1.5": [
        0.8248520710059172
    ],
    "1.4": [
        0.847769028871391
    ],
    "1.3": [
        0.8579795021961932
    ],
    "1.2": [
        0.8739770867430442
    ],
    "1.1": [
        0.8943396226415095
    ],
    "0.9": [
        0.9242424242424242
    ],
    "0.8": [
        0.9317507418397626
    ],
    "0.7": [
        0.9395017793594306
    ],
    "0.6": [
        0.9720930232558139
    ],
    "0.5": [
        0.963855421686747
    ],
    "0.4": [
        0.9672131147540983
    ],
    "0.3": [
        0.9642857142857143
    ],
    "0.2": [
        0.9772727272727273
    ],
    "0.1": [
        1.0
    ]
}