{
    "inf": [
        0.7736040609137056
    ],
    "2": [
        0.7725888324873097
    ],
    "1.6": [
        0.9225941422594143
    ],
    "1.5": [
        0.9430199430199431
    ],
    "1.4": [
        0.967479674796748
    ],
    "1.3": [
        0.9659090909090909
    ],
    "1.2": [
        0.984375
    ],
    "1.1": [
        0.9882352941176471
    ],
    "0.9": [
        1.0
    ],
    "0.8": [
        1.0
    ],
    "0.7": [
        1.0
    ],
    "0.6": [
        1.0
    ],
    "0.5": [
        1.0
    ],
    "0.4": [
        1.0
    ],
    "0.3": [
        1.0
    ],
    "0.2": [
        1.0
    ],
    "0.1": [
        1.0
    ]
}