{
    "inf": [
        0.7807106598984772
    ],
    "2": [
        0.7817258883248731
    ],
    "1.6": [
        0.8331388564760793
    ],
    "1.5": [
        0.8646517739816032
    ],
    "1.4": [
        0.888235294117647
    ],
    "1.3": [
        0.9222972972972973
    ],
    "1.2": [
        0.9393939393939394
    ],
    "1.1": [
        0.9501084598698482
    ],
    "0.9": [
        0.9703264094955489
    ],
    "0.8": [
        0.9689655172413794
    ],
    "0.7": [
        0.9691629955947136
    ],
    "0.6": [
        0.9668508287292817
    ],
    "0.5": [
        0.9850746268656716
    ],
    "0.4": [
        0.9803921568627451
    ],
    "0.3": [
        0.9827586206896551
    ],
    "0.2": [
        1.0
    ],
    "0.1": [
        1.0
    ]
}