{
    "inf": [
        0.7857868020304568
    ],
    "2": [
        0.7857868020304568
    ],
    "1.6": [
        0.8536231884057971
    ],
    "1.5": [
        0.8917910447761194
    ],
    "1.4": [
        0.9051094890510949
    ],
    "1.3": [
        0.9287925696594427
    ],
    "1.2": [
        0.9274809160305344
    ],
    "1.1": [
        0.9387755102040817
    ],
    "0.9": [
        0.9482758620689655
    ],
    "0.8": [
        0.9545454545454546
    ],
    "0.7": [
        0.9850746268656716
    ],
    "0.6": [
        0.9782608695652174
    ],
    "0.5": [
        0.96875
    ],
    "0.4": [
        1.0
    ],
    "0.3": [
        1.0
    ],
    "0.2": [
        1.0
    ],
    "0.1": [
        1.0
    ]
}