{
    "inf": [
        0.7532994923857868
    ],
    "2": [
        0.7553299492385787
    ],
    "1.6": [
        0.7940503432494279
    ],
    "1.5": [
        0.8251295336787565
    ],
    "1.4": [
        0.8615384615384616
    ],
    "1.3": [
        0.8902654867256637
    ],
    "1.2": [
        0.90020366598778
    ],
    "1.1": [
        0.9158878504672897
    ],
    "0.9": [
        0.9292604501607717
    ],
    "0.8": [
        0.9351145038167938
    ],
    "0.7": [
        0.9458128078817734
    ],
    "0.6": [
        0.9683544303797469
    ],
    "0.5": [
        0.9761904761904762
    ],
    "0.4": [
        0.9791666666666666
    ],
    "0.3": [
        1.0
    ],
    "0.2": [
        1.0
    ],
    "0.1": [
        1.0
    ]
}