{
    "inf": [
        0.7736040609137056
    ],
    "2": [
        0.7705583756345178
    ],
    "1.6": [
        0.8151774785801713
    ],
    "1.5": [
        0.8355614973262032
    ],
    "1.4": [
        0.8492753623188406
    ],
    "1.3": [
        0.8596491228070176
    ],
    "1.2": [
        0.8660869565217392
    ],
    "1.1": [
        0.8916827852998066
    ],
    "0.9": [
        0.9259259259259259
    ],
    "0.8": [
        0.9340974212034384
    ],
    "0.7": [
        0.954248366013072
    ],
    "0.6": [
        0.9644268774703557
    ],
    "0.5": [
        0.9702970297029703
    ],
    "0.4": [
        0.9808917197452229
    ],
    "0.3": [
        0.9741379310344828
    ],
    "0.2": [
        0.9859154929577465
    ],
    "0.1": [
        1.0
    ]
}