{
    "inf": [
        0.7401015228426396
    ],
    "2": [
        0.7431472081218274
    ],
    "1.6": [
        0.8702702702702703
    ],
    "1.5": [
        0.900990099009901
    ],
    "1.4": [
        0.9272727272727272
    ],
    "1.3": [
        0.9696969696969697
    ],
    "1.2": [
        1.0
    ],
    "1.1": [
        1.0
    ],
    "0.9": [
        1.0
    ],
    "0.8": [
        1.0
    ],
    "0.7": [
        1.0
    ],
    "0.6": [
        1.0
    ],
    "0.5": [
        1.0
    ],
    "0.4": [
        null
    ],
    "0.3": [
        null
    ],
    "0.2": [
        null
    ],
    "0.1": [
        null
    ]
}