{
    "inf": [
        0.7634517766497462
    ],
    "2": [
        0.7461928934010152
    ],
    "1.6": [
        0.9237057220708447
    ],
    "1.5": [
        0.9592760180995475
    ],
    "1.4": [
        0.9732142857142857
    ],
    "1.3": [
        0.9705882352941176
    ],
    "1.2": [
        0.9743589743589743
    ],
    "1.1": [
        1.0
    ],
    "0.9": [
        1.0
    ],
    "0.8": [
        1.0
    ],
    "0.7": [
        1.0
    ],
    "0.6": [
        1.0
    ],
    "0.5": [
        1.0
    ],
    "0.4": [
        1.0
    ],
    "0.3": [
        1.0
    ],
    "0.2": [
        null
    ],
    "0.1": [
        null
    ]
}