{
    "inf": [
        0.7715736040609137
    ],
    "2": [
        0.7705583756345178
    ],
    "1.6": [
        0.8040770101925255
    ],
    "1.5": [
        0.8369426751592357
    ],
    "1.4": [
        0.8643578643578643
    ],
    "1.3": [
        0.8785357737104825
    ],
    "1.2": [
        0.898854961832061
    ],
    "1.1": [
        0.9096916299559471
    ],
    "0.9": [
        0.9402985074626866
    ],
    "0.8": [
        0.9572953736654805
    ],
    "0.7": [
        0.9525862068965517
    ],
    "0.6": [
        0.9587628865979382
    ],
    "0.5": [
        0.9671052631578947
    ],
    "0.4": [
        0.9672131147540983
    ],
    "0.3": [
        0.975
    ],
    "0.2": [
        1.0
    ],
    "0.1": [
        1.0
    ]
}