{
    "inf": [
        0.8050761421319796
    ],
    "2": [
        0.8071065989847716
    ],
    "1.6": [
        0.8658385093167702
    ],
    "1.5": [
        0.8863328822733424
    ],
    "1.4": [
        0.8985294117647059
    ],
    "1.3": [
        0.9067930489731437
    ],
    "1.2": [
        0.9222614840989399
    ],
    "1.1": [
        0.9382470119521913
    ],
    "0.9": [
        0.9548872180451128
    ],
    "0.8": [
        0.9595375722543352
    ],
    "0.7": [
        0.9731543624161074
    ],
    "0.6": [
        0.98046875
    ],
    "0.5": [
        0.9806763285024155
    ],
    "0.4": [
        0.9876543209876543
    ],
    "0.3": [
        0.981651376146789
    ],
    "0.2": [
        0.9855072463768116
    ],
    "0.1": [
        0.967741935483871
    ]
}