{
    "inf": [
        0.7624365482233503
    ],
    "2": [
        0.7624365482233503
    ],
    "1.6": [
        0.8845401174168297
    ],
    "1.5": [
        0.9211267605633803
    ],
    "1.4": [
        0.9435483870967742
    ],
    "1.3": [
        0.9633507853403142
    ],
    "1.2": [
        0.9666666666666667
    ],
    "1.1": [
        0.9736842105263158
    ],
    "0.9": [
        0.9833333333333333
    ],
    "0.8": [
        0.9782608695652174
    ],
    "0.7": [
        1.0
    ],
    "0.6": [
        1.0
    ],
    "0.5": [
        1.0
    ],
    "0.4": [
        1.0
    ],
    "0.3": [
        1.0
    ],
    "0.2": [
        1.0
    ],
    "0.1": [
        1.0
    ]
}