{
    "inf": [
        0.7766497461928934
    ],
    "2": [
        0.7766497461928934
    ],
    "1.6": [
        0.96
    ],
    "1.5": [
        0.9705882352941176
    ],
    "1.4": [
        0.9285714285714286
    ],
    "1.3": [
        0.8888888888888888
    ],
    "1.2": [
        1.0
    ],
    "1.1": [
        1.0
    ],
    "0.9": [
        null
    ],
    "0.8": [
        null
    ],
    "0.7": [
        null
    ],
    "0.6": [
        null
    ],
    "0.5": [
        null
    ],
    "0.4": [
        null
    ],
    "0.3": [
        null
    ],
    "0.2": [
        null
    ],
    "0.1": [
        null
    ]
}