{
    "inf": [
        0.7573604060913706
    ],
    "2": [
        0.7573604060913706
    ],
    "1.6": [
        0.9389312977099237
    ],
    "1.5": [
        0.9259259259259259
    ],
    "1.4": [
        0.85
    ],
    "1.3": [
        0.8888888888888888
    ],
    "1.2": [
        1.0
    ],
    "1.1": [
        1.0
    ],
    "0.9": [
        1.0
    ],
    "0.8": [
        1.0
    ],
    "0.7": [
        1.0
    ],
    "0.6": [
        1.0
    ],
    "0.5": [
        1.0
    ],
    "0.4": [
        1.0
    ],
    "0.3": [
        1.0
    ],
    "0.2": [
        1.0
    ],
    "0.1": [
        null
    ]
}