{
    "inf": [
        0.7472081218274111
    ],
    "2": [
        0.7319796954314721
    ],
    "1.6": [
        0.9580645161290322
    ],
    "1.5": [
        0.9838709677419355
    ],
    "1.4": [
        0.9702970297029703
    ],
    "1.3": [
        1.0
    ],
    "1.2": [
        1.0
    ],
    "1.1": [
        1.0
    ],
    "0.9": [
        1.0
    ],
    "0.8": [
        1.0
    ],
    "0.7": [
        1.0
    ],
    "0.6": [
        1.0
    ],
    "0.5": [
        1.0
    ],
    "0.4": [
        null
    ],
    "0.3": [
        null
    ],
    "0.2": [
        null
    ],
    "0.1": [
        null
    ]
}