{
    "inf": [
        0.7218274111675127
    ],
    "2": [
        0.7279187817258883
    ],
    "1.6": [
        0.8996960486322189
    ],
    "1.5": [
        0.9489795918367347
    ],
    "1.4": [
        0.975609756097561
    ],
    "1.3": [
        0.971830985915493
    ],
    "1.2": [
        0.9661016949152542
    ],
    "1.1": [
        0.9523809523809523
    ],
    "0.9": [
        1.0
    ],
    "0.8": [
        1.0
    ],
    "0.7": [
        1.0
    ],
    "0.6": [
        null
    ],
    "0.5": [
        null
    ],
    "0.4": [
        null
    ],
    "0.3": [
        null
    ],
    "0.2": [
        null
    ],
    "0.1": [
        null
    ]
}