{
    "inf": [
        0.7705583756345178
    ],
    "2": [
        0.7705583756345178
    ],
    "1.6": [
        0.7705583756345178
    ],
    "1.5": [
        0.7711088504577823
    ],
    "1.4": [
        0.7730061349693251
    ],
    "1.3": [
        0.7791537667698658
    ],
    "1.2": [
        0.789087093389297
    ],
    "1.1": [
        0.7954790096878364
    ],
    "0.9": [
        0.8238636363636364
    ],
    "0.8": [
        0.8392857142857143
    ],
    "0.7": [
        0.8605527638190955
    ],
    "0.6": [
        0.8740157480314961
    ],
    "0.5": [
        0.8876404494382022
    ],
    "0.4": [
        0.890881913303438
    ],
    "0.3": [
        0.8985507246376812
    ],
    "0.2": [
        0.9016100178890877
    ],
    "0.1": [
        0.9403669724770642
    ]
}