{
    "inf": [
        0.7746192893401015
    ],
    "2": [
        0.7736040609137056
    ],
    "1.6": [
        0.7922077922077922
    ],
    "1.5": [
        0.8203592814371258
    ],
    "1.4": [
        0.8467635402906208
    ],
    "1.3": [
        0.8724637681159421
    ],
    "1.2": [
        0.890302066772655
    ],
    "1.1": [
        0.9060283687943262
    ],
    "0.9": [
        0.9403973509933775
    ],
    "0.8": [
        0.9508599508599509
    ],
    "0.7": [
        0.9590163934426229
    ],
    "0.6": [
        0.9626168224299065
    ],
    "0.5": [
        0.9656488549618321
    ],
    "0.4": [
        0.9689119170984456
    ],
    "0.3": [
        0.9787234042553191
    ],
    "0.2": [
        0.9882352941176471
    ],
    "0.1": [
        0.967741935483871
    ]
}