{
    "inf": [
        0.7959390862944162
    ],
    "2": [
        0.7959390862944162
    ],
    "1.6": [
        0.7957317073170732
    ],
    "1.5": [
        0.7973523421588594
    ],
    "1.4": [
        0.7989795918367347
    ],
    "1.3": [
        0.8012295081967213
    ],
    "1.2": [
        0.8055842812823164
    ],
    "1.1": [
        0.8108672936259144
    ],
    "0.9": [
        0.8300865800865801
    ],
    "0.8": [
        0.8426339285714286
    ],
    "0.7": [
        0.8511627906976744
    ],
    "0.6": [
        0.8683574879227053
    ],
    "0.5": [
        0.882202304737516
    ],
    "0.4": [
        0.8967391304347826
    ],
    "0.3": [
        0.9106382978723404
    ],
    "0.2": [
        0.9256965944272446
    ],
    "0.1": [
        0.9429097605893186
    ]
}