{
    "inf": [
        0.7065989847715736
    ],
    "2": [
        0.7065989847715736
    ],
    "1.6": [
        0.9318181818181818
    ],
    "1.5": [
        0.975
    ],
    "1.4": [
        0.96875
    ],
    "1.3": [
        0.9705882352941176
    ],
    "1.2": [
        0.9411764705882353
    ],
    "1.1": [
        0.8888888888888888
    ],
    "0.9": [
        1.0
    ],
    "0.8": [
        1.0
    ],
    "0.7": [
        1.0
    ],
    "0.6": [
        1.0
    ],
    "0.5": [
        1.0
    ],
    "0.4": [
        1.0
    ],
    "0.3": [
        1.0
    ],
    "0.2": [
        null
    ],
    "0.1": [
        null
    ]
}