{
    "inf": [
        0.7289340101522843
    ],
    "2": [
        0.7380710659898477
    ],
    "1.6": [
        0.9714285714285714
    ],
    "1.5": [
        0.9487179487179487
    ],
    "1.4": [
        1.0
    ],
    "1.3": [
        1.0
    ],
    "1.2": [
        1.0
    ],
    "1.1": [
        1.0
    ],
    "0.9": [
        1.0
    ],
    "0.8": [
        null
    ],
    "0.7": [
        null
    ],
    "0.6": [
        null
    ],
    "0.5": [
        null
    ],
    "0.4": [
        null
    ],
    "0.3": [
        null
    ],
    "0.2": [
        null
    ],
    "0.1": [
        null
    ]
}