{
    "inf": [
        0.7796954314720812
    ],
    "2": [
        0.7796954314720812
    ],
    "1.6": [
        0.8036677454153183
    ],
    "1.5": [
        0.8271889400921659
    ],
    "1.4": [
        0.8547770700636943
    ],
    "1.3": [
        0.8794326241134752
    ],
    "1.2": [
        0.9023622047244094
    ],
    "1.1": [
        0.9192439862542955
    ],
    "0.9": [
        0.9528688524590164
    ],
    "0.8": [
        0.9584295612009238
    ],
    "0.7": [
        0.9658792650918635
    ],
    "0.6": [
        0.9758308157099698
    ],
    "0.5": [
        0.9784172661870504
    ],
    "0.4": [
        0.9780701754385965
    ],
    "0.3": [
        0.9882352941176471
    ],
    "0.2": [
        0.9908256880733946
    ],
    "0.1": [
        1.0
    ]
}