{
    "inf": [
        0.8081218274111676
    ],
    "2": [
        0.8081218274111676
    ],
    "1.6": [
        0.8420441347270615
    ],
    "1.5": [
        0.8600252206809584
    ],
    "1.4": [
        0.8861111111111111
    ],
    "1.3": [
        0.9034690799396682
    ],
    "1.2": [
        0.9203980099502488
    ],
    "1.1": [
        0.9404096834264432
    ],
    "0.9": [
        0.966824644549763
    ],
    "0.8": [
        0.9726775956284153
    ],
    "0.7": [
        0.96875
    ],
    "0.6": [
        0.9704797047970479
    ],
    "0.5": [
        0.963302752293578
    ],
    "0.4": [
        0.968944099378882
    ],
    "0.3": [
        0.9918032786885246
    ],
    "0.2": [
        0.9866666666666667
    ],
    "0.1": [
        1.0
    ]
}