{
    "inf": [
        0.7746192893401015
    ],
    "2": [
        0.7725888324873097
    ],
    "1.6": [
        0.827710843373494
    ],
    "1.5": [
        0.8447368421052631
    ],
    "1.4": [
        0.8611898016997167
    ],
    "1.3": [
        0.8791208791208791
    ],
    "1.2": [
        0.8970331588132635
    ],
    "1.1": [
        0.9098039215686274
    ],
    "0.9": [
        0.9375
    ],
    "0.8": [
        0.9514824797843666
    ],
    "0.7": [
        0.9662576687116564
    ],
    "0.6": [
        0.9785714285714285
    ],
    "0.5": [
        0.9785407725321889
    ],
    "0.4": [
        0.9831460674157303
    ],
    "0.3": [
        0.9769230769230769
    ],
    "0.2": [
        0.9764705882352941
    ],
    "0.1": [
        1.0
    ]
}