{
    "inf": [
        0.7776649746192893
    ],
    "2": [
        0.7796954314720812
    ],
    "1.6": [
        0.7927350427350427
    ],
    "1.5": [
        0.8043728423475259
    ],
    "1.4": [
        0.831858407079646
    ],
    "1.3": [
        0.8535911602209945
    ],
    "1.2": [
        0.86875
    ],
    "1.1": [
        0.8890814558058926
    ],
    "0.9": [
        0.9029535864978903
    ],
    "0.8": [
        0.9125295508274232
    ],
    "0.7": [
        0.9093406593406593
    ],
    "0.6": [
        0.9238410596026491
    ],
    "0.5": [
        0.9390243902439024
    ],
    "0.4": [
        0.9536082474226805
    ],
    "0.3": [
        0.9642857142857143
    ],
    "0.2": [
        0.9789473684210527
    ],
    "0.1": [
        0.9714285714285714
    ]
}