{
    "inf": [
        0.7725888324873097
    ],
    "2": [
        0.7725888324873097
    ],
    "1.6": [
        0.8148148148148148
    ],
    "1.5": [
        0.8468965517241379
    ],
    "1.4": [
        0.8628389154704944
    ],
    "1.3": [
        0.8845437616387337
    ],
    "1.2": [
        0.9196428571428571
    ],
    "1.1": [
        0.922879177377892
    ],
    "0.9": [
        0.951310861423221
    ],
    "0.8": [
        0.9547511312217195
    ],
    "0.7": [
        0.9615384615384616
    ],
    "0.6": [
        0.959731543624161
    ],
    "0.5": [
        0.9655172413793104
    ],
    "0.4": [
        0.9615384615384616
    ],
    "0.3": [
        0.9782608695652174
    ],
    "0.2": [
        1.0
    ],
    "0.1": [
        1.0
    ]
}