{
    "inf": [
        0.8121827411167513
    ],
    "2": [
        0.8131979695431472
    ],
    "1.6": [
        0.8573264781491002
    ],
    "1.5": [
        0.8657142857142858
    ],
    "1.4": [
        0.8804523424878837
    ],
    "1.3": [
        0.9048473967684022
    ],
    "1.2": [
        0.9117647058823529
    ],
    "1.1": [
        0.9100877192982456
    ],
    "0.9": [
        0.9262295081967213
    ],
    "0.8": [
        0.9327217125382263
    ],
    "0.7": [
        0.9514925373134329
    ],
    "0.6": [
        0.956140350877193
    ],
    "0.5": [
        0.9666666666666667
    ],
    "0.4": [
        0.9772727272727273
    ],
    "0.3": [
        0.978494623655914
    ],
    "0.2": [
        0.9824561403508771
    ],
    "0.1": [
        1.0
    ]
}