{
    "inf": [
        0.7928934010152284
    ],
    "2": [
        0.7908629441624365
    ],
    "1.6": [
        0.8388683886838868
    ],
    "1.5": [
        0.8666666666666667
    ],
    "1.4": [
        0.8837555886736215
    ],
    "1.3": [
        0.9050736497545008
    ],
    "1.2": [
        0.9253187613843351
    ],
    "1.1": [
        0.9301397205588823
    ],
    "0.9": [
        0.9381188118811881
    ],
    "0.8": [
        0.9495798319327731
    ],
    "0.7": [
        0.9532710280373832
    ],
    "0.6": [
        0.9700374531835206
    ],
    "0.5": [
        0.9776785714285714
    ],
    "0.4": [
        0.9822485207100592
    ],
    "0.3": [
        1.0
    ],
    "0.2": [
        1.0
    ],
    "0.1": [
        1.0
    ]
}