{
    "inf": [
        0.7604060913705584
    ],
    "2": [
        0.7583756345177665
    ],
    "1.6": [
        0.8339869281045752
    ],
    "1.5": [
        0.8719512195121951
    ],
    "1.4": [
        0.8929889298892989
    ],
    "1.3": [
        0.9060402684563759
    ],
    "1.2": [
        0.9131652661064426
    ],
    "1.1": [
        0.9285714285714286
    ],
    "0.9": [
        0.9540816326530612
    ],
    "0.8": [
        0.9605263157894737
    ],
    "0.7": [
        0.9663865546218487
    ],
    "0.6": [
        0.9655172413793104
    ],
    "0.5": [
        0.9833333333333333
    ],
    "0.4": [
        1.0
    ],
    "0.3": [
        1.0
    ],
    "0.2": [
        1.0
    ],
    "0.1": [
        1.0
    ]
}