{
    "inf": [
        0.7959390862944162
    ],
    "2": [
        0.798984771573604
    ],
    "1.6": [
        0.8399044205495818
    ],
    "1.5": [
        0.8601036269430051
    ],
    "1.4": [
        0.884393063583815
    ],
    "1.3": [
        0.9090909090909091
    ],
    "1.2": [
        0.9269162210338681
    ],
    "1.1": [
        0.9375
    ],
    "0.9": [
        0.9643765903307888
    ],
    "0.8": [
        0.9682080924855492
    ],
    "0.7": [
        0.9768211920529801
    ],
    "0.6": [
        0.9762845849802372
    ],
    "0.5": [
        0.986046511627907
    ],
    "0.4": [
        0.99375
    ],
    "0.3": [
        0.9912280701754386
    ],
    "0.2": [
        1.0
    ],
    "0.1": [
        1.0
    ]
}