{
    "inf": [
        0.7756345177664975
    ],
    "2": [
        0.7756345177664975
    ],
    "1.6": [
        0.8959183673469387
    ],
    "1.5": [
        0.9221556886227545
    ],
    "1.4": [
        0.933920704845815
    ],
    "1.3": [
        0.9671052631578947
    ],
    "1.2": [
        0.9811320754716981
    ],
    "1.1": [
        0.967741935483871
    ],
    "0.9": [
        0.95
    ],
    "0.8": [
        1.0
    ],
    "0.7": [
        1.0
    ],
    "0.6": [
        1.0
    ],
    "0.5": [
        1.0
    ],
    "0.4": [
        1.0
    ],
    "0.3": [
        null
    ],
    "0.2": [
        null
    ],
    "0.1": [
        null
    ]
}