{
    "inf": [
        0.7949238578680203
    ],
    "2": [
        0.7949238578680203
    ],
    "1.6": [
        0.7949238578680203
    ],
    "1.5": [
        0.7987742594484167
    ],
    "1.4": [
        0.7993858751279427
    ],
    "1.3": [
        0.8008213552361396
    ],
    "1.2": [
        0.8043478260869565
    ],
    "1.1": [
        0.8083333333333333
    ],
    "0.9": [
        0.8245425188374597
    ],
    "0.8": [
        0.8296460176991151
    ],
    "0.7": [
        0.8373151308304891
    ],
    "0.6": [
        0.8522458628841607
    ],
    "0.5": [
        0.8588807785888077
    ],
    "0.4": [
        0.865992414664981
    ],
    "0.3": [
        0.8756544502617801
    ],
    "0.2": [
        0.8815426997245179
    ],
    "0.1": [
        0.9047619047619048
    ]
}