{
    "inf": [
        0.8111675126903554
    ],
    "2": [
        0.8162436548223351
    ],
    "1.6": [
        0.8631090487238979
    ],
    "1.5": [
        0.8857868020304569
    ],
    "1.4": [
        0.8935879945429741
    ],
    "1.3": [
        0.9109792284866469
    ],
    "1.2": [
        0.9214402618657938
    ],
    "1.1": [
        0.9356617647058824
    ],
    "0.9": [
        0.9563106796116505
    ],
    "0.8": [
        0.9658119658119658
    ],
    "0.7": [
        0.968421052631579
    ],
    "0.6": [
        0.9747899159663865
    ],
    "0.5": [
        0.9759036144578314
    ],
    "0.4": [
        0.9924242424242424
    ],
    "0.3": [
        1.0
    ],
    "0.2": [
        1.0
    ],
    "0.1": [
        1.0
    ]
}