{
    "inf": [
        0.7644670050761422
    ],
    "2": [
        0.7624365482233503
    ],
    "1.6": [
        0.927710843373494
    ],
    "1.5": [
        0.9414893617021277
    ],
    "1.4": [
        0.9724770642201835
    ],
    "1.3": [
        0.96875
    ],
    "1.2": [
        0.9696969696969697
    ],
    "1.1": [
        1.0
    ],
    "0.9": [
        1.0
    ],
    "0.8": [
        1.0
    ],
    "0.7": [
        1.0
    ],
    "0.6": [
        null
    ],
    "0.5": [
        null
    ],
    "0.4": [
        1.0
    ],
    "0.3": [
        null
    ],
    "0.2": [
        null
    ],
    "0.1": [
        null
    ]
}