{
    "inf": [
        0.7868020304568528
    ],
    "2": [
        0.7868020304568528
    ],
    "1.6": [
        0.9543147208121827
    ],
    "1.5": [
        0.9736842105263158
    ],
    "1.4": [
        0.9821428571428571
    ],
    "1.3": [
        1.0
    ],
    "1.2": [
        1.0
    ],
    "1.1": [
        1.0
    ],
    "0.9": [
        1.0
    ],
    "0.8": [
        1.0
    ],
    "0.7": [
        1.0
    ],
    "0.6": [
        null
    ],
    "0.5": [
        null
    ],
    "0.4": [
        null
    ],
    "0.3": [
        null
    ],
    "0.2": [
        null
    ],
    "0.1": [
        null
    ]
}