{
    "inf": [
        0.7776649746192893
    ],
    "2": [
        0.7746192893401015
    ],
    "1.6": [
        0.9115281501340483
    ],
    "1.5": [
        0.9574468085106383
    ],
    "1.4": [
        0.9703703703703703
    ],
    "1.3": [
        0.9891304347826086
    ],
    "1.2": [
        0.9824561403508771
    ],
    "1.1": [
        1.0
    ],
    "0.9": [
        1.0
    ],
    "0.8": [
        1.0
    ],
    "0.7": [
        1.0
    ],
    "0.6": [
        1.0
    ],
    "0.5": [
        1.0
    ],
    "0.4": [
        1.0
    ],
    "0.3": [
        1.0
    ],
    "0.2": [
        null
    ],
    "0.1": [
        null
    ]
}