{
    "inf": [
        0.8152284263959391
    ],
    "2": [
        0.8121827411167513
    ],
    "1.6": [
        0.8246392896781354
    ],
    "1.5": [
        0.8460575719649562
    ],
    "1.4": [
        0.8633093525179856
    ],
    "1.3": [
        0.8866666666666667
    ],
    "1.2": [
        0.9094488188976378
    ],
    "1.1": [
        0.9179954441913439
    ],
    "0.9": [
        0.9354838709677419
    ],
    "0.8": [
        0.9465020576131687
    ],
    "0.7": [
        0.9523809523809523
    ],
    "0.6": [
        0.9533333333333334
    ],
    "0.5": [
        0.9622641509433962
    ],
    "0.4": [
        0.9850746268656716
    ],
    "0.3": [
        1.0
    ],
    "0.2": [
        1.0
    ],
    "0.1": [
        1.0
    ]
}