{
    "inf": [
        0.7685279187817259
    ],
    "2": [
        0.7685279187817259
    ],
    "1.6": [
        0.8891625615763546
    ],
    "1.5": [
        0.9254901960784314
    ],
    "1.4": [
        0.9518072289156626
    ],
    "1.3": [
        0.96
    ],
    "1.2": [
        0.9607843137254902
    ],
    "1.1": [
        1.0
    ],
    "0.9": [
        1.0
    ],
    "0.8": [
        1.0
    ],
    "0.7": [
        1.0
    ],
    "0.6": [
        1.0
    ],
    "0.5": [
        1.0
    ],
    "0.4": [
        null
    ],
    "0.3": [
        null
    ],
    "0.2": [
        null
    ],
    "0.1": [
        null
    ]
}