{
    "inf": [
        0.7756345177664975
    ],
    "2": [
        0.7705583756345178
    ],
    "1.6": [
        0.9072164948453608
    ],
    "1.5": [
        0.930327868852459
    ],
    "1.4": [
        0.9483870967741935
    ],
    "1.3": [
        0.9494949494949495
    ],
    "1.2": [
        0.9629629629629629
    ],
    "1.1": [
        0.967741935483871
    ],
    "0.9": [
        1.0
    ],
    "0.8": [
        1.0
    ],
    "0.7": [
        1.0
    ],
    "0.6": [
        1.0
    ],
    "0.5": [
        null
    ],
    "0.4": [
        null
    ],
    "0.3": [
        null
    ],
    "0.2": [
        null
    ],
    "0.1": [
        null
    ]
}