{
    "inf": [
        0.8131979695431472
    ],
    "2": [
        0.8152284263959391
    ],
    "1.6": [
        0.8369195922989807
    ],
    "1.5": [
        0.8493827160493828
    ],
    "1.4": [
        0.8673050615595075
    ],
    "1.3": [
        0.8781204111600588
    ],
    "1.2": [
        0.8946515397082658
    ],
    "1.1": [
        0.9242144177449169
    ],
    "0.9": [
        0.9453681710213777
    ],
    "0.8": [
        0.953551912568306
    ],
    "0.7": [
        0.9685534591194969
    ],
    "0.6": [
        0.9692307692307692
    ],
    "0.5": [
        0.9617224880382775
    ],
    "0.4": [
        0.9629629629629629
    ],
    "0.3": [
        0.9642857142857143
    ],
    "0.2": [
        0.9365079365079365
    ],
    "0.1": [
        0.9666666666666667
    ]
}