{
    "inf": [
        0.783756345177665
    ],
    "2": [
        0.7868020304568528
    ],
    "1.6": [
        0.8486352357320099
    ],
    "1.5": [
        0.8624484181568088
    ],
    "1.4": [
        0.8861911987860395
    ],
    "1.3": [
        0.8957983193277311
    ],
    "1.2": [
        0.9085923217550275
    ],
    "1.1": [
        0.9126016260162602
    ],
    "0.9": [
        0.9305912596401028
    ],
    "0.8": [
        0.9325842696629213
    ],
    "0.7": [
        0.9455128205128205
    ],
    "0.6": [
        0.9588014981273408
    ],
    "0.5": [
        0.9642857142857143
    ],
    "0.4": [
        0.9763313609467456
    ],
    "0.3": [
        0.9913793103448276
    ],
    "0.2": [
        1.0
    ],
    "0.1": [
        1.0
    ]
}