{
    "inf": [
        0.7817258883248731
    ],
    "2": [
        0.7847715736040609
    ],
    "1.6": [
        0.7939646201873048
    ],
    "1.5": [
        0.8120950323974082
    ],
    "1.4": [
        0.81859410430839
    ],
    "1.3": [
        0.8345498783454988
    ],
    "1.2": [
        0.8519480519480519
    ],
    "1.1": [
        0.8707865168539326
    ],
    "0.9": [
        0.8903878583473862
    ],
    "0.8": [
        0.8988970588235294
    ],
    "0.7": [
        0.9064449064449065
    ],
    "0.6": [
        0.9156908665105387
    ],
    "0.5": [
        0.9313186813186813
    ],
    "0.4": [
        0.9433962264150944
    ],
    "0.3": [
        0.9392712550607287
    ],
    "0.2": [
        0.9529411764705882
    ],
    "0.1": [
        0.9550561797752809
    ]
}