{
    "inf": [
        0.7766497461928934
    ],
    "2": [
        0.7766497461928934
    ],
    "1.6": [
        0.7766497461928934
    ],
    "1.5": [
        0.7766497461928934
    ],
    "1.4": [
        0.7766497461928934
    ],
    "1.3": [
        0.7780040733197556
    ],
    "1.2": [
        0.7793667007150153
    ],
    "1.1": [
        0.7851239669421488
    ],
    "0.9": [
        0.8036286019210246
    ],
    "0.8": [
        0.8075675675675675
    ],
    "0.7": [
        0.8196902654867256
    ],
    "0.6": [
        0.836405529953917
    ],
    "0.5": [
        0.8513189448441247
    ],
    "0.4": [
        0.8601485148514851
    ],
    "0.3": [
        0.8751608751608752
    ],
    "0.2": [
        0.8952380952380953
    ],
    "0.1": [
        0.913946587537092
    ]
}