{
    "inf": [
        0.8071065989847716
    ],
    "2": [
        0.8010152284263959
    ],
    "1.6": [
        0.8487690504103166
    ],
    "1.5": [
        0.8695652173913043
    ],
    "1.4": [
        0.8885754583921015
    ],
    "1.3": [
        0.9007751937984496
    ],
    "1.2": [
        0.9159369527145359
    ],
    "1.1": [
        0.927734375
    ],
    "0.9": [
        0.944578313253012
    ],
    "0.8": [
        0.9512195121951219
    ],
    "0.7": [
        0.9538461538461539
    ],
    "0.6": [
        0.9716312056737588
    ],
    "0.5": [
        0.9780701754385965
    ],
    "0.4": [
        0.9888268156424581
    ],
    "0.3": [
        0.9925925925925926
    ],
    "0.2": [
        0.9885057471264368
    ],
    "0.1": [
        1.0
    ]
}