{
    "inf": [
        0.8274111675126904
    ],
    "2": [
        0.8355329949238579
    ],
    "1.6": [
        0.892059553349876
    ],
    "1.5": [
        0.9084604715672677
    ],
    "1.4": [
        0.9319938176197836
    ],
    "1.3": [
        0.9403747870528109
    ],
    "1.2": [
        0.9488636363636364
    ],
    "1.1": [
        0.9588744588744589
    ],
    "0.9": [
        0.9807692307692307
    ],
    "0.8": [
        0.9908536585365854
    ],
    "0.7": [
        0.9963898916967509
    ],
    "0.6": [
        0.9959183673469387
    ],
    "0.5": [
        1.0
    ],
    "0.4": [
        1.0
    ],
    "0.3": [
        1.0
    ],
    "0.2": [
        1.0
    ],
    "0.1": [
        1.0
    ]
}