{
    "inf": [
        0.8010152284263959
    ],
    "2": [
        0.8010152284263959
    ],
    "1.6": [
        0.8250539956803455
    ],
    "1.5": [
        0.8640296662546354
    ],
    "1.4": [
        0.8932178932178932
    ],
    "1.3": [
        0.915282392026578
    ],
    "1.2": [
        0.9354207436399217
    ],
    "1.1": [
        0.9458823529411765
    ],
    "0.9": [
        0.9664429530201343
    ],
    "0.8": [
        0.9670781893004116
    ],
    "0.7": [
        0.9846938775510204
    ],
    "0.6": [
        0.9877300613496932
    ],
    "0.5": [
        1.0
    ],
    "0.4": [
        1.0
    ],
    "0.3": [
        1.0
    ],
    "0.2": [
        1.0
    ],
    "0.1": [
        1.0
    ]
}