{
    "inf": [
        0.8071065989847716
    ],
    "2": [
        0.8081218274111676
    ],
    "1.6": [
        0.8449704142011835
    ],
    "1.5": [
        0.8573216520650814
    ],
    "1.4": [
        0.8656509695290858
    ],
    "1.3": [
        0.8767334360554699
    ],
    "1.2": [
        0.89
    ],
    "1.1": [
        0.8945386064030132
    ],
    "0.9": [
        0.9180327868852459
    ],
    "0.8": [
        0.918918918918919
    ],
    "0.7": [
        0.9316770186335404
    ],
    "0.6": [
        0.9468085106382979
    ],
    "0.5": [
        0.9596412556053812
    ],
    "0.4": [
        0.9655172413793104
    ],
    "0.3": [
        0.975609756097561
    ],
    "0.2": [
        1.0
    ],
    "0.1": [
        1.0
    ]
}