{
    "inf": [
        0.7868020304568528
    ],
    "2": [
        0.7868020304568528
    ],
    "1.6": [
        0.9036144578313253
    ],
    "1.5": [
        0.944954128440367
    ],
    "1.4": [
        0.954983922829582
    ],
    "1.3": [
        0.9774774774774775
    ],
    "1.2": [
        0.9806451612903225
    ],
    "1.1": [
        0.991304347826087
    ],
    "0.9": [
        1.0
    ],
    "0.8": [
        1.0
    ],
    "0.7": [
        1.0
    ],
    "0.6": [
        1.0
    ],
    "0.5": [
        1.0
    ],
    "0.4": [
        1.0
    ],
    "0.3": [
        1.0
    ],
    "0.2": [
        1.0
    ],
    "0.1": [
        null
    ]
}