{
    "inf": [
        0.782741116751269
    ],
    "2": [
        0.782741116751269
    ],
    "1.6": [
        0.8689547581903276
    ],
    "1.5": [
        0.9061224489795918
    ],
    "1.4": [
        0.9378378378378378
    ],
    "1.3": [
        0.953405017921147
    ],
    "1.2": [
        0.9567307692307693
    ],
    "1.1": [
        0.9622641509433962
    ],
    "0.9": [
        0.9764705882352941
    ],
    "0.8": [
        0.9836065573770492
    ],
    "0.7": [
        1.0
    ],
    "0.6": [
        1.0
    ],
    "0.5": [
        1.0
    ],
    "0.4": [
        1.0
    ],
    "0.3": [
        1.0
    ],
    "0.2": [
        1.0
    ],
    "0.1": [
        1.0
    ]
}