{
    "inf": [
        0.7786802030456853
    ],
    "2": [
        0.782741116751269
    ],
    "1.6": [
        0.8343483556638246
    ],
    "1.5": [
        0.8583106267029973
    ],
    "1.4": [
        0.8792048929663608
    ],
    "1.3": [
        0.8926746166950597
    ],
    "1.2": [
        0.9021113243761996
    ],
    "1.1": [
        0.9128540305010894
    ],
    "0.9": [
        0.9475218658892128
    ],
    "0.8": [
        0.9528619528619529
    ],
    "0.7": [
        0.9554655870445344
    ],
    "0.6": [
        0.9711538461538461
    ],
    "0.5": [
        0.96875
    ],
    "0.4": [
        0.9689922480620154
    ],
    "0.3": [
        0.9693877551020408
    ],
    "0.2": [
        0.9672131147540983
    ],
    "0.1": [
        1.0
    ]
}