{
    "inf": [
        0.7106598984771574
    ],
    "2": [
        0.7350253807106599
    ],
    "1.6": [
        0.9537037037037037
    ],
    "1.5": [
        0.8913043478260869
    ],
    "1.4": [
        0.9473684210526315
    ],
    "1.3": [
        1.0
    ],
    "1.2": [
        null
    ],
    "1.1": [
        null
    ],
    "0.9": [
        null
    ],
    "0.8": [
        null
    ],
    "0.7": [
        null
    ],
    "0.6": [
        null
    ],
    "0.5": [
        null
    ],
    "0.4": [
        null
    ],
    "0.3": [
        null
    ],
    "0.2": [
        null
    ],
    "0.1": [
        null
    ]
}