{
    "inf": [
        0.7817258883248731
    ],
    "2": [
        0.7817258883248731
    ],
    "1.6": [
        0.9323671497584541
    ],
    "1.5": [
        0.9369369369369369
    ],
    "1.4": [
        0.9454545454545454
    ],
    "1.3": [
        0.9393939393939394
    ],
    "1.2": [
        0.9
    ],
    "1.1": [
        1.0
    ],
    "0.9": [
        1.0
    ],
    "0.8": [
        1.0
    ],
    "0.7": [
        1.0
    ],
    "0.6": [
        1.0
    ],
    "0.5": [
        null
    ],
    "0.4": [
        null
    ],
    "0.3": [
        null
    ],
    "0.2": [
        null
    ],
    "0.1": [
        null
    ]
}