{
    "inf": [
        0.766497461928934
    ],
    "2": [
        0.766497461928934
    ],
    "1.6": [
        0.7954048140043763
    ],
    "1.5": [
        0.8238095238095238
    ],
    "1.4": [
        0.8441558441558441
    ],
    "1.3": [
        0.8638968481375359
    ],
    "1.2": [
        0.8873015873015873
    ],
    "1.1": [
        0.9019264448336253
    ],
    "0.9": [
        0.9207708779443254
    ],
    "0.8": [
        0.9318734793187348
    ],
    "0.7": [
        0.9482758620689655
    ],
    "0.6": [
        0.9590443686006825
    ],
    "0.5": [
        0.9541666666666667
    ],
    "0.4": [
        0.956989247311828
    ],
    "0.3": [
        0.9552238805970149
    ],
    "0.2": [
        0.9493670886075949
    ],
    "0.1": [
        1.0
    ]
}