{
    "inf": [
        0.7137055837563452
    ],
    "2": [
        0.7177664974619289
    ],
    "1.6": [
        0.9423076923076923
    ],
    "1.5": [
        0.9612676056338029
    ],
    "1.4": [
        0.9590909090909091
    ],
    "1.3": [
        0.9664429530201343
    ],
    "1.2": [
        0.9797979797979798
    ],
    "1.1": [
        1.0
    ],
    "0.9": [
        1.0
    ],
    "0.8": [
        1.0
    ],
    "0.7": [
        1.0
    ],
    "0.6": [
        1.0
    ],
    "0.5": [
        1.0
    ],
    "0.4": [
        1.0
    ],
    "0.3": [
        1.0
    ],
    "0.2": [
        1.0
    ],
    "0.1": [
        1.0
    ]
}