{
    "inf": [
        0.7654822335025381
    ],
    "2": [
        0.7634517766497462
    ],
    "1.6": [
        0.8163771712158809
    ],
    "1.5": [
        0.859882005899705
    ],
    "1.4": [
        0.8865248226950354
    ],
    "1.3": [
        0.9129511677282378
    ],
    "1.2": [
        0.9276807980049875
    ],
    "1.1": [
        0.9461077844311377
    ],
    "0.9": [
        0.9469387755102041
    ],
    "0.8": [
        0.9509803921568627
    ],
    "0.7": [
        0.963855421686747
    ],
    "0.6": [
        0.9754098360655737
    ],
    "0.5": [
        0.9761904761904762
    ],
    "0.4": [
        1.0
    ],
    "0.3": [
        1.0
    ],
    "0.2": [
        1.0
    ],
    "0.1": [
        1.0
    ]
}