{
    "inf": [
        0.7847715736040609
    ],
    "2": [
        0.7868020304568528
    ],
    "1.6": [
        0.8580814717477004
    ],
    "1.5": [
        0.898876404494382
    ],
    "1.4": [
        0.9317738791423001
    ],
    "1.3": [
        0.9453681710213777
    ],
    "1.2": [
        0.9466292134831461
    ],
    "1.1": [
        0.9550173010380623
    ],
    "0.9": [
        0.9736842105263158
    ],
    "0.8": [
        0.9854014598540146
    ],
    "0.7": [
        0.9906542056074766
    ],
    "0.6": [
        1.0
    ],
    "0.5": [
        1.0
    ],
    "0.4": [
        1.0
    ],
    "0.3": [
        1.0
    ],
    "0.2": [
        1.0
    ],
    "0.1": [
        1.0
    ]
}