{
    "inf": [
        0.7715736040609137
    ],
    "2": [
        0.7715736040609137
    ],
    "1.6": [
        0.8317757009345794
    ],
    "1.5": [
        0.8633217993079585
    ],
    "1.4": [
        0.8953229398663697
    ],
    "1.3": [
        0.923728813559322
    ],
    "1.2": [
        0.95
    ],
    "1.1": [
        0.9716981132075472
    ],
    "0.9": [
        0.9851851851851852
    ],
    "0.8": [
        0.9900990099009901
    ],
    "0.7": [
        1.0
    ],
    "0.6": [
        1.0
    ],
    "0.5": [
        1.0
    ],
    "0.4": [
        1.0
    ],
    "0.3": [
        1.0
    ],
    "0.2": [
        1.0
    ],
    "0.1": [
        null
    ]
}