{
    "inf": [
        0.7593908629441625
    ],
    "2": [
        0.7208121827411168
    ],
    "1.6": [
        0.96
    ],
    "1.5": [
        0.9622641509433962
    ],
    "1.4": [
        0.9655172413793104
    ],
    "1.3": [
        1.0
    ],
    "1.2": [
        1.0
    ],
    "1.1": [
        1.0
    ],
    "0.9": [
        1.0
    ],
    "0.8": [
        1.0
    ],
    "0.7": [
        1.0
    ],
    "0.6": [
        1.0
    ],
    "0.5": [
        null
    ],
    "0.4": [
        null
    ],
    "0.3": [
        null
    ],
    "0.2": [
        null
    ],
    "0.1": [
        null
    ]
}