{
    "inf": [
        0.8274111675126904
    ],
    "2": [
        0.8192893401015229
    ],
    "1.6": [
        0.8822085889570552
    ],
    "1.5": [
        0.8955223880597015
    ],
    "1.4": [
        0.9073529411764706
    ],
    "1.3": [
        0.9233278955954323
    ],
    "1.2": [
        0.9322638146167558
    ],
    "1.1": [
        0.9431372549019608
    ],
    "0.9": [
        0.9447236180904522
    ],
    "0.8": [
        0.9560117302052786
    ],
    "0.7": [
        0.9594594594594594
    ],
    "0.6": [
        0.9634146341463414
    ],
    "0.5": [
        0.9624413145539906
    ],
    "0.4": [
        0.9542857142857143
    ],
    "0.3": [
        0.9618320610687023
    ],
    "0.2": [
        0.989010989010989
    ],
    "0.1": [
        1.0
    ]
}