{
    "inf": [
        0.698477157360406
    ],
    "2": [
        0.7228426395939086
    ],
    "1.6": [
        0.9110169491525424
    ],
    "1.5": [
        0.90625
    ],
    "1.4": [
        0.9682539682539683
    ],
    "1.3": [
        0.9545454545454546
    ],
    "1.2": [
        1.0
    ],
    "1.1": [
        1.0
    ],
    "0.9": [
        1.0
    ],
    "0.8": [
        1.0
    ],
    "0.7": [
        null
    ],
    "0.6": [
        null
    ],
    "0.5": [
        null
    ],
    "0.4": [
        null
    ],
    "0.3": [
        null
    ],
    "0.2": [
        null
    ],
    "0.1": [
        null
    ]
}