{
    "inf": [
        0.8010152284263959
    ],
    "2": [
        0.7969543147208121
    ],
    "1.6": [
        0.8649318463444857
    ],
    "1.5": [
        0.873015873015873
    ],
    "1.4": [
        0.8839541547277937
    ],
    "1.3": [
        0.8940809968847352
    ],
    "1.2": [
        0.8991452991452992
    ],
    "1.1": [
        0.9104761904761904
    ],
    "0.9": [
        0.9254079254079254
    ],
    "0.8": [
        0.9322916666666666
    ],
    "0.7": [
        0.93993993993994
    ],
    "0.6": [
        0.9494949494949495
    ],
    "0.5": [
        0.951417004048583
    ],
    "0.4": [
        0.9560975609756097
    ],
    "0.3": [
        0.9741935483870968
    ],
    "0.2": [
        0.9809523809523809
    ],
    "0.1": [
        0.9803921568627451
    ]
}