{
    "inf": [
        0.8121827411167513
    ],
    "2": [
        0.8131979695431472
    ],
    "1.6": [
        0.8558030480656507
    ],
    "1.5": [
        0.8653846153846154
    ],
    "1.4": [
        0.8788732394366198
    ],
    "1.3": [
        0.8875379939209727
    ],
    "1.2": [
        0.8916256157635468
    ],
    "1.1": [
        0.9034608378870674
    ],
    "0.9": [
        0.9255813953488372
    ],
    "0.8": [
        0.9445910290237467
    ],
    "0.7": [
        0.9516616314199395
    ],
    "0.6": [
        0.9635036496350365
    ],
    "0.5": [
        0.9741379310344828
    ],
    "0.4": [
        0.9941860465116279
    ],
    "0.3": [
        1.0
    ],
    "0.2": [
        1.0
    ],
    "0.1": [
        1.0
    ]
}