{
    "inf": [
        0.7949238578680203
    ],
    "2": [
        0.7969543147208121
    ],
    "1.6": [
        0.8621553884711779
    ],
    "1.5": [
        0.8786610878661087
    ],
    "1.4": [
        0.904320987654321
    ],
    "1.3": [
        0.9169491525423729
    ],
    "1.2": [
        0.9273743016759777
    ],
    "1.1": [
        0.9363057324840764
    ],
    "0.9": [
        0.9661971830985916
    ],
    "0.8": [
        0.9657534246575342
    ],
    "0.7": [
        0.9661016949152542
    ],
    "0.6": [
        0.9690721649484536
    ],
    "0.5": [
        0.9710144927536232
    ],
    "0.4": [
        0.9787234042553191
    ],
    "0.3": [
        0.9848484848484849
    ],
    "0.2": [
        1.0
    ],
    "0.1": [
        1.0
    ]
}