{
    "inf": [
        0.751269035532995
    ],
    "2": [
        0.751269035532995
    ],
    "1.6": [
        0.7872832369942196
    ],
    "1.5": [
        0.8234519104084321
    ],
    "1.4": [
        0.8586626139817629
    ],
    "1.3": [
        0.8859180035650623
    ],
    "1.2": [
        0.9020833333333333
    ],
    "1.1": [
        0.9299516908212561
    ],
    "0.9": [
        0.956953642384106
    ],
    "0.8": [
        0.9607843137254902
    ],
    "0.7": [
        0.9704433497536946
    ],
    "0.6": [
        0.9753086419753086
    ],
    "0.5": [
        0.9830508474576272
    ],
    "0.4": [
        0.9887640449438202
    ],
    "0.3": [
        1.0
    ],
    "0.2": [
        1.0
    ],
    "0.1": [
        1.0
    ]
}