{
    "inf": [
        0.7614213197969543
    ],
    "2": [
        0.7614213197969543
    ],
    "1.6": [
        0.9012875536480687
    ],
    "1.5": [
        0.9177631578947368
    ],
    "1.4": [
        0.946078431372549
    ],
    "1.3": [
        0.9710144927536232
    ],
    "1.2": [
        0.9897959183673469
    ],
    "1.1": [
        0.9838709677419355
    ],
    "0.9": [
        1.0
    ],
    "0.8": [
        1.0
    ],
    "0.7": [
        1.0
    ],
    "0.6": [
        1.0
    ],
    "0.5": [
        1.0
    ],
    "0.4": [
        1.0
    ],
    "0.3": [
        null
    ],
    "0.2": [
        null
    ],
    "0.1": [
        null
    ]
}