{
    "inf": [
        0.7604060913705584
    ],
    "2": [
        0.7472081218274111
    ],
    "1.6": [
        0.9042553191489362
    ],
    "1.5": [
        0.9317269076305221
    ],
    "1.4": [
        0.9810126582278481
    ],
    "1.3": [
        1.0
    ],
    "1.2": [
        1.0
    ],
    "1.1": [
        1.0
    ],
    "0.9": [
        1.0
    ],
    "0.8": [
        1.0
    ],
    "0.7": [
        1.0
    ],
    "0.6": [
        1.0
    ],
    "0.5": [
        1.0
    ],
    "0.4": [
        1.0
    ],
    "0.3": [
        1.0
    ],
    "0.2": [
        1.0
    ],
    "0.1": [
        null
    ]
}