{
    "inf": [
        0.7776649746192893
    ],
    "2": [
        0.7786802030456853
    ],
    "1.6": [
        0.8181818181818182
    ],
    "1.5": [
        0.8448979591836735
    ],
    "1.4": [
        0.8789808917197452
    ],
    "1.3": [
        0.8939929328621908
    ],
    "1.2": [
        0.9036402569593148
    ],
    "1.1": [
        0.9073634204275535
    ],
    "0.9": [
        0.9525423728813559
    ],
    "0.8": [
        0.952191235059761
    ],
    "0.7": [
        0.966183574879227
    ],
    "0.6": [
        0.9644970414201184
    ],
    "0.5": [
        0.9754098360655737
    ],
    "0.4": [
        0.9882352941176471
    ],
    "0.3": [
        1.0
    ],
    "0.2": [
        1.0
    ],
    "0.1": [
        1.0
    ]
}