{
    "inf": [
        0.8030456852791878
    ],
    "2": [
        0.8071065989847716
    ],
    "1.6": [
        0.848851269649335
    ],
    "1.5": [
        0.8641160949868074
    ],
    "1.4": [
        0.8892171344165436
    ],
    "1.3": [
        0.9080459770114943
    ],
    "1.2": [
        0.9169611307420494
    ],
    "1.1": [
        0.9361702127659575
    ],
    "0.9": [
        0.946987951807229
    ],
    "0.8": [
        0.9597855227882037
    ],
    "0.7": [
        0.9634146341463414
    ],
    "0.6": [
        0.9647887323943662
    ],
    "0.5": [
        0.9661016949152542
    ],
    "0.4": [
        0.9781420765027322
    ],
    "0.3": [
        0.9844961240310077
    ],
    "0.2": [
        0.9873417721518988
    ],
    "0.1": [
        0.9696969696969697
    ]
}