{
    "inf": [
        0.7695431472081218
    ],
    "2": [
        0.766497461928934
    ],
    "1.6": [
        0.9175257731958762
    ],
    "1.5": [
        0.9530201342281879
    ],
    "1.4": [
        0.9533678756476683
    ],
    "1.3": [
        0.9761904761904762
    ],
    "1.2": [
        0.9772727272727273
    ],
    "1.1": [
        1.0
    ],
    "0.9": [
        1.0
    ],
    "0.8": [
        1.0
    ],
    "0.7": [
        1.0
    ],
    "0.6": [
        1.0
    ],
    "0.5": [
        1.0
    ],
    "0.4": [
        1.0
    ],
    "0.3": [
        1.0
    ],
    "0.2": [
        1.0
    ],
    "0.1": [
        1.0
    ]
}