{
    "inf": [
        0.7969543147208121
    ],
    "2": [
        0.7969543147208121
    ],
    "1.6": [
        0.823463687150838
    ],
    "1.5": [
        0.8351515151515152
    ],
    "1.4": [
        0.8625
    ],
    "1.3": [
        0.8865478119935171
    ],
    "1.2": [
        0.9059040590405905
    ],
    "1.1": [
        0.93058568329718
    ],
    "0.9": [
        0.961218836565097
    ],
    "0.8": [
        0.964968152866242
    ],
    "0.7": [
        0.9702602230483272
    ],
    "0.6": [
        0.9672897196261683
    ],
    "0.5": [
        0.9636363636363636
    ],
    "0.4": [
        0.9663865546218487
    ],
    "0.3": [
        0.975
    ],
    "0.2": [
        0.9705882352941176
    ],
    "0.1": [
        1.0
    ]
}