{
    "inf": [
        0.7898477157360406
    ],
    "2": [
        0.7898477157360406
    ],
    "1.6": [
        0.8125
    ],
    "1.5": [
        0.8345771144278606
    ],
    "1.4": [
        0.8541076487252125
    ],
    "1.3": [
        0.8818897637795275
    ],
    "1.2": [
        0.9019607843137255
    ],
    "1.1": [
        0.917004048582996
    ],
    "0.9": [
        0.9322916666666666
    ],
    "0.8": [
        0.9441176470588235
    ],
    "0.7": [
        0.950530035335689
    ],
    "0.6": [
        0.959349593495935
    ],
    "0.5": [
        0.95
    ],
    "0.4": [
        0.9703703703703703
    ],
    "0.3": [
        1.0
    ],
    "0.2": [
        1.0
    ],
    "0.1": [
        1.0
    ]
}