{
    "inf": [
        0.7817258883248731
    ],
    "2": [
        0.7918781725888325
    ],
    "1.6": [
        0.8375959079283888
    ],
    "1.5": [
        0.8820960698689956
    ],
    "1.4": [
        0.9025974025974026
    ],
    "1.3": [
        0.9242144177449169
    ],
    "1.2": [
        0.939203354297694
    ],
    "1.1": [
        0.9518348623853211
    ],
    "0.9": [
        0.9662576687116564
    ],
    "0.8": [
        0.9828178694158075
    ],
    "0.7": [
        0.9711934156378601
    ],
    "0.6": [
        0.9897959183673469
    ],
    "0.5": [
        0.9878048780487805
    ],
    "0.4": [
        1.0
    ],
    "0.3": [
        1.0
    ],
    "0.2": [
        1.0
    ],
    "0.1": [
        1.0
    ]
}