{
    "inf": [
        0.7573604060913706
    ],
    "2": [
        0.7573604060913706
    ],
    "1.6": [
        0.8383152173913043
    ],
    "1.5": [
        0.8870431893687708
    ],
    "1.4": [
        0.9175257731958762
    ],
    "1.3": [
        0.9308641975308642
    ],
    "1.2": [
        0.9393939393939394
    ],
    "1.1": [
        0.9444444444444444
    ],
    "0.9": [
        0.973404255319149
    ],
    "0.8": [
        0.9683544303797469
    ],
    "0.7": [
        0.976
    ],
    "0.6": [
        0.9775280898876404
    ],
    "0.5": [
        0.9649122807017544
    ],
    "0.4": [
        0.9444444444444444
    ],
    "0.3": [
        1.0
    ],
    "0.2": [
        1.0
    ],
    "0.1": [
        1.0
    ]
}