{
    "inf": [
        0.7786802030456853
    ],
    "2": [
        0.7685279187817259
    ],
    "1.6": [
        0.9666666666666667
    ],
    "1.5": [
        0.9651741293532339
    ],
    "1.4": [
        0.9826086956521739
    ],
    "1.3": [
        0.9883720930232558
    ],
    "1.2": [
        0.9777777777777777
    ],
    "1.1": [
        1.0
    ],
    "0.9": [
        1.0
    ],
    "0.8": [
        1.0
    ],
    "0.7": [
        1.0
    ],
    "0.6": [
        1.0
    ],
    "0.5": [
        1.0
    ],
    "0.4": [
        null
    ],
    "0.3": [
        null
    ],
    "0.2": [
        null
    ],
    "0.1": [
        null
    ]
}