{
    "inf": [
        0.8182741116751269
    ],
    "2": [
        0.8182741116751269
    ],
    "1.6": [
        0.8645320197044335
    ],
    "1.5": [
        0.8888888888888888
    ],
    "1.4": [
        0.9080996884735203
    ],
    "1.3": [
        0.9213675213675213
    ],
    "1.2": [
        0.9289719626168225
    ],
    "1.1": [
        0.9356846473029046
    ],
    "0.9": [
        0.9560439560439561
    ],
    "0.8": [
        0.9735099337748344
    ],
    "0.7": [
        0.9810606060606061
    ],
    "0.6": [
        0.9907407407407407
    ],
    "0.5": [
        0.9880239520958084
    ],
    "0.4": [
        0.9919354838709677
    ],
    "0.3": [
        0.9876543209876543
    ],
    "0.2": [
        0.972972972972973
    ],
    "0.1": [
        1.0
    ]
}