{
    "inf": [
        0.7025380710659899
    ],
    "2": [
        0.7309644670050761
    ],
    "1.6": [
        0.9211822660098522
    ],
    "1.5": [
        0.9813084112149533
    ],
    "1.4": [
        1.0
    ],
    "1.3": [
        1.0
    ],
    "1.2": [
        1.0
    ],
    "1.1": [
        1.0
    ],
    "0.9": [
        1.0
    ],
    "0.8": [
        1.0
    ],
    "0.7": [
        1.0
    ],
    "0.6": [
        1.0
    ],
    "0.5": [
        1.0
    ],
    "0.4": [
        null
    ],
    "0.3": [
        null
    ],
    "0.2": [
        null
    ],
    "0.1": [
        null
    ]
}