{
    "inf": [
        0.783756345177665
    ],
    "2": [
        0.782741116751269
    ],
    "1.6": [
        0.82063305978898
    ],
    "1.5": [
        0.8616010854816825
    ],
    "1.4": [
        0.8996815286624203
    ],
    "1.3": [
        0.9339449541284404
    ],
    "1.2": [
        0.9474835886214442
    ],
    "1.1": [
        0.9637305699481865
    ],
    "0.9": [
        0.9795918367346939
    ],
    "0.8": [
        0.9840637450199203
    ],
    "0.7": [
        0.9802955665024631
    ],
    "0.6": [
        0.9862068965517241
    ],
    "0.5": [
        0.9814814814814815
    ],
    "0.4": [
        0.9705882352941176
    ],
    "0.3": [
        0.9722222222222222
    ],
    "0.2": [
        0.9444444444444444
    ],
    "0.1": [
        1.0
    ]
}