{
    "inf": [
        0.7939086294416243
    ],
    "2": [
        0.7918781725888325
    ],
    "1.6": [
        0.9011976047904192
    ],
    "1.5": [
        0.9404761904761905
    ],
    "1.4": [
        0.9514066496163683
    ],
    "1.3": [
        0.9603960396039604
    ],
    "1.2": [
        0.979757085020243
    ],
    "1.1": [
        0.9796954314720813
    ],
    "0.9": [
        0.99
    ],
    "0.8": [
        0.9868421052631579
    ],
    "0.7": [
        0.9795918367346939
    ],
    "0.6": [
        0.9696969696969697
    ],
    "0.5": [
        0.9411764705882353
    ],
    "0.4": [
        0.9
    ],
    "0.3": [
        1.0
    ],
    "0.2": [
        1.0
    ],
    "0.1": [
        1.0
    ]
}