{
    "inf": [
        0.7319796954314721
    ],
    "2": [
        0.7319796954314721
    ],
    "1.6": [
        0.7859778597785978
    ],
    "1.5": [
        0.8140556368960469
    ],
    "1.4": [
        0.8421052631578947
    ],
    "1.3": [
        0.8737270875763747
    ],
    "1.2": [
        0.8943661971830986
    ],
    "1.1": [
        0.9069767441860465
    ],
    "0.9": [
        0.9205020920502092
    ],
    "0.8": [
        0.9281767955801105
    ],
    "0.7": [
        0.9562043795620438
    ],
    "0.6": [
        0.9789473684210527
    ],
    "0.5": [
        1.0
    ],
    "0.4": [
        1.0
    ],
    "0.3": [
        1.0
    ],
    "0.2": [
        1.0
    ],
    "0.1": [
        1.0
    ]
}