{
    "inf": [
        0.7817258883248731
    ],
    "2": [
        0.7817258883248731
    ],
    "1.6": [
        0.9034267912772586
    ],
    "1.5": [
        0.9390862944162437
    ],
    "1.4": [
        0.9416666666666667
    ],
    "1.3": [
        0.9523809523809523
    ],
    "1.2": [
        1.0
    ],
    "1.1": [
        1.0
    ],
    "0.9": [
        1.0
    ],
    "0.8": [
        1.0
    ],
    "0.7": [
        1.0
    ],
    "0.6": [
        1.0
    ],
    "0.5": [
        1.0
    ],
    "0.4": [
        null
    ],
    "0.3": [
        null
    ],
    "0.2": [
        null
    ],
    "0.1": [
        null
    ]
}