{
    "inf": [
        0.7228426395939086
    ],
    "2": [
        0.7147208121827411
    ],
    "1.6": [
        0.9207547169811321
    ],
    "1.5": [
        0.9661016949152542
    ],
    "1.4": [
        0.990909090909091
    ],
    "1.3": [
        0.9846153846153847
    ],
    "1.2": [
        1.0
    ],
    "1.1": [
        1.0
    ],
    "0.9": [
        1.0
    ],
    "0.8": [
        1.0
    ],
    "0.7": [
        1.0
    ],
    "0.6": [
        1.0
    ],
    "0.5": [
        null
    ],
    "0.4": [
        1.0
    ],
    "0.3": [
        1.0
    ],
    "0.2": [
        1.0
    ],
    "0.1": [
        null
    ]
}