{
    "inf": [
        0.8233502538071066
    ],
    "2": [
        0.8182741116751269
    ],
    "1.6": [
        0.8168724279835391
    ],
    "1.5": [
        0.8308977035490606
    ],
    "1.4": [
        0.8335123523093448
    ],
    "1.3": [
        0.8349619978284474
    ],
    "1.2": [
        0.8429378531073446
    ],
    "1.1": [
        0.8486612339930152
    ],
    "0.9": [
        0.8770595690747782
    ],
    "0.8": [
        0.8908122503328895
    ],
    "0.7": [
        0.9160636758321273
    ],
    "0.6": [
        0.91350531107739
    ],
    "0.5": [
        0.9276094276094277
    ],
    "0.4": [
        0.9330922242314648
    ],
    "0.3": [
        0.9373695198329853
    ],
    "0.2": [
        0.941320293398533
    ],
    "0.1": [
        0.9407894736842105
    ]
}