{
    "inf": [
        0.7928934010152284
    ],
    "2": [
        0.7928934010152284
    ],
    "1.6": [
        0.9198113207547169
    ],
    "1.5": [
        0.9475982532751092
    ],
    "1.4": [
        0.9444444444444444
    ],
    "1.3": [
        0.9529411764705882
    ],
    "1.2": [
        0.95
    ],
    "1.1": [
        0.9230769230769231
    ],
    "0.9": [
        0.9375
    ],
    "0.8": [
        1.0
    ],
    "0.7": [
        1.0
    ],
    "0.6": [
        1.0
    ],
    "0.5": [
        1.0
    ],
    "0.4": [
        1.0
    ],
    "0.3": [
        1.0
    ],
    "0.2": [
        1.0
    ],
    "0.1": [
        null
    ]
}