{
    "inf": [
        0.7269035532994924
    ],
    "2": [
        0.7644670050761422
    ],
    "1.6": [
        0.9071925754060325
    ],
    "1.5": [
        0.9440298507462687
    ],
    "1.4": [
        0.9414893617021277
    ],
    "1.3": [
        0.9811320754716981
    ],
    "1.2": [
        0.9855072463768116
    ],
    "1.1": [
        0.9777777777777777
    ],
    "0.9": [
        1.0
    ],
    "0.8": [
        1.0
    ],
    "0.7": [
        1.0
    ],
    "0.6": [
        1.0
    ],
    "0.5": [
        1.0
    ],
    "0.4": [
        1.0
    ],
    "0.3": [
        null
    ],
    "0.2": [
        null
    ],
    "0.1": [
        null
    ]
}