{
    "inf": [
        0.7776649746192893
    ],
    "2": [
        0.7776649746192893
    ],
    "1.6": [
        0.9425287356321839
    ],
    "1.5": [
        0.9574468085106383
    ],
    "1.4": [
        0.9659090909090909
    ],
    "1.3": [
        0.9555555555555556
    ],
    "1.2": [
        0.9354838709677419
    ],
    "1.1": [
        0.9545454545454546
    ],
    "0.9": [
        1.0
    ],
    "0.8": [
        1.0
    ],
    "0.7": [
        1.0
    ],
    "0.6": [
        1.0
    ],
    "0.5": [
        1.0
    ],
    "0.4": [
        null
    ],
    "0.3": [
        null
    ],
    "0.2": [
        null
    ],
    "0.1": [
        null
    ]
}