{
    "inf": [
        0.7888324873096447
    ],
    "2": [
        0.7878172588832487
    ],
    "1.6": [
        0.837708830548926
    ],
    "1.5": [
        0.8602442333785617
    ],
    "1.4": [
        0.8778625954198473
    ],
    "1.3": [
        0.900709219858156
    ],
    "1.2": [
        0.9094650205761317
    ],
    "1.1": [
        0.9178403755868545
    ],
    "0.9": [
        0.939799331103679
    ],
    "0.8": [
        0.9518072289156626
    ],
    "0.7": [
        0.9622641509433962
    ],
    "0.6": [
        0.9700598802395209
    ],
    "0.5": [
        0.96875
    ],
    "0.4": [
        0.9891304347826086
    ],
    "0.3": [
        1.0
    ],
    "0.2": [
        1.0
    ],
    "0.1": [
        1.0
    ]
}