{
    "inf": [
        0.7725888324873097
    ],
    "2": [
        0.7725888324873097
    ],
    "1.6": [
        0.7725888324873097
    ],
    "1.5": [
        0.7731434384537131
    ],
    "1.4": [
        0.7744897959183673
    ],
    "1.3": [
        0.7756147540983607
    ],
    "1.2": [
        0.7768595041322314
    ],
    "1.1": [
        0.7832460732984293
    ],
    "0.9": [
        0.7941176470588235
    ],
    "0.8": [
        0.807909604519774
    ],
    "0.7": [
        0.8257211538461539
    ],
    "0.6": [
        0.8443037974683544
    ],
    "0.5": [
        0.8609986504723347
    ],
    "0.4": [
        0.8737446197991392
    ],
    "0.3": [
        0.8814352574102964
    ],
    "0.2": [
        0.8927943760984183
    ],
    "0.1": [
        0.9118279569892473
    ]
}