{
    "inf": [
        0.7715736040609137
    ],
    "2": [
        0.7746192893401015
    ],
    "1.6": [
        0.8035714285714286
    ],
    "1.5": [
        0.8148148148148148
    ],
    "1.4": [
        0.8475783475783476
    ],
    "1.3": [
        0.8809917355371901
    ],
    "1.2": [
        0.8992395437262357
    ],
    "1.1": [
        0.9126637554585153
    ],
    "0.9": [
        0.9221902017291066
    ],
    "0.8": [
        0.935374149659864
    ],
    "0.7": [
        0.9407114624505929
    ],
    "0.6": [
        0.9504950495049505
    ],
    "0.5": [
        0.9518072289156626
    ],
    "0.4": [
        0.975609756097561
    ],
    "0.3": [
        0.975
    ],
    "0.2": [
        0.975
    ],
    "0.1": [
        1.0
    ]
}