{
    "inf": [
        0.7868020304568528
    ],
    "2": [
        0.7868020304568528
    ],
    "1.6": [
        0.7881873727087576
    ],
    "1.5": [
        0.8002070393374742
    ],
    "1.4": [
        0.8140540540540541
    ],
    "1.3": [
        0.8350282485875706
    ],
    "1.2": [
        0.8530465949820788
    ],
    "1.1": [
        0.8661518661518661
    ],
    "0.9": [
        0.8903703703703704
    ],
    "0.8": [
        0.912106135986733
    ],
    "0.7": [
        0.9221014492753623
    ],
    "0.6": [
        0.9307535641547862
    ],
    "0.5": [
        0.9393939393939394
    ],
    "0.4": [
        0.9475218658892128
    ],
    "0.3": [
        0.9563636363636364
    ],
    "0.2": [
        0.9666666666666667
    ],
    "0.1": [
        0.9919354838709677
    ]
}