{
    "inf": [
        0.8111675126903554
    ],
    "2": [
        0.8213197969543147
    ],
    "1.6": [
        0.8723684210526316
    ],
    "1.5": [
        0.8941877794336811
    ],
    "1.4": [
        0.9035947712418301
    ],
    "1.3": [
        0.9271028037383178
    ],
    "1.2": [
        0.9434782608695652
    ],
    "1.1": [
        0.9465648854961832
    ],
    "0.9": [
        0.9696969696969697
    ],
    "0.8": [
        0.9722222222222222
    ],
    "0.7": [
        0.9857142857142858
    ],
    "0.6": [
        0.9818181818181818
    ],
    "0.5": [
        0.9754098360655737
    ],
    "0.4": [
        0.9876543209876543
    ],
    "0.3": [
        0.9777777777777777
    ],
    "0.2": [
        0.96
    ],
    "0.1": [
        1.0
    ]
}