{
    "inf": [
        0.7401015228426396
    ],
    "2": [
        0.7472081218274111
    ],
    "1.6": [
        0.7857988165680473
    ],
    "1.5": [
        0.820054945054945
    ],
    "1.4": [
        0.8465189873417721
    ],
    "1.3": [
        0.8782287822878229
    ],
    "1.2": [
        0.9019189765458422
    ],
    "1.1": [
        0.9132530120481928
    ],
    "0.9": [
        0.9283489096573209
    ],
    "0.8": [
        0.9391634980988594
    ],
    "0.7": [
        0.9528301886792453
    ],
    "0.6": [
        0.96
    ],
    "0.5": [
        0.9701492537313433
    ],
    "0.4": [
        0.98989898989899
    ],
    "0.3": [
        0.9841269841269841
    ],
    "0.2": [
        0.96875
    ],
    "0.1": [
        1.0
    ]
}