{
    "inf": [
        0.8152284263959391
    ],
    "2": [
        0.8182741116751269
    ],
    "1.6": [
        0.8542168674698796
    ],
    "1.5": [
        0.8764629388816645
    ],
    "1.4": [
        0.9059334298118669
    ],
    "1.3": [
        0.9177215189873418
    ],
    "1.2": [
        0.9256637168141593
    ],
    "1.1": [
        0.9368836291913215
    ],
    "0.9": [
        0.9590361445783132
    ],
    "0.8": [
        0.9609375
    ],
    "0.7": [
        0.9634146341463414
    ],
    "0.6": [
        0.9680851063829787
    ],
    "0.5": [
        0.9663865546218487
    ],
    "0.4": [
        0.9680851063829787
    ],
    "0.3": [
        0.971830985915493
    ],
    "0.2": [
        0.968421052631579
    ],
    "0.1": [
        1.0
    ]
}