{
    "inf": [
        0.8030456852791878
    ],
    "2": [
        0.8020304568527918
    ],
    "1.6": [
        0.8720200752823086
    ],
    "1.5": [
        0.8908839779005525
    ],
    "1.4": [
        0.9049844236760125
    ],
    "1.3": [
        0.9239864864864865
    ],
    "1.2": [
        0.9253187613843351
    ],
    "1.1": [
        0.946058091286307
    ],
    "0.9": [
        0.9581151832460733
    ],
    "0.8": [
        0.9640718562874252
    ],
    "0.7": [
        0.96875
    ],
    "0.6": [
        0.9752066115702479
    ],
    "0.5": [
        0.985
    ],
    "0.4": [
        0.9818181818181818
    ],
    "0.3": [
        0.9834710743801653
    ],
    "0.2": [
        1.0
    ],
    "0.1": [
        1.0
    ]
}