{
    "inf": [
        0.7969543147208121
    ],
    "2": [
        0.7979695431472081
    ],
    "1.6": [
        0.8513011152416357
    ],
    "1.5": [
        0.8683853459972863
    ],
    "1.4": [
        0.8872180451127819
    ],
    "1.3": [
        0.8957983193277311
    ],
    "1.2": [
        0.9094202898550725
    ],
    "1.1": [
        0.9221311475409836
    ],
    "0.9": [
        0.9298701298701298
    ],
    "0.8": [
        0.9408284023668639
    ],
    "0.7": [
        0.9482758620689655
    ],
    "0.6": [
        0.9566929133858267
    ],
    "0.5": [
        0.9656862745098039
    ],
    "0.4": [
        0.9872611464968153
    ],
    "0.3": [
        0.991869918699187
    ],
    "0.2": [
        1.0
    ],
    "0.1": [
        1.0
    ]
}