{
    "inf": [
        0.8020304568527918
    ],
    "2": [
        0.8040609137055837
    ],
    "1.6": [
        0.8573170731707317
    ],
    "1.5": [
        0.871313672922252
    ],
    "1.4": [
        0.886736214605067
    ],
    "1.3": [
        0.9008403361344538
    ],
    "1.2": [
        0.915129151291513
    ],
    "1.1": [
        0.9360824742268041
    ],
    "0.9": [
        0.9573333333333334
    ],
    "0.8": [
        0.9647435897435898
    ],
    "0.7": [
        0.9664179104477612
    ],
    "0.6": [
        0.972972972972973
    ],
    "0.5": [
        0.9757575757575757
    ],
    "0.4": [
        0.9770992366412213
    ],
    "0.3": [
        0.9897959183673469
    ],
    "0.2": [
        1.0
    ],
    "0.1": [
        1.0
    ]
}