{
    "inf": [
        0.8284263959390863
    ],
    "2": [
        0.8284263959390863
    ],
    "1.6": [
        0.8387776606954689
    ],
    "1.5": [
        0.8446601941747572
    ],
    "1.4": [
        0.85
    ],
    "1.3": [
        0.8707799767171129
    ],
    "1.2": [
        0.8695652173913043
    ],
    "1.1": [
        0.8776796973518285
    ],
    "0.9": [
        0.9126074498567335
    ],
    "0.8": [
        0.9254843517138599
    ],
    "0.7": [
        0.9310897435897436
    ],
    "0.6": [
        0.9480069324090121
    ],
    "0.5": [
        0.9550561797752809
    ],
    "0.4": [
        0.9556451612903226
    ],
    "0.3": [
        0.9622222222222222
    ],
    "0.2": [
        0.9711286089238845
    ],
    "0.1": [
        0.9732441471571907
    ]
}