{
    "inf": [
        0.8121827411167513
    ],
    "2": [
        0.8121827411167513
    ],
    "1.6": [
        0.9348739495798319
    ],
    "1.5": [
        0.9539473684210527
    ],
    "1.4": [
        0.9702970297029703
    ],
    "1.3": [
        0.9858156028368794
    ],
    "1.2": [
        1.0
    ],
    "1.1": [
        1.0
    ],
    "0.9": [
        1.0
    ],
    "0.8": [
        1.0
    ],
    "0.7": [
        1.0
    ],
    "0.6": [
        1.0
    ],
    "0.5": [
        1.0
    ],
    "0.4": [
        1.0
    ],
    "0.3": [
        1.0
    ],
    "0.2": [
        null
    ],
    "0.1": [
        null
    ]
}