{
    "inf": [
        0.7918781725888325
    ],
    "2": [
        0.7918781725888325
    ],
    "1.6": [
        0.8887195121951219
    ],
    "1.5": [
        0.9148514851485149
    ],
    "1.4": [
        0.9422572178477691
    ],
    "1.3": [
        0.9536423841059603
    ],
    "1.2": [
        0.960352422907489
    ],
    "1.1": [
        0.9764705882352941
    ],
    "0.9": [
        0.9782608695652174
    ],
    "0.8": [
        0.9861111111111112
    ],
    "0.7": [
        0.9772727272727273
    ],
    "0.6": [
        1.0
    ],
    "0.5": [
        1.0
    ],
    "0.4": [
        1.0
    ],
    "0.3": [
        1.0
    ],
    "0.2": [
        1.0
    ],
    "0.1": [
        null
    ]
}