{
    "inf": [
        0.7928934010152284
    ],
    "2": [
        0.7918781725888325
    ],
    "1.6": [
        0.8395209580838323
    ],
    "1.5": [
        0.8501291989664083
    ],
    "1.4": [
        0.8678977272727273
    ],
    "1.3": [
        0.8841463414634146
    ],
    "1.2": [
        0.8991735537190083
    ],
    "1.1": [
        0.9188191881918819
    ],
    "0.9": [
        0.9347826086956522
    ],
    "0.8": [
        0.9445843828715366
    ],
    "0.7": [
        0.9541547277936963
    ],
    "0.6": [
        0.9570957095709571
    ],
    "0.5": [
        0.9717741935483871
    ],
    "0.4": [
        0.9748743718592965
    ],
    "0.3": [
        0.9797297297297297
    ],
    "0.2": [
        0.9705882352941176
    ],
    "0.1": [
        0.9574468085106383
    ]
}