{
    "inf": [
        0.7979695431472081
    ],
    "2": [
        0.8040609137055837
    ],
    "1.6": [
        0.8402860548271752
    ],
    "1.5": [
        0.8536585365853658
    ],
    "1.4": [
        0.8746397694524496
    ],
    "1.3": [
        0.8816
    ],
    "1.2": [
        0.8931159420289855
    ],
    "1.1": [
        0.8940677966101694
    ],
    "0.9": [
        0.9197860962566845
    ],
    "0.8": [
        0.952076677316294
    ],
    "0.7": [
        0.9630996309963099
    ],
    "0.6": [
        0.9699570815450643
    ],
    "0.5": [
        0.9689119170984456
    ],
    "0.4": [
        0.9790209790209791
    ],
    "0.3": [
        0.9910714285714286
    ],
    "0.2": [
        1.0
    ],
    "0.1": [
        1.0
    ]
}