{
    "inf": [
        0.8
    ],
    "2": [
        0.7979695431472081
    ],
    "1.6": [
        0.8353510895883777
    ],
    "1.5": [
        0.8641456582633054
    ],
    "1.4": [
        0.8772802653399668
    ],
    "1.3": [
        0.9129593810444874
    ],
    "1.2": [
        0.9260969976905312
    ],
    "1.1": [
        0.9357541899441341
    ],
    "0.9": [
        0.9711934156378601
    ],
    "0.8": [
        0.97
    ],
    "0.7": [
        0.9764705882352941
    ],
    "0.6": [
        1.0
    ],
    "0.5": [
        1.0
    ],
    "0.4": [
        1.0
    ],
    "0.3": [
        1.0
    ],
    "0.2": [
        1.0
    ],
    "0.1": [
        1.0
    ]
}