{
    "inf": [
        0.7543147208121828
    ],
    "2": [
        0.7543147208121828
    ],
    "1.6": [
        0.8600953895071543
    ],
    "1.5": [
        0.9042553191489362
    ],
    "1.4": [
        0.935933147632312
    ],
    "1.3": [
        0.946236559139785
    ],
    "1.2": [
        0.9592760180995475
    ],
    "1.1": [
        0.9575757575757575
    ],
    "0.9": [
        0.96
    ],
    "0.8": [
        0.9722222222222222
    ],
    "0.7": [
        0.9607843137254902
    ],
    "0.6": [
        0.9393939393939394
    ],
    "0.5": [
        0.9130434782608695
    ],
    "0.4": [
        0.8181818181818182
    ],
    "0.3": [
        0.8571428571428571
    ],
    "0.2": [
        0.8
    ],
    "0.1": [
        1.0
    ]
}