{
    "inf": [
        0.7959390862944162
    ],
    "2": [
        0.7959390862944162
    ],
    "1.6": [
        0.8541409147095179
    ],
    "1.5": [
        0.9015918958031838
    ],
    "1.4": [
        0.9325259515570934
    ],
    "1.3": [
        0.940677966101695
    ],
    "1.2": [
        0.9581151832460733
    ],
    "1.1": [
        0.9715189873417721
    ],
    "0.9": [
        0.9770642201834863
    ],
    "0.8": [
        0.9831460674157303
    ],
    "0.7": [
        0.9856115107913669
    ],
    "0.6": [
        0.9797979797979798
    ],
    "0.5": [
        0.9743589743589743
    ],
    "0.4": [
        0.9583333333333334
    ],
    "0.3": [
        0.9583333333333334
    ],
    "0.2": [
        0.8888888888888888
    ],
    "0.1": [
        1.0
    ]
}