{
    "inf": [
        0.7116751269035533
    ],
    "2": [
        0.7208121827411168
    ],
    "1.6": [
        0.9230769230769231
    ],
    "1.5": [
        0.9349593495934959
    ],
    "1.4": [
        0.9622641509433962
    ],
    "1.3": [
        0.9354838709677419
    ],
    "1.2": [
        0.8571428571428571
    ],
    "1.1": [
        0.875
    ],
    "0.9": [
        0.75
    ],
    "0.8": [
        0.5
    ],
    "0.7": [
        null
    ],
    "0.6": [
        null
    ],
    "0.5": [
        null
    ],
    "0.4": [
        null
    ],
    "0.3": [
        null
    ],
    "0.2": [
        null
    ],
    "0.1": [
        null
    ]
}