{
    "inf": [
        0.817258883248731
    ],
    "2": [
        0.8223350253807107
    ],
    "1.6": [
        0.8518072289156626
    ],
    "1.5": [
        0.8664072632944229
    ],
    "1.4": [
        0.8811881188118812
    ],
    "1.3": [
        0.8936825885978429
    ],
    "1.2": [
        0.9018302828618968
    ],
    "1.1": [
        0.9162112932604736
    ],
    "0.9": [
        0.9250535331905781
    ],
    "0.8": [
        0.9425837320574163
    ],
    "0.7": [
        0.9591280653950953
    ],
    "0.6": [
        0.9658385093167702
    ],
    "0.5": [
        0.974910394265233
    ],
    "0.4": [
        0.9826839826839827
    ],
    "0.3": [
        0.9942196531791907
    ],
    "0.2": [
        1.0
    ],
    "0.1": [
        1.0
    ]
}