{
    "inf": [
        0.7959390862944162
    ],
    "2": [
        0.8
    ],
    "1.6": [
        0.8672680412371134
    ],
    "1.5": [
        0.8847222222222222
    ],
    "1.4": [
        0.8972809667673716
    ],
    "1.3": [
        0.9093851132686084
    ],
    "1.2": [
        0.9143356643356644
    ],
    "1.1": [
        0.9271653543307087
    ],
    "0.9": [
        0.9425287356321839
    ],
    "0.8": [
        0.9564102564102565
    ],
    "0.7": [
        0.9558823529411765
    ],
    "0.6": [
        0.9761904761904762
    ],
    "0.5": [
        0.9748953974895398
    ],
    "0.4": [
        0.9702970297029703
    ],
    "0.3": [
        0.9865771812080537
    ],
    "0.2": [
        0.9891304347826086
    ],
    "0.1": [
        1.0
    ]
}