{
    "inf": [
        0.7715736040609137
    ],
    "2": [
        0.7715736040609137
    ],
    "1.6": [
        0.8683001531393568
    ],
    "1.5": [
        0.9005964214711729
    ],
    "1.4": [
        0.9476439790575916
    ],
    "1.3": [
        0.9627118644067797
    ],
    "1.2": [
        0.9737991266375546
    ],
    "1.1": [
        0.9837837837837838
    ],
    "0.9": [
        0.9821428571428571
    ],
    "0.8": [
        0.9876543209876543
    ],
    "0.7": [
        1.0
    ],
    "0.6": [
        1.0
    ],
    "0.5": [
        1.0
    ],
    "0.4": [
        1.0
    ],
    "0.3": [
        1.0
    ],
    "0.2": [
        1.0
    ],
    "0.1": [
        1.0
    ]
}