{
    "inf": [
        0.8
    ],
    "2": [
        0.8050761421319796
    ],
    "1.6": [
        0.845873786407767
    ],
    "1.5": [
        0.8613333333333333
    ],
    "1.4": [
        0.8864306784660767
    ],
    "1.3": [
        0.900990099009901
    ],
    "1.2": [
        0.916058394160584
    ],
    "1.1": [
        0.9288617886178862
    ],
    "0.9": [
        0.9454094292803971
    ],
    "0.8": [
        0.9534883720930233
    ],
    "0.7": [
        0.9527027027027027
    ],
    "0.6": [
        0.9663865546218487
    ],
    "0.5": [
        0.9754901960784313
    ],
    "0.4": [
        0.9935897435897436
    ],
    "0.3": [
        1.0
    ],
    "0.2": [
        1.0
    ],
    "0.1": [
        1.0
    ]
}