{
    "inf": [
        0.7847715736040609
    ],
    "2": [
        0.7847715736040609
    ],
    "1.6": [
        0.8189158016147635
    ],
    "1.5": [
        0.8387096774193549
    ],
    "1.4": [
        0.8687315634218289
    ],
    "1.3": [
        0.8920741989881956
    ],
    "1.2": [
        0.9076620825147348
    ],
    "1.1": [
        0.9191011235955057
    ],
    "0.9": [
        0.9427609427609428
    ],
    "0.8": [
        0.9554655870445344
    ],
    "0.7": [
        0.9693877551020408
    ],
    "0.6": [
        0.9741935483870968
    ],
    "0.5": [
        0.9831932773109243
    ],
    "0.4": [
        0.978021978021978
    ],
    "0.3": [
        0.9821428571428571
    ],
    "0.2": [
        0.9696969696969697
    ],
    "0.1": [
        1.0
    ]
}