{
    "inf": [
        0.7532994923857868
    ],
    "2": [
        0.749238578680203
    ],
    "1.6": [
        0.8494318181818182
    ],
    "1.5": [
        0.9028776978417267
    ],
    "1.4": [
        0.9334862385321101
    ],
    "1.3": [
        0.9454545454545454
    ],
    "1.2": [
        0.9473684210526315
    ],
    "1.1": [
        0.9641255605381166
    ],
    "0.9": [
        0.9784172661870504
    ],
    "0.8": [
        0.9791666666666666
    ],
    "0.7": [
        0.9696969696969697
    ],
    "0.6": [
        0.9772727272727273
    ],
    "0.5": [
        1.0
    ],
    "0.4": [
        1.0
    ],
    "0.3": [
        1.0
    ],
    "0.2": [
        1.0
    ],
    "0.1": [
        1.0
    ]
}