{
    "inf": [
        0.7979695431472081
    ],
    "2": [
        0.8020304568527918
    ],
    "1.6": [
        0.8551810237203495
    ],
    "1.5": [
        0.8704225352112676
    ],
    "1.4": [
        0.8852201257861635
    ],
    "1.3": [
        0.8996539792387543
    ],
    "1.2": [
        0.9122137404580153
    ],
    "1.1": [
        0.9193899782135077
    ],
    "0.9": [
        0.9498525073746312
    ],
    "0.8": [
        0.9533333333333334
    ],
    "0.7": [
        0.9543726235741445
    ],
    "0.6": [
        0.9565217391304348
    ],
    "0.5": [
        0.9747474747474747
    ],
    "0.4": [
        0.9741935483870968
    ],
    "0.3": [
        0.9814814814814815
    ],
    "0.2": [
        0.9830508474576272
    ],
    "0.1": [
        1.0
    ]
}