{
    "inf": [
        0.7979695431472081
    ],
    "2": [
        0.7979695431472081
    ],
    "1.6": [
        0.8250825082508251
    ],
    "1.5": [
        0.8433014354066986
    ],
    "1.4": [
        0.8721399730820996
    ],
    "1.3": [
        0.8961832061068702
    ],
    "1.2": [
        0.9237588652482269
    ],
    "1.1": [
        0.9353535353535354
    ],
    "0.9": [
        0.9639175257731959
    ],
    "0.8": [
        0.9665653495440729
    ],
    "0.7": [
        0.9747292418772563
    ],
    "0.6": [
        0.96875
    ],
    "0.5": [
        0.9833333333333333
    ],
    "0.4": [
        1.0
    ],
    "0.3": [
        1.0
    ],
    "0.2": [
        1.0
    ],
    "0.1": [
        1.0
    ]
}