{
    "inf": [
        0.7807106598984772
    ],
    "2": [
        0.7796954314720812
    ],
    "1.6": [
        0.88379705400982
    ],
    "1.5": [
        0.9227373068432672
    ],
    "1.4": [
        0.9588235294117647
    ],
    "1.3": [
        0.9619771863117871
    ],
    "1.2": [
        0.9701492537313433
    ],
    "1.1": [
        0.9806451612903225
    ],
    "0.9": [
        0.9887640449438202
    ],
    "0.8": [
        0.9850746268656716
    ],
    "0.7": [
        0.9722222222222222
    ],
    "0.6": [
        0.9565217391304348
    ],
    "0.5": [
        0.9333333333333333
    ],
    "0.4": [
        0.9
    ],
    "0.3": [
        1.0
    ],
    "0.2": [
        1.0
    ],
    "0.1": [
        1.0
    ]
}