{
    "inf": [
        0.7888324873096447
    ],
    "2": [
        0.7888324873096447
    ],
    "1.6": [
        0.8124293785310734
    ],
    "1.5": [
        0.8467432950191571
    ],
    "1.4": [
        0.8721461187214612
    ],
    "1.3": [
        0.8914185639229422
    ],
    "1.2": [
        0.9118852459016393
    ],
    "1.1": [
        0.927860696517413
    ],
    "0.9": [
        0.9469964664310954
    ],
    "0.8": [
        0.957983193277311
    ],
    "0.7": [
        0.96
    ],
    "0.6": [
        0.9506172839506173
    ],
    "0.5": [
        0.96
    ],
    "0.4": [
        0.9555555555555556
    ],
    "0.3": [
        1.0
    ],
    "0.2": [
        1.0
    ],
    "0.1": [
        1.0
    ]
}