{
    "inf": [
        0.7766497461928934
    ],
    "2": [
        0.7766497461928934
    ],
    "1.6": [
        0.8415094339622642
    ],
    "1.5": [
        0.8770614692653673
    ],
    "1.4": [
        0.902135231316726
    ],
    "1.3": [
        0.9204301075268817
    ],
    "1.2": [
        0.9289340101522843
    ],
    "1.1": [
        0.941358024691358
    ],
    "0.9": [
        0.9681818181818181
    ],
    "0.8": [
        0.9772727272727273
    ],
    "0.7": [
        1.0
    ],
    "0.6": [
        1.0
    ],
    "0.5": [
        1.0
    ],
    "0.4": [
        1.0
    ],
    "0.3": [
        1.0
    ],
    "0.2": [
        1.0
    ],
    "0.1": [
        1.0
    ]
}