{
    "inf": [
        0.8223350253807107
    ],
    "2": [
        0.817258883248731
    ],
    "1.6": [
        0.8537170263788969
    ],
    "1.5": [
        0.8801054018445322
    ],
    "1.4": [
        0.9019607843137255
    ],
    "1.3": [
        0.9095477386934674
    ],
    "1.2": [
        0.9288461538461539
    ],
    "1.1": [
        0.9376344086021505
    ],
    "0.9": [
        0.9493670886075949
    ],
    "0.8": [
        0.952112676056338
    ],
    "0.7": [
        0.9516129032258065
    ],
    "0.6": [
        0.9649805447470817
    ],
    "0.5": [
        0.9674418604651163
    ],
    "0.4": [
        0.9709302325581395
    ],
    "0.3": [
        0.9767441860465116
    ],
    "0.2": [
        0.9879518072289156
    ],
    "0.1": [
        0.975
    ]
}