{
    "inf": [
        0.7715736040609137
    ],
    "2": [
        0.7736040609137056
    ],
    "1.6": [
        0.9487179487179487
    ],
    "1.5": [
        0.9471153846153846
    ],
    "1.4": [
        0.9722222222222222
    ],
    "1.3": [
        0.9555555555555556
    ],
    "1.2": [
        0.9672131147540983
    ],
    "1.1": [
        0.972972972972973
    ],
    "0.9": [
        0.9230769230769231
    ],
    "0.8": [
        0.9
    ],
    "0.7": [
        1.0
    ],
    "0.6": [
        1.0
    ],
    "0.5": [
        1.0
    ],
    "0.4": [
        1.0
    ],
    "0.3": [
        1.0
    ],
    "0.2": [
        null
    ],
    "0.1": [
        null
    ]
}