{
    "inf": [
        0.7350253807106599
    ],
    "2": [
        0.7319796954314721
    ],
    "1.6": [
        0.7916666666666666
    ],
    "1.5": [
        0.8386075949367089
    ],
    "1.4": [
        0.8571428571428571
    ],
    "1.3": [
        0.9046511627906977
    ],
    "1.2": [
        0.9228650137741047
    ],
    "1.1": [
        0.9348534201954397
    ],
    "0.9": [
        0.9494949494949495
    ],
    "0.8": [
        0.9512195121951219
    ],
    "0.7": [
        0.9603174603174603
    ],
    "0.6": [
        0.97
    ],
    "0.5": [
        0.9848484848484849
    ],
    "0.4": [
        0.9736842105263158
    ],
    "0.3": [
        0.9545454545454546
    ],
    "0.2": [
        1.0
    ],
    "0.1": [
        1.0
    ]
}