{
    "inf": [
        0.7543147208121828
    ],
    "2": [
        0.7543147208121828
    ],
    "1.6": [
        0.908433734939759
    ],
    "1.5": [
        0.9522058823529411
    ],
    "1.4": [
        0.967032967032967
    ],
    "1.3": [
        0.9765625
    ],
    "1.2": [
        0.9772727272727273
    ],
    "1.1": [
        0.9701492537313433
    ],
    "0.9": [
        0.9583333333333334
    ],
    "0.8": [
        1.0
    ],
    "0.7": [
        1.0
    ],
    "0.6": [
        1.0
    ],
    "0.5": [
        1.0
    ],
    "0.4": [
        1.0
    ],
    "0.3": [
        1.0
    ],
    "0.2": [
        1.0
    ],
    "0.1": [
        1.0
    ]
}