{
    "inf": [
        0.7634517766497462
    ],
    "2": [
        0.7401015228426396
    ],
    "1.6": [
        0.927170868347339
    ],
    "1.5": [
        0.9338842975206612
    ],
    "1.4": [
        0.9477611940298507
    ],
    "1.3": [
        0.9550561797752809
    ],
    "1.2": [
        0.925
    ],
    "1.1": [
        0.8928571428571429
    ],
    "0.9": [
        1.0
    ],
    "0.8": [
        1.0
    ],
    "0.7": [
        1.0
    ],
    "0.6": [
        1.0
    ],
    "0.5": [
        null
    ],
    "0.4": [
        null
    ],
    "0.3": [
        null
    ],
    "0.2": [
        null
    ],
    "0.1": [
        null
    ]
}