{
    "inf": [
        0.76751269035533
    ],
    "2": [
        0.76751269035533
    ],
    "1.6": [
        0.8130733944954128
    ],
    "1.5": [
        0.8492268041237113
    ],
    "1.4": [
        0.87627365356623
    ],
    "1.3": [
        0.9013377926421404
    ],
    "1.2": [
        0.9108527131782945
    ],
    "1.1": [
        0.9244444444444444
    ],
    "0.9": [
        0.9431137724550899
    ],
    "0.8": [
        0.9471830985915493
    ],
    "0.7": [
        0.957983193277311
    ],
    "0.6": [
        0.9644670050761421
    ],
    "0.5": [
        0.958904109589041
    ],
    "0.4": [
        0.9541284403669725
    ],
    "0.3": [
        0.9850746268656716
    ],
    "0.2": [
        0.972972972972973
    ],
    "0.1": [
        1.0
    ]
}