{
    "inf": [
        0.8050761421319796
    ],
    "2": [
        0.8081218274111676
    ],
    "1.6": [
        0.8556701030927835
    ],
    "1.5": [
        0.8734177215189873
    ],
    "1.4": [
        0.8944881889763779
    ],
    "1.3": [
        0.9180035650623886
    ],
    "1.2": [
        0.9334637964774951
    ],
    "1.1": [
        0.9389978213507625
    ],
    "0.9": [
        0.9608355091383812
    ],
    "0.8": [
        0.956140350877193
    ],
    "0.7": [
        0.9586206896551724
    ],
    "0.6": [
        0.96484375
    ],
    "0.5": [
        0.9716981132075472
    ],
    "0.4": [
        0.9636363636363636
    ],
    "0.3": [
        0.9831932773109243
    ],
    "0.2": [
        0.9876543209876543
    ],
    "0.1": [
        0.9722222222222222
    ]
}