{
    "inf": [
        0.8274111675126904
    ],
    "2": [
        0.8284263959390863
    ],
    "1.6": [
        0.8618181818181818
    ],
    "1.5": [
        0.875
    ],
    "1.4": [
        0.8980797636632201
    ],
    "1.3": [
        0.9137380191693291
    ],
    "1.2": [
        0.9283154121863799
    ],
    "1.1": [
        0.9346534653465347
    ],
    "0.9": [
        0.9385749385749386
    ],
    "0.8": [
        0.9510869565217391
    ],
    "0.7": [
        0.949685534591195
    ],
    "0.6": [
        0.9511278195488722
    ],
    "0.5": [
        0.9634703196347032
    ],
    "0.4": [
        0.963855421686747
    ],
    "0.3": [
        0.9761904761904762
    ],
    "0.2": [
        0.9876543209876543
    ],
    "0.1": [
        1.0
    ]
}