{
    "inf": [
        0.7928934010152284
    ],
    "2": [
        0.7928934010152284
    ],
    "1.6": [
        0.8720112517580872
    ],
    "1.5": [
        0.8934280639431617
    ],
    "1.4": [
        0.9248291571753986
    ],
    "1.3": [
        0.9444444444444444
    ],
    "1.2": [
        0.9515570934256056
    ],
    "1.1": [
        0.960352422907489
    ],
    "0.9": [
        0.9855072463768116
    ],
    "0.8": [
        1.0
    ],
    "0.7": [
        1.0
    ],
    "0.6": [
        1.0
    ],
    "0.5": [
        1.0
    ],
    "0.4": [
        1.0
    ],
    "0.3": [
        1.0
    ],
    "0.2": [
        1.0
    ],
    "0.1": [
        1.0
    ]
}