{
    "inf": [
        0.7817258883248731
    ],
    "2": [
        0.7817258883248731
    ],
    "1.6": [
        0.8252314814814815
    ],
    "1.5": [
        0.8426527958387516
    ],
    "1.4": [
        0.86608442503639
    ],
    "1.3": [
        0.887987012987013
    ],
    "1.2": [
        0.9149722735674677
    ],
    "1.1": [
        0.9254385964912281
    ],
    "0.9": [
        0.9380530973451328
    ],
    "0.8": [
        0.9397163120567376
    ],
    "0.7": [
        0.9458333333333333
    ],
    "0.6": [
        0.9558823529411765
    ],
    "0.5": [
        0.967741935483871
    ],
    "0.4": [
        0.9615384615384616
    ],
    "0.3": [
        0.9824561403508771
    ],
    "0.2": [
        1.0
    ],
    "0.1": [
        1.0
    ]
}