{
    "inf": [
        0.7299492385786802
    ],
    "2": [
        0.766497461928934
    ],
    "1.6": [
        0.918429003021148
    ],
    "1.5": [
        0.9354838709677419
    ],
    "1.4": [
        0.9663865546218487
    ],
    "1.3": [
        0.9605263157894737
    ],
    "1.2": [
        0.9636363636363636
    ],
    "1.1": [
        0.9666666666666667
    ],
    "0.9": [
        1.0
    ],
    "0.8": [
        1.0
    ],
    "0.7": [
        1.0
    ],
    "0.6": [
        null
    ],
    "0.5": [
        null
    ],
    "0.4": [
        null
    ],
    "0.3": [
        null
    ],
    "0.2": [
        null
    ],
    "0.1": [
        null
    ]
}