{
    "inf": [
        0.7939086294416243
    ],
    "2": [
        0.7949238578680203
    ],
    "1.6": [
        0.8218714768883878
    ],
    "1.5": [
        0.8478260869565217
    ],
    "1.4": [
        0.8717579250720461
    ],
    "1.3": [
        0.8983333333333333
    ],
    "1.2": [
        0.9182879377431906
    ],
    "1.1": [
        0.9304932735426009
    ],
    "0.9": [
        0.9316770186335404
    ],
    "0.8": [
        0.9365671641791045
    ],
    "0.7": [
        0.9444444444444444
    ],
    "0.6": [
        0.9482758620689655
    ],
    "0.5": [
        0.9590163934426229
    ],
    "0.4": [
        1.0
    ],
    "0.3": [
        1.0
    ],
    "0.2": [
        1.0
    ],
    "0.1": [
        1.0
    ]
}