{
    "inf": [
        0.7715736040609137
    ],
    "2": [
        0.7715736040609137
    ],
    "1.6": [
        0.8944337811900192
    ],
    "1.5": [
        0.9224137931034483
    ],
    "1.4": [
        0.9274193548387096
    ],
    "1.3": [
        0.935672514619883
    ],
    "1.2": [
        0.9541984732824428
    ],
    "1.1": [
        0.9595959595959596
    ],
    "0.9": [
        0.9814814814814815
    ],
    "0.8": [
        0.9696969696969697
    ],
    "0.7": [
        0.9615384615384616
    ],
    "0.6": [
        0.95
    ],
    "0.5": [
        0.9375
    ],
    "0.4": [
        1.0
    ],
    "0.3": [
        1.0
    ],
    "0.2": [
        1.0
    ],
    "0.1": [
        null
    ]
}