{
    "inf": [
        0.7878172588832487
    ],
    "2": [
        0.7878172588832487
    ],
    "1.6": [
        0.8295454545454546
    ],
    "1.5": [
        0.8674698795180723
    ],
    "1.4": [
        0.9015151515151515
    ],
    "1.3": [
        0.9302325581395349
    ],
    "1.2": [
        0.9442896935933147
    ],
    "1.1": [
        0.959866220735786
    ],
    "0.9": [
        0.9659090909090909
    ],
    "0.8": [
        0.968503937007874
    ],
    "0.7": [
        0.967741935483871
    ],
    "0.6": [
        0.9827586206896551
    ],
    "0.5": [
        1.0
    ],
    "0.4": [
        1.0
    ],
    "0.3": [
        1.0
    ],
    "0.2": [
        1.0
    ],
    "0.1": [
        1.0
    ]
}