{
    "inf": [
        0.749238578680203
    ],
    "2": [
        0.749238578680203
    ],
    "1.6": [
        0.8195679796696315
    ],
    "1.5": [
        0.8567073170731707
    ],
    "1.4": [
        0.8935018050541517
    ],
    "1.3": [
        0.9040511727078892
    ],
    "1.2": [
        0.9335038363171355
    ],
    "1.1": [
        0.9427710843373494
    ],
    "0.9": [
        0.9734513274336283
    ],
    "0.8": [
        0.9781420765027322
    ],
    "0.7": [
        0.9859154929577465
    ],
    "0.6": [
        0.9818181818181818
    ],
    "0.5": [
        0.9761904761904762
    ],
    "0.4": [
        0.9607843137254902
    ],
    "0.3": [
        0.9696969696969697
    ],
    "0.2": [
        1.0
    ],
    "0.1": [
        1.0
    ]
}