{
    "inf": [
        0.7979695431472081
    ],
    "2": [
        0.8010152284263959
    ],
    "1.6": [
        0.9313725490196079
    ],
    "1.5": [
        0.9517426273458445
    ],
    "1.4": [
        0.967391304347826
    ],
    "1.3": [
        0.9811320754716981
    ],
    "1.2": [
        0.9724137931034482
    ],
    "1.1": [
        0.9803921568627451
    ],
    "0.9": [
        1.0
    ],
    "0.8": [
        1.0
    ],
    "0.7": [
        1.0
    ],
    "0.6": [
        1.0
    ],
    "0.5": [
        1.0
    ],
    "0.4": [
        1.0
    ],
    "0.3": [
        1.0
    ],
    "0.2": [
        1.0
    ],
    "0.1": [
        null
    ]
}