{
    "inf": [
        0.7878172588832487
    ],
    "2": [
        0.7888324873096447
    ],
    "1.6": [
        0.864406779661017
    ],
    "1.5": [
        0.9079563182527302
    ],
    "1.4": [
        0.9228007181328546
    ],
    "1.3": [
        0.934322033898305
    ],
    "1.2": [
        0.9549071618037135
    ],
    "1.1": [
        0.9712460063897763
    ],
    "0.9": [
        0.9767441860465116
    ],
    "0.8": [
        0.9819277108433735
    ],
    "0.7": [
        0.984251968503937
    ],
    "0.6": [
        0.9891304347826086
    ],
    "0.5": [
        1.0
    ],
    "0.4": [
        1.0
    ],
    "0.3": [
        1.0
    ],
    "0.2": [
        1.0
    ],
    "0.1": [
        1.0
    ]
}