{
    "inf": [
        0.8020304568527918
    ],
    "2": [
        0.8020304568527918
    ],
    "1.6": [
        0.8376470588235294
    ],
    "1.5": [
        0.8604026845637583
    ],
    "1.4": [
        0.8878205128205128
    ],
    "1.3": [
        0.9046653144016227
    ],
    "1.2": [
        0.9323671497584541
    ],
    "1.1": [
        0.9415041782729805
    ],
    "0.9": [
        0.9832635983263598
    ],
    "0.8": [
        0.979381443298969
    ],
    "0.7": [
        0.98
    ],
    "0.6": [
        0.9911504424778761
    ],
    "0.5": [
        0.9888888888888889
    ],
    "0.4": [
        0.9836065573770492
    ],
    "0.3": [
        0.9705882352941176
    ],
    "0.2": [
        0.9444444444444444
    ],
    "0.1": [
        1.0
    ]
}