{
    "inf": [
        0.7908629441624365
    ],
    "2": [
        0.7868020304568528
    ],
    "1.6": [
        0.8910714285714286
    ],
    "1.5": [
        0.916256157635468
    ],
    "1.4": [
        0.9212328767123288
    ],
    "1.3": [
        0.9495412844036697
    ],
    "1.2": [
        0.9788732394366197
    ],
    "1.1": [
        0.98
    ],
    "0.9": [
        1.0
    ],
    "0.8": [
        1.0
    ],
    "0.7": [
        1.0
    ],
    "0.6": [
        1.0
    ],
    "0.5": [
        1.0
    ],
    "0.4": [
        1.0
    ],
    "0.3": [
        1.0
    ],
    "0.2": [
        1.0
    ],
    "0.1": [
        1.0
    ]
}