{
    "inf": [
        0.7624365482233503
    ],
    "2": [
        0.7624365482233503
    ],
    "1.6": [
        0.851228978007762
    ],
    "1.5": [
        0.8851674641148325
    ],
    "1.4": [
        0.9155470249520153
    ],
    "1.3": [
        0.9287356321839081
    ],
    "1.2": [
        0.9452054794520548
    ],
    "1.1": [
        0.9619377162629758
    ],
    "0.9": [
        0.9560439560439561
    ],
    "0.8": [
        0.9642857142857143
    ],
    "0.7": [
        0.9509803921568627
    ],
    "0.6": [
        0.9620253164556962
    ],
    "0.5": [
        0.9583333333333334
    ],
    "0.4": [
        1.0
    ],
    "0.3": [
        1.0
    ],
    "0.2": [
        1.0
    ],
    "0.1": [
        1.0
    ]
}