{
    "inf": [
        0.7878172588832487
    ],
    "2": [
        0.7868020304568528
    ],
    "1.6": [
        0.8291517323775388
    ],
    "1.5": [
        0.8575539568345324
    ],
    "1.4": [
        0.8884955752212389
    ],
    "1.3": [
        0.9163090128755365
    ],
    "1.2": [
        0.9230769230769231
    ],
    "1.1": [
        0.9344262295081968
    ],
    "0.9": [
        0.9408866995073891
    ],
    "0.8": [
        0.9407894736842105
    ],
    "0.7": [
        0.9469026548672567
    ],
    "0.6": [
        0.9438202247191011
    ],
    "0.5": [
        0.9705882352941176
    ],
    "0.4": [
        1.0
    ],
    "0.3": [
        1.0
    ],
    "0.2": [
        1.0
    ],
    "0.1": [
        1.0
    ]
}