{
    "inf": [
        0.7786802030456853
    ],
    "2": [
        0.7766497461928934
    ],
    "1.6": [
        0.8325242718446602
    ],
    "1.5": [
        0.8575197889182058
    ],
    "1.4": [
        0.8775510204081632
    ],
    "1.3": [
        0.8975609756097561
    ],
    "1.2": [
        0.9162210338680927
    ],
    "1.1": [
        0.937007874015748
    ],
    "0.9": [
        0.961439588688946
    ],
    "0.8": [
        0.9643916913946587
    ],
    "0.7": [
        0.9735973597359736
    ],
    "0.6": [
        0.9838056680161943
    ],
    "0.5": [
        0.9842931937172775
    ],
    "0.4": [
        0.9933333333333333
    ],
    "0.3": [
        1.0
    ],
    "0.2": [
        1.0
    ],
    "0.1": [
        1.0
    ]
}