{
    "inf": [
        0.7817258883248731
    ],
    "2": [
        0.7817258883248731
    ],
    "1.6": [
        0.9348441926345609
    ],
    "1.5": [
        0.9781659388646288
    ],
    "1.4": [
        0.9856115107913669
    ],
    "1.3": [
        0.98989898989899
    ],
    "1.2": [
        0.9824561403508771
    ],
    "1.1": [
        1.0
    ],
    "0.9": [
        1.0
    ],
    "0.8": [
        1.0
    ],
    "0.7": [
        1.0
    ],
    "0.6": [
        1.0
    ],
    "0.5": [
        1.0
    ],
    "0.4": [
        1.0
    ],
    "0.3": [
        null
    ],
    "0.2": [
        null
    ],
    "0.1": [
        null
    ]
}