{
    "inf": [
        0.732994923857868
    ],
    "2": [
        0.7309644670050761
    ],
    "1.6": [
        0.9023809523809524
    ],
    "1.5": [
        0.9272727272727272
    ],
    "1.4": [
        0.943502824858757
    ],
    "1.3": [
        0.9719626168224299
    ],
    "1.2": [
        0.9696969696969697
    ],
    "1.1": [
        1.0
    ],
    "0.9": [
        1.0
    ],
    "0.8": [
        1.0
    ],
    "0.7": [
        1.0
    ],
    "0.6": [
        1.0
    ],
    "0.5": [
        1.0
    ],
    "0.4": [
        1.0
    ],
    "0.3": [
        null
    ],
    "0.2": [
        null
    ],
    "0.1": [
        null
    ]
}