{
    "inf": [
        0.76751269035533
    ],
    "2": [
        0.7593908629441625
    ],
    "1.6": [
        0.9225512528473804
    ],
    "1.5": [
        0.9656357388316151
    ],
    "1.4": [
        0.973404255319149
    ],
    "1.3": [
        0.9776119402985075
    ],
    "1.2": [
        0.9702970297029703
    ],
    "1.1": [
        0.9696969696969697
    ],
    "0.9": [
        1.0
    ],
    "0.8": [
        1.0
    ],
    "0.7": [
        1.0
    ],
    "0.6": [
        1.0
    ],
    "0.5": [
        1.0
    ],
    "0.4": [
        1.0
    ],
    "0.3": [
        1.0
    ],
    "0.2": [
        null
    ],
    "0.1": [
        null
    ]
}