{
    "inf": [
        0.7756345177664975
    ],
    "2": [
        0.7766497461928934
    ],
    "1.6": [
        0.8080260303687635
    ],
    "1.5": [
        0.8333333333333334
    ],
    "1.4": [
        0.8557089084065245
    ],
    "1.3": [
        0.8712737127371274
    ],
    "1.2": [
        0.8786549707602339
    ],
    "1.1": [
        0.8995215311004785
    ],
    "0.9": [
        0.9135338345864662
    ],
    "0.8": [
        0.9240246406570842
    ],
    "0.7": [
        0.9282407407407407
    ],
    "0.6": [
        0.9301075268817204
    ],
    "0.5": [
        0.9440993788819876
    ],
    "0.4": [
        0.953307392996109
    ],
    "0.3": [
        0.9441624365482234
    ],
    "0.2": [
        0.9384615384615385
    ],
    "0.1": [
        0.9411764705882353
    ]
}