{
    "inf": [
        0.8345177664974619
    ],
    "2": [
        0.8284263959390863
    ],
    "1.6": [
        0.8713592233009708
    ],
    "1.5": [
        0.8914209115281502
    ],
    "1.4": [
        0.908284023668639
    ],
    "1.3": [
        0.9155629139072847
    ],
    "1.2": [
        0.9343339587242027
    ],
    "1.1": [
        0.9468085106382979
    ],
    "0.9": [
        0.9592391304347826
    ],
    "0.8": [
        0.9501661129568106
    ],
    "0.7": [
        0.9673469387755103
    ],
    "0.6": [
        0.9669811320754716
    ],
    "0.5": [
        0.9940119760479041
    ],
    "0.4": [
        0.9923664122137404
    ],
    "0.3": [
        1.0
    ],
    "0.2": [
        1.0
    ],
    "0.1": [
        1.0
    ]
}