{
    "inf": [
        0.7634517766497462
    ],
    "2": [
        0.7634517766497462
    ],
    "1.6": [
        0.9490196078431372
    ],
    "1.5": [
        0.9571428571428572
    ],
    "1.4": [
        0.9538461538461539
    ],
    "1.3": [
        0.9444444444444444
    ],
    "1.2": [
        0.9230769230769231
    ],
    "1.1": [
        0.8571428571428571
    ],
    "0.9": [
        0.5
    ],
    "0.8": [
        0.5
    ],
    "0.7": [
        1.0
    ],
    "0.6": [
        1.0
    ],
    "0.5": [
        1.0
    ],
    "0.4": [
        1.0
    ],
    "0.3": [
        1.0
    ],
    "0.2": [
        1.0
    ],
    "0.1": [
        null
    ]
}