{
    "inf": [
        0.76751269035533
    ],
    "2": [
        0.7593908629441625
    ],
    "1.6": [
        0.780195865070729
    ],
    "1.5": [
        0.8085106382978723
    ],
    "1.4": [
        0.8298153034300791
    ],
    "1.3": [
        0.8507246376811595
    ],
    "1.2": [
        0.877221324717286
    ],
    "1.1": [
        0.9059674502712477
    ],
    "0.9": [
        0.9263392857142857
    ],
    "0.8": [
        0.935
    ],
    "0.7": [
        0.9576271186440678
    ],
    "0.6": [
        0.9636963696369637
    ],
    "0.5": [
        0.9613899613899614
    ],
    "0.4": [
        0.958904109589041
    ],
    "0.3": [
        0.9605263157894737
    ],
    "0.2": [
        0.9902912621359223
    ],
    "0.1": [
        1.0
    ]
}