{
    "inf": [
        0.7756345177664975
    ],
    "2": [
        0.7817258883248731
    ],
    "1.6": [
        0.926056338028169
    ],
    "1.5": [
        0.9675324675324676
    ],
    "1.4": [
        0.9772727272727273
    ],
    "1.3": [
        0.9772727272727273
    ],
    "1.2": [
        0.9545454545454546
    ],
    "1.1": [
        0.9166666666666666
    ],
    "0.9": [
        1.0
    ],
    "0.8": [
        1.0
    ],
    "0.7": [
        1.0
    ],
    "0.6": [
        1.0
    ],
    "0.5": [
        null
    ],
    "0.4": [
        null
    ],
    "0.3": [
        null
    ],
    "0.2": [
        null
    ],
    "0.1": [
        null
    ]
}