{
    "inf": [
        0.7736040609137056
    ],
    "2": [
        0.7715736040609137
    ],
    "1.6": [
        0.9444444444444444
    ],
    "1.5": [
        0.9668874172185431
    ],
    "1.4": [
        0.9882352941176471
    ],
    "1.3": [
        0.9767441860465116
    ],
    "1.2": [
        0.9655172413793104
    ],
    "1.1": [
        1.0
    ],
    "0.9": [
        1.0
    ],
    "0.8": [
        1.0
    ],
    "0.7": [
        1.0
    ],
    "0.6": [
        1.0
    ],
    "0.5": [
        1.0
    ],
    "0.4": [
        1.0
    ],
    "0.3": [
        1.0
    ],
    "0.2": [
        1.0
    ],
    "0.1": [
        null
    ]
}