{
    "inf": [
        0.7776649746192893
    ],
    "2": [
        0.7766497461928934
    ],
    "1.6": [
        0.8490028490028491
    ],
    "1.5": [
        0.9025735294117647
    ],
    "1.4": [
        0.9302325581395349
    ],
    "1.3": [
        0.9401709401709402
    ],
    "1.2": [
        0.9471830985915493
    ],
    "1.1": [
        0.9557522123893806
    ],
    "0.9": [
        0.9681528662420382
    ],
    "0.8": [
        0.9836065573770492
    ],
    "0.7": [
        0.9888888888888889
    ],
    "0.6": [
        1.0
    ],
    "0.5": [
        1.0
    ],
    "0.4": [
        1.0
    ],
    "0.3": [
        1.0
    ],
    "0.2": [
        1.0
    ],
    "0.1": [
        1.0
    ]
}