{
    "inf": [
        0.8071065989847716
    ],
    "2": [
        0.8071065989847716
    ],
    "1.6": [
        0.8982511923688394
    ],
    "1.5": [
        0.9268817204301075
    ],
    "1.4": [
        0.9549295774647887
    ],
    "1.3": [
        0.9645669291338582
    ],
    "1.2": [
        0.9666666666666667
    ],
    "1.1": [
        0.9618320610687023
    ],
    "0.9": [
        0.9696969696969697
    ],
    "0.8": [
        0.9782608695652174
    ],
    "0.7": [
        0.9696969696969697
    ],
    "0.6": [
        1.0
    ],
    "0.5": [
        1.0
    ],
    "0.4": [
        1.0
    ],
    "0.3": [
        1.0
    ],
    "0.2": [
        1.0
    ],
    "0.1": [
        1.0
    ]
}