{
    "inf": [
        0.7888324873096447
    ],
    "2": [
        0.7888324873096447
    ],
    "1.6": [
        0.8081896551724138
    ],
    "1.5": [
        0.8251428571428572
    ],
    "1.4": [
        0.8484076433121019
    ],
    "1.3": [
        0.8699300699300699
    ],
    "1.2": [
        0.8833592534992224
    ],
    "1.1": [
        0.9055944055944056
    ],
    "0.9": [
        0.9384615384615385
    ],
    "0.8": [
        0.9473684210526315
    ],
    "0.7": [
        0.9610778443113772
    ],
    "0.6": [
        0.9685314685314685
    ],
    "0.5": [
        0.9683257918552036
    ],
    "0.4": [
        0.9815950920245399
    ],
    "0.3": [
        0.9739130434782609
    ],
    "0.2": [
        1.0
    ],
    "0.1": [
        1.0
    ]
}