{
    "inf": [
        0.7563451776649747
    ],
    "2": [
        0.7563451776649747
    ],
    "1.6": [
        0.7766439909297053
    ],
    "1.5": [
        0.800524934383202
    ],
    "1.4": [
        0.8250377073906485
    ],
    "1.3": [
        0.8563636363636363
    ],
    "1.2": [
        0.8660907127429806
    ],
    "1.1": [
        0.8877551020408163
    ],
    "0.9": [
        0.9185185185185185
    ],
    "0.8": [
        0.9324324324324325
    ],
    "0.7": [
        0.9488636363636364
    ],
    "0.6": [
        0.9586206896551724
    ],
    "0.5": [
        0.972972972972973
    ],
    "0.4": [
        0.987012987012987
    ],
    "0.3": [
        0.9821428571428571
    ],
    "0.2": [
        1.0
    ],
    "0.1": [
        1.0
    ]
}