{
    "inf": [
        0.7065989847715736
    ],
    "2": [
        0.6873096446700507
    ],
    "1.6": [
        0.8674157303370786
    ],
    "1.5": [
        0.936
    ],
    "1.4": [
        0.9351351351351351
    ],
    "1.3": [
        0.9473684210526315
    ],
    "1.2": [
        0.9365079365079365
    ],
    "1.1": [
        0.972972972972973
    ],
    "0.9": [
        1.0
    ],
    "0.8": [
        1.0
    ],
    "0.7": [
        1.0
    ],
    "0.6": [
        1.0
    ],
    "0.5": [
        1.0
    ],
    "0.4": [
        1.0
    ],
    "0.3": [
        1.0
    ],
    "0.2": [
        null
    ],
    "0.1": [
        null
    ]
}