{
    "inf": [
        0.16954314720812183
    ],
    "2": [
        0.16954314720812183
    ],
    "1.6": [
        0.22743682310469315
    ],
    "1.5": [
        0.288135593220339
    ],
    "1.4": [
        0.15384615384615385
    ],
    "1.3": [
        0.20689655172413793
    ],
    "1.2": [
        0.25
    ],
    "1.1": [
        0.3333333333333333
    ],
    "0.9": [
        0.0
    ],
    "0.8": [
        null
    ],
    "0.7": [
        null
    ],
    "0.6": [
        null
    ],
    "0.5": [
        null
    ],
    "0.4": [
        null
    ],
    "0.3": [
        null
    ],
    "0.2": [
        null
    ],
    "0.1": [
        null
    ]
}