{
    "inf": [
        0.8142131979695432
    ],
    "2": [
        0.8182741116751269
    ],
    "1.6": [
        0.865992414664981
    ],
    "1.5": [
        0.8915159944367177
    ],
    "1.4": [
        0.8932926829268293
    ],
    "1.3": [
        0.9126050420168067
    ],
    "1.2": [
        0.9271028037383178
    ],
    "1.1": [
        0.9342915811088296
    ],
    "0.9": [
        0.9559585492227979
    ],
    "0.8": [
        0.9596541786743515
    ],
    "0.7": [
        0.9731543624161074
    ],
    "0.6": [
        0.9717741935483871
    ],
    "0.5": [
        0.9710144927536232
    ],
    "0.4": [
        0.9710982658959537
    ],
    "0.3": [
        0.975
    ],
    "0.2": [
        0.9855072463768116
    ],
    "0.1": [
        1.0
    ]
}