{
    "inf": [
        0.7969543147208121
    ],
    "2": [
        0.8010152284263959
    ],
    "1.6": [
        0.8385922330097088
    ],
    "1.5": [
        0.8557951482479784
    ],
    "1.4": [
        0.874051593323217
    ],
    "1.3": [
        0.8952702702702703
    ],
    "1.2": [
        0.911487758945386
    ],
    "1.1": [
        0.9293139293139293
    ],
    "0.9": [
        0.9466666666666667
    ],
    "0.8": [
        0.9541284403669725
    ],
    "0.7": [
        0.9591836734693877
    ],
    "0.6": [
        0.9641434262948207
    ],
    "0.5": [
        0.9671361502347418
    ],
    "0.4": [
        0.9754601226993865
    ],
    "0.3": [
        0.9743589743589743
    ],
    "0.2": [
        0.9615384615384616
    ],
    "0.1": [
        0.9534883720930233
    ]
}