{
    "inf": [
        0.7593908629441625
    ],
    "2": [
        0.7583756345177665
    ],
    "1.6": [
        0.820577164366374
    ],
    "1.5": [
        0.8514548238897397
    ],
    "1.4": [
        0.9013035381750466
    ],
    "1.3": [
        0.9265033407572383
    ],
    "1.2": [
        0.9554973821989529
    ],
    "1.1": [
        0.959866220735786
    ],
    "0.9": [
        0.975609756097561
    ],
    "0.8": [
        0.984
    ],
    "0.7": [
        0.99
    ],
    "0.6": [
        1.0
    ],
    "0.5": [
        1.0
    ],
    "0.4": [
        1.0
    ],
    "0.3": [
        1.0
    ],
    "0.2": [
        1.0
    ],
    "0.1": [
        1.0
    ]
}