{
    "inf": [
        0.7522842639593909
    ],
    "2": [
        0.7522842639593909
    ],
    "1.6": [
        0.8172514619883041
    ],
    "1.5": [
        0.8571428571428571
    ],
    "1.4": [
        0.8927680798004988
    ],
    "1.3": [
        0.9003215434083601
    ],
    "1.2": [
        0.923728813559322
    ],
    "1.1": [
        0.9464285714285714
    ],
    "0.9": [
        0.9595959595959596
    ],
    "0.8": [
        0.9733333333333334
    ],
    "0.7": [
        0.9649122807017544
    ],
    "0.6": [
        0.9696969696969697
    ],
    "0.5": [
        1.0
    ],
    "0.4": [
        1.0
    ],
    "0.3": [
        1.0
    ],
    "0.2": [
        1.0
    ],
    "0.1": [
        null
    ]
}