{
    "inf": [
        0.7898477157360406
    ],
    "2": [
        0.7888324873096447
    ],
    "1.6": [
        0.8531553398058253
    ],
    "1.5": [
        0.8846153846153846
    ],
    "1.4": [
        0.9136442141623489
    ],
    "1.3": [
        0.9446808510638298
    ],
    "1.2": [
        0.9571788413098237
    ],
    "1.1": [
        0.9607250755287009
    ],
    "0.9": [
        0.9651741293532339
    ],
    "0.8": [
        0.9745222929936306
    ],
    "0.7": [
        0.9739130434782609
    ],
    "0.6": [
        0.9882352941176471
    ],
    "0.5": [
        1.0
    ],
    "0.4": [
        1.0
    ],
    "0.3": [
        1.0
    ],
    "0.2": [
        1.0
    ],
    "0.1": [
        null
    ]
}