{
    "inf": [
        0.7390862944162436
    ],
    "2": [
        0.7441624365482233
    ],
    "1.6": [
        0.7867360208062418
    ],
    "1.5": [
        0.8206785137318255
    ],
    "1.4": [
        0.841995841995842
    ],
    "1.3": [
        0.8825136612021858
    ],
    "1.2": [
        0.9090909090909091
    ],
    "1.1": [
        0.9330543933054394
    ],
    "0.9": [
        0.9539473684210527
    ],
    "0.8": [
        0.9672131147540983
    ],
    "0.7": [
        0.9659090909090909
    ],
    "0.6": [
        1.0
    ],
    "0.5": [
        1.0
    ],
    "0.4": [
        1.0
    ],
    "0.3": [
        1.0
    ],
    "0.2": [
        1.0
    ],
    "0.1": [
        1.0
    ]
}