{
    "inf": [
        0.7918781725888325
    ],
    "2": [
        0.7918781725888325
    ],
    "1.6": [
        0.9702970297029703
    ],
    "1.5": [
        0.9734513274336283
    ],
    "1.4": [
        0.9864864864864865
    ],
    "1.3": [
        0.9761904761904762
    ],
    "1.2": [
        1.0
    ],
    "1.1": [
        1.0
    ],
    "0.9": [
        1.0
    ],
    "0.8": [
        1.0
    ],
    "0.7": [
        1.0
    ],
    "0.6": [
        1.0
    ],
    "0.5": [
        1.0
    ],
    "0.4": [
        1.0
    ],
    "0.3": [
        null
    ],
    "0.2": [
        null
    ],
    "0.1": [
        null
    ]
}