{
    "inf": [
        0.7969543147208121
    ],
    "2": [
        0.8040609137055837
    ],
    "1.6": [
        0.8753213367609255
    ],
    "1.5": [
        0.8937062937062937
    ],
    "1.4": [
        0.9023255813953488
    ],
    "1.3": [
        0.9098786828422877
    ],
    "1.2": [
        0.9284294234592445
    ],
    "1.1": [
        0.9455782312925171
    ],
    "0.9": [
        0.9690402476780186
    ],
    "0.8": [
        0.9742647058823529
    ],
    "0.7": [
        0.9771689497716894
    ],
    "0.6": [
        0.989247311827957
    ],
    "0.5": [
        0.9862068965517241
    ],
    "0.4": [
        0.9911504424778761
    ],
    "0.3": [
        0.9866666666666667
    ],
    "0.2": [
        1.0
    ],
    "0.1": [
        1.0
    ]
}