{
    "inf": [
        0.783756345177665
    ],
    "2": [
        0.7878172588832487
    ],
    "1.6": [
        0.9324324324324325
    ],
    "1.5": [
        0.9666666666666667
    ],
    "1.4": [
        0.984
    ],
    "1.3": [
        0.9620253164556962
    ],
    "1.2": [
        1.0
    ],
    "1.1": [
        1.0
    ],
    "0.9": [
        1.0
    ],
    "0.8": [
        1.0
    ],
    "0.7": [
        1.0
    ],
    "0.6": [
        1.0
    ],
    "0.5": [
        1.0
    ],
    "0.4": [
        null
    ],
    "0.3": [
        null
    ],
    "0.2": [
        null
    ],
    "0.1": [
        null
    ]
}