{
    "inf": [
        0.7654822335025381
    ],
    "2": [
        0.7654822335025381
    ],
    "1.6": [
        0.9235127478753541
    ],
    "1.5": [
        0.9431818181818182
    ],
    "1.4": [
        0.9506172839506173
    ],
    "1.3": [
        0.9714285714285714
    ],
    "1.2": [
        1.0
    ],
    "1.1": [
        1.0
    ],
    "0.9": [
        null
    ],
    "0.8": [
        null
    ],
    "0.7": [
        null
    ],
    "0.6": [
        null
    ],
    "0.5": [
        null
    ],
    "0.4": [
        null
    ],
    "0.3": [
        null
    ],
    "0.2": [
        null
    ],
    "0.1": [
        null
    ]
}