{
    "inf": [
        0.76751269035533
    ],
    "2": [
        0.76751269035533
    ],
    "1.6": [
        0.8841354723707665
    ],
    "1.5": [
        0.9072164948453608
    ],
    "1.4": [
        0.9296296296296296
    ],
    "1.3": [
        0.9315789473684211
    ],
    "1.2": [
        0.9448818897637795
    ],
    "1.1": [
        0.9642857142857143
    ],
    "0.9": [
        0.9705882352941176
    ],
    "0.8": [
        0.9583333333333334
    ],
    "0.7": [
        1.0
    ],
    "0.6": [
        1.0
    ],
    "0.5": [
        1.0
    ],
    "0.4": [
        1.0
    ],
    "0.3": [
        1.0
    ],
    "0.2": [
        1.0
    ],
    "0.1": [
        1.0
    ]
}