{
    "inf": [
        0.783756345177665
    ],
    "2": [
        0.7868020304568528
    ],
    "1.6": [
        0.8368098159509203
    ],
    "1.5": [
        0.8665689149560117
    ],
    "1.4": [
        0.8964912280701754
    ],
    "1.3": [
        0.9202586206896551
    ],
    "1.2": [
        0.9254498714652957
    ],
    "1.1": [
        0.9339622641509434
    ],
    "0.9": [
        0.9507389162561576
    ],
    "0.8": [
        0.9371069182389937
    ],
    "0.7": [
        0.9652173913043478
    ],
    "0.6": [
        0.9620253164556962
    ],
    "0.5": [
        0.9811320754716981
    ],
    "0.4": [
        1.0
    ],
    "0.3": [
        1.0
    ],
    "0.2": [
        1.0
    ],
    "0.1": [
        1.0
    ]
}