{
    "inf": [
        0.7685279187817259
    ],
    "2": [
        0.7685279187817259
    ],
    "1.6": [
        0.9287749287749287
    ],
    "1.5": [
        0.9441860465116279
    ],
    "1.4": [
        0.952054794520548
    ],
    "1.3": [
        0.9541284403669725
    ],
    "1.2": [
        0.975
    ],
    "1.1": [
        0.9830508474576272
    ],
    "0.9": [
        1.0
    ],
    "0.8": [
        1.0
    ],
    "0.7": [
        1.0
    ],
    "0.6": [
        1.0
    ],
    "0.5": [
        1.0
    ],
    "0.4": [
        1.0
    ],
    "0.3": [
        1.0
    ],
    "0.2": [
        null
    ],
    "0.1": [
        null
    ]
}