{
    "inf": [
        0.7746192893401015
    ],
    "2": [
        0.7725888324873097
    ],
    "1.6": [
        0.8468708388814914
    ],
    "1.5": [
        0.8896321070234113
    ],
    "1.4": [
        0.919831223628692
    ],
    "1.3": [
        0.9468085106382979
    ],
    "1.2": [
        0.9552715654952076
    ],
    "1.1": [
        0.9683794466403162
    ],
    "0.9": [
        0.9876543209876543
    ],
    "0.8": [
        0.9918032786885246
    ],
    "0.7": [
        1.0
    ],
    "0.6": [
        1.0
    ],
    "0.5": [
        1.0
    ],
    "0.4": [
        1.0
    ],
    "0.3": [
        1.0
    ],
    "0.2": [
        1.0
    ],
    "0.1": [
        1.0
    ]
}