{
    "inf": [
        0.7918781725888325
    ],
    "2": [
        0.7949238578680203
    ],
    "1.6": [
        0.8135964912280702
    ],
    "1.5": [
        0.845398773006135
    ],
    "1.4": [
        0.8822714681440443
    ],
    "1.3": [
        0.900611620795107
    ],
    "1.2": [
        0.9214659685863874
    ],
    "1.1": [
        0.9252525252525252
    ],
    "0.9": [
        0.9301075268817204
    ],
    "0.8": [
        0.9532710280373832
    ],
    "0.7": [
        0.9505703422053232
    ],
    "0.6": [
        0.9532710280373832
    ],
    "0.5": [
        0.9548022598870056
    ],
    "0.4": [
        0.9393939393939394
    ],
    "0.3": [
        0.926829268292683
    ],
    "0.2": [
        0.9512195121951219
    ],
    "0.1": [
        1.0
    ]
}