{
    "inf": [
        0.7746192893401015
    ],
    "2": [
        0.7746192893401015
    ],
    "1.6": [
        0.8783977110157367
    ],
    "1.5": [
        0.9035250463821892
    ],
    "1.4": [
        0.9250585480093677
    ],
    "1.3": [
        0.9237804878048781
    ],
    "1.2": [
        0.9425287356321839
    ],
    "1.1": [
        0.9408866995073891
    ],
    "0.9": [
        0.957983193277311
    ],
    "0.8": [
        0.9761904761904762
    ],
    "0.7": [
        1.0
    ],
    "0.6": [
        1.0
    ],
    "0.5": [
        1.0
    ],
    "0.4": [
        1.0
    ],
    "0.3": [
        1.0
    ],
    "0.2": [
        1.0
    ],
    "0.1": [
        1.0
    ]
}