{
    "inf": [
        0.7786802030456853
    ],
    "2": [
        0.7786802030456853
    ],
    "1.6": [
        0.8216019417475728
    ],
    "1.5": [
        0.8484419263456091
    ],
    "1.4": [
        0.8690476190476191
    ],
    "1.3": [
        0.9012345679012346
    ],
    "1.2": [
        0.9158415841584159
    ],
    "1.1": [
        0.9404761904761905
    ],
    "0.9": [
        0.9820627802690582
    ],
    "0.8": [
        0.9832402234636871
    ],
    "0.7": [
        0.9788732394366197
    ],
    "0.6": [
        0.9797979797979798
    ],
    "0.5": [
        0.9710144927536232
    ],
    "0.4": [
        0.9523809523809523
    ],
    "0.3": [
        1.0
    ],
    "0.2": [
        1.0
    ],
    "0.1": [
        1.0
    ]
}