{
    "inf": [
        0.6558375634517767
    ],
    "2": [
        0.7157360406091371
    ],
    "1.6": [
        0.8925373134328358
    ],
    "1.5": [
        0.9137055837563451
    ],
    "1.4": [
        0.9541984732824428
    ],
    "1.3": [
        0.9859154929577465
    ],
    "1.2": [
        0.9772727272727273
    ],
    "1.1": [
        0.9736842105263158
    ],
    "0.9": [
        1.0
    ],
    "0.8": [
        1.0
    ],
    "0.7": [
        1.0
    ],
    "0.6": [
        1.0
    ],
    "0.5": [
        1.0
    ],
    "0.4": [
        1.0
    ],
    "0.3": [
        null
    ],
    "0.2": [
        null
    ],
    "0.1": [
        null
    ]
}