{
    "inf": [
        0.798984771573604
    ],
    "2": [
        0.798984771573604
    ],
    "1.6": [
        0.8010204081632653
    ],
    "1.5": [
        0.8060165975103735
    ],
    "1.4": [
        0.8121664887940235
    ],
    "1.3": [
        0.8219026548672567
    ],
    "1.2": [
        0.8378063010501751
    ],
    "1.1": [
        0.8532338308457711
    ],
    "0.9": [
        0.8935251798561151
    ],
    "0.8": [
        0.9065849923430321
    ],
    "0.7": [
        0.9237147595356551
    ],
    "0.6": [
        0.9326047358834244
    ],
    "0.5": [
        0.9392712550607287
    ],
    "0.4": [
        0.9471264367816092
    ],
    "0.3": [
        0.9581005586592178
    ],
    "0.2": [
        0.9642857142857143
    ],
    "0.1": [
        0.9567901234567902
    ]
}