{
    "inf": [
        0.7604060913705584
    ],
    "2": [
        0.7624365482233503
    ],
    "1.6": [
        0.7941176470588235
    ],
    "1.5": [
        0.8150943396226416
    ],
    "1.4": [
        0.8461538461538461
    ],
    "1.3": [
        0.8792822185970636
    ],
    "1.2": [
        0.8967495219885278
    ],
    "1.1": [
        0.9135254988913526
    ],
    "0.9": [
        0.9365994236311239
    ],
    "0.8": [
        0.9482758620689655
    ],
    "0.7": [
        0.9628099173553719
    ],
    "0.6": [
        0.9707317073170731
    ],
    "0.5": [
        0.9760479041916168
    ],
    "0.4": [
        0.9813084112149533
    ],
    "0.3": [
        1.0
    ],
    "0.2": [
        1.0
    ],
    "0.1": [
        1.0
    ]
}