{
    "inf": [
        0.7715736040609137
    ],
    "2": [
        0.7685279187817259
    ],
    "1.6": [
        0.7788259958071279
    ],
    "1.5": [
        0.7986725663716814
    ],
    "1.4": [
        0.813599062133646
    ],
    "1.3": [
        0.8367346938775511
    ],
    "1.2": [
        0.8460490463215259
    ],
    "1.1": [
        0.8542274052478134
    ],
    "0.9": [
        0.9007352941176471
    ],
    "0.8": [
        0.9146341463414634
    ],
    "0.7": [
        0.9195402298850575
    ],
    "0.6": [
        0.9278074866310161
    ],
    "0.5": [
        0.9449838187702265
    ],
    "0.4": [
        0.9591836734693877
    ],
    "0.3": [
        0.9615384615384616
    ],
    "0.2": [
        0.9649122807017544
    ],
    "0.1": [
        0.9629629629629629
    ]
}