{
    "inf": [
        0.7736040609137056
    ],
    "2": [
        0.7736040609137056
    ],
    "1.6": [
        0.8604294478527608
    ],
    "1.5": [
        0.8987854251012146
    ],
    "1.4": [
        0.9291553133514986
    ],
    "1.3": [
        0.9361702127659575
    ],
    "1.2": [
        0.9339622641509434
    ],
    "1.1": [
        0.93125
    ],
    "0.9": [
        0.945054945054945
    ],
    "0.8": [
        0.9420289855072463
    ],
    "0.7": [
        0.9387755102040817
    ],
    "0.6": [
        0.9375
    ],
    "0.5": [
        0.9545454545454546
    ],
    "0.4": [
        0.8888888888888888
    ],
    "0.3": [
        0.75
    ],
    "0.2": [
        1.0
    ],
    "0.1": [
        1.0
    ]
}