{
    "inf": [
        0.783756345177665
    ],
    "2": [
        0.7796954314720812
    ],
    "1.6": [
        0.8228299643281808
    ],
    "1.5": [
        0.8365261813537676
    ],
    "1.4": [
        0.84593837535014
    ],
    "1.3": [
        0.8560606060606061
    ],
    "1.2": [
        0.8733766233766234
    ],
    "1.1": [
        0.8791593695271454
    ],
    "0.9": [
        0.9164835164835164
    ],
    "0.8": [
        0.9429280397022333
    ],
    "0.7": [
        0.9459459459459459
    ],
    "0.6": [
        0.9620689655172414
    ],
    "0.5": [
        0.9835390946502057
    ],
    "0.4": [
        0.9692307692307692
    ],
    "0.3": [
        0.984375
    ],
    "0.2": [
        0.9775280898876404
    ],
    "0.1": [
        0.9767441860465116
    ]
}