{
    "inf": [
        0.766497461928934
    ],
    "2": [
        0.7441624365482233
    ],
    "1.6": [
        0.8938992042440318
    ],
    "1.5": [
        0.9203539823008849
    ],
    "1.4": [
        0.9846153846153847
    ],
    "1.3": [
        0.9302325581395349
    ],
    "1.2": [
        0.9824561403508771
    ],
    "1.1": [
        1.0
    ],
    "0.9": [
        1.0
    ],
    "0.8": [
        1.0
    ],
    "0.7": [
        1.0
    ],
    "0.6": [
        1.0
    ],
    "0.5": [
        1.0
    ],
    "0.4": [
        null
    ],
    "0.3": [
        null
    ],
    "0.2": [
        null
    ],
    "0.1": [
        null
    ]
}