{
    "inf": [
        0.8284263959390863
    ],
    "2": [
        0.8274111675126904
    ],
    "1.6": [
        0.8709302325581395
    ],
    "1.5": [
        0.8796992481203008
    ],
    "1.4": [
        0.8979310344827586
    ],
    "1.3": [
        0.9092284417549168
    ],
    "1.2": [
        0.9320882852292021
    ],
    "1.1": [
        0.9467680608365019
    ],
    "0.9": [
        0.9715639810426541
    ],
    "0.8": [
        0.9780821917808219
    ],
    "0.7": [
        0.9815950920245399
    ],
    "0.6": [
        0.986159169550173
    ],
    "0.5": [
        0.9915966386554622
    ],
    "0.4": [
        0.9946236559139785
    ],
    "0.3": [
        0.9933333333333333
    ],
    "0.2": [
        1.0
    ],
    "0.1": [
        1.0
    ]
}