{
    "inf": [
        0.7756345177664975
    ],
    "2": [
        0.7756345177664975
    ],
    "1.6": [
        0.931740614334471
    ],
    "1.5": [
        0.9401197604790419
    ],
    "1.4": [
        0.9484536082474226
    ],
    "1.3": [
        0.9649122807017544
    ],
    "1.2": [
        0.975609756097561
    ],
    "1.1": [
        0.9655172413793104
    ],
    "0.9": [
        0.9230769230769231
    ],
    "0.8": [
        0.8888888888888888
    ],
    "0.7": [
        1.0
    ],
    "0.6": [
        1.0
    ],
    "0.5": [
        1.0
    ],
    "0.4": [
        1.0
    ],
    "0.3": [
        1.0
    ],
    "0.2": [
        1.0
    ],
    "0.1": [
        null
    ]
}