{
    "inf": [
        0.8060913705583757
    ],
    "2": [
        0.8071065989847716
    ],
    "1.6": [
        0.868020304568528
    ],
    "1.5": [
        0.8879432624113475
    ],
    "1.4": [
        0.8995433789954338
    ],
    "1.3": [
        0.9106529209621993
    ],
    "1.2": [
        0.9205426356589147
    ],
    "1.1": [
        0.9348314606741573
    ],
    "0.9": [
        0.9439775910364145
    ],
    "0.8": [
        0.9579288025889967
    ],
    "0.7": [
        0.9595588235294118
    ],
    "0.6": [
        0.9694323144104804
    ],
    "0.5": [
        0.9783783783783784
    ],
    "0.4": [
        0.9774436090225563
    ],
    "0.3": [
        1.0
    ],
    "0.2": [
        1.0
    ],
    "0.1": [
        1.0
    ]
}