{
    "inf": [
        0.05888324873096447
    ],
    "2": [
        0.0649746192893401
    ],
    "1.6": [
        0.06064356435643564
    ],
    "1.5": [
        0.05572755417956656
    ],
    "1.4": [
        0.052521008403361345
    ],
    "1.3": [
        0.04225352112676056
    ],
    "1.2": [
        0.05508474576271186
    ],
    "1.1": [
        0.05128205128205128
    ],
    "0.9": [
        0.06896551724137931
    ],
    "0.8": [
        0.0
    ],
    "0.7": [
        0.0
    ],
    "0.6": [
        0.0
    ],
    "0.5": [
        0.0
    ],
    "0.4": [
        0.0
    ],
    "0.3": [
        0.0
    ],
    "0.2": [
        0.0
    ],
    "0.1": [
        0.0
    ]
}