{
    "inf": [
        0.12690355329949238
    ],
    "2": [
        0.12690355329949238
    ],
    "1.6": [
        0.13568773234200743
    ],
    "1.5": [
        0.14713216957605985
    ],
    "1.4": [
        0.15202702702702703
    ],
    "1.3": [
        0.13615023474178403
    ],
    "1.2": [
        0.14556962025316456
    ],
    "1.1": [
        0.1565217391304348
    ],
    "0.9": [
        0.17647058823529413
    ],
    "0.8": [
        0.19298245614035087
    ],
    "0.7": [
        0.17073170731707318
    ],
    "0.6": [
        0.18181818181818182
    ],
    "0.5": [
        0.15384615384615385
    ],
    "0.4": [
        0.16666666666666666
    ],
    "0.3": [
        0.1111111111111111
    ],
    "0.2": [
        0.0
    ],
    "0.1": [
        0.0
    ]
}