{
    "0": [
        0.083248730964467
    ],
    "0.1": [
        0.07666290868094701
    ],
    "0.2": [
        0.07868020304568528
    ],
    "0.3": [
        0.08405797101449275
    ],
    "0.4": [
        0.08798646362098139
    ],
    "0.5": [
        0.09127789046653144
    ],
    "0.6": [
        0.09137055837563451
    ],
    "0.7": [
        0.08445945945945946
    ],
    "0.8": [
        0.06598984771573604
    ],
    "0.9": [
        0.050505050505050504
    ],
    "0.99": [
        0.0
    ],
    "0.999": [
        0.0
    ]
}