{
    "inf": [
        0.11370558375634518
    ],
    "2": [
        0.11370558375634518
    ],
    "1.6": [
        0.11428571428571428
    ],
    "1.5": [
        0.1082004555808656
    ],
    "1.4": [
        0.1100244498777506
    ],
    "1.3": [
        0.11187845303867404
    ],
    "1.2": [
        0.1162079510703364
    ],
    "1.1": [
        0.12456140350877193
    ],
    "0.9": [
        0.13366336633663367
    ],
    "0.8": [
        0.13636363636363635
    ],
    "0.7": [
        0.12260536398467432
    ],
    "0.6": [
        0.13333333333333333
    ],
    "0.5": [
        0.1411042944785276
    ],
    "0.4": [
        0.11570247933884298
    ],
    "0.3": [
        0.12048192771084337
    ],
    "0.2": [
        0.1111111111111111
    ],
    "0.1": [
        0.15
    ]
}