{
    "inf": [
        0.2913705583756345
    ],
    "2": [
        0.2913705583756345
    ],
    "1.6": [
        0.20833333333333334
    ],
    "1.5": [
        0.2
    ],
    "1.4": [
        0.2727272727272727
    ],
    "1.3": [
        0.2777777777777778
    ],
    "1.2": [
        0.125
    ],
    "1.1": [
        0.14285714285714285
    ],
    "0.9": [
        0.16666666666666666
    ],
    "0.8": [
        0.25
    ],
    "0.7": [
        0.3333333333333333
    ],
    "0.6": [
        0.5
    ],
    "0.5": [
        0.0
    ],
    "0.4": [
        0.0
    ],
    "0.3": [
        0.0
    ],
    "0.2": [
        0.0
    ],
    "0.1": [
        0.0
    ]
}