{
    "inf": [
        0.30253807106598984
    ],
    "2": [
        0.30253807106598984
    ],
    "1.6": [
        0.2946859903381642
    ],
    "1.5": [
        0.29259259259259257
    ],
    "1.4": [
        0.2556818181818182
    ],
    "1.3": [
        0.21875
    ],
    "1.2": [
        0.21052631578947367
    ],
    "1.1": [
        0.2222222222222222
    ],
    "0.9": [
        0.2222222222222222
    ],
    "0.8": [
        0.23076923076923078
    ],
    "0.7": [
        0.23529411764705882
    ],
    "0.6": [
        0.2857142857142857
    ],
    "0.5": [
        0.2857142857142857
    ],
    "0.4": [
        0.3181818181818182
    ],
    "0.3": [
        0.29411764705882354
    ],
    "0.2": [
        0.3333333333333333
    ],
    "0.1": [
        0.42857142857142855
    ]
}