{
    "inf": [
        0.1401015228426396
    ],
    "2": [
        0.1401015228426396
    ],
    "1.6": [
        0.13725490196078433
    ],
    "1.5": [
        0.14516129032258066
    ],
    "1.4": [
        0.17777777777777778
    ],
    "1.3": [
        0.15384615384615385
    ],
    "1.2": [
        0.17857142857142858
    ],
    "1.1": [
        0.14814814814814814
    ],
    "0.9": [
        0.1111111111111111
    ],
    "0.8": [
        0.1111111111111111
    ],
    "0.7": [
        0.2
    ],
    "0.6": [
        0.25
    ],
    "0.5": [
        0.3333333333333333
    ],
    "0.4": [
        0.3333333333333333
    ],
    "0.3": [
        0.5
    ],
    "0.2": [
        0.0
    ],
    "0.1": [
        0.0
    ]
}