{
    "inf": [
        0.3187817258883249
    ],
    "2": [
        0.3187817258883249
    ],
    "1.6": [
        0.3006802721088435
    ],
    "1.5": [
        0.2896551724137931
    ],
    "1.4": [
        0.27790973871733965
    ],
    "1.3": [
        0.2664359861591695
    ],
    "1.2": [
        0.24742268041237114
    ],
    "1.1": [
        0.2753623188405797
    ],
    "0.9": [
        0.23333333333333334
    ],
    "0.8": [
        0.26666666666666666
    ],
    "0.7": [
        0.2857142857142857
    ],
    "0.6": [
        0.38095238095238093
    ],
    "0.5": [
        0.4117647058823529
    ],
    "0.4": [
        0.5
    ],
    "0.3": [
        0.42857142857142855
    ],
    "0.2": [
        0.5
    ],
    "0.1": [
        0.5
    ]
}