{
    "inf": [
        0.15126903553299492
    ],
    "2": [
        0.15126903553299492
    ],
    "1.6": [
        0.1515768056968464
    ],
    "1.5": [
        0.1515768056968464
    ],
    "1.4": [
        0.15188583078491336
    ],
    "1.3": [
        0.1520408163265306
    ],
    "1.2": [
        0.15297741273100615
    ],
    "1.1": [
        0.15263157894736842
    ],
    "0.9": [
        0.2222222222222222
    ],
    "0.8": [
        null
    ],
    "0.7": [
        null
    ],
    "0.6": [
        null
    ],
    "0.5": [
        null
    ],
    "0.4": [
        null
    ],
    "0.3": [
        null
    ],
    "0.2": [
        null
    ],
    "0.1": [
        null
    ]
}