{
    "inf": [
        0.14822335025380712
    ],
    "2": [
        0.14822335025380712
    ],
    "1.6": [
        0.1450719822812846
    ],
    "1.5": [
        0.14709677419354839
    ],
    "1.4": [
        0.14705882352941177
    ],
    "1.3": [
        0.13978494623655913
    ],
    "1.2": [
        0.13333333333333333
    ],
    "1.1": [
        0.1141732283464567
    ],
    "0.9": [
        0.13385826771653545
    ],
    "0.8": [
        0.14736842105263157
    ],
    "0.7": [
        0.16417910447761194
    ],
    "0.6": [
        0.14545454545454545
    ],
    "0.5": [
        0.16279069767441862
    ],
    "0.4": [
        0.12121212121212122
    ],
    "0.3": [
        0.10344827586206896
    ],
    "0.2": [
        0.10526315789473684
    ],
    "0.1": [
        0.2222222222222222
    ]
}