{
    "inf": [
        0.2862944162436548
    ],
    "2": [
        0.2862944162436548
    ],
    "1.6": [
        0.22807017543859648
    ],
    "1.5": [
        0.2318840579710145
    ],
    "1.4": [
        0.2236842105263158
    ],
    "1.3": [
        0.22
    ],
    "1.2": [
        0.2571428571428571
    ],
    "1.1": [
        0.3076923076923077
    ],
    "0.9": [
        0.2222222222222222
    ],
    "0.8": [
        0.25
    ],
    "0.7": [
        0.3333333333333333
    ],
    "0.6": [
        0.6666666666666666
    ],
    "0.5": [
        1.0
    ],
    "0.4": [
        1.0
    ],
    "0.3": [
        1.0
    ],
    "0.2": [
        null
    ],
    "0.1": [
        null
    ]
}