{
    "inf": [
        0.13908629441624365
    ],
    "2": [
        0.13908629441624365
    ],
    "1.6": [
        0.14583333333333334
    ],
    "1.5": [
        0.18181818181818182
    ],
    "1.4": [
        0.16981132075471697
    ],
    "1.3": [
        0.225
    ],
    "1.2": [
        0.25
    ],
    "1.1": [
        0.26666666666666666
    ],
    "0.9": [
        0.2857142857142857
    ],
    "0.8": [
        0.26666666666666666
    ],
    "0.7": [
        0.3076923076923077
    ],
    "0.6": [
        0.375
    ],
    "0.5": [
        0.2857142857142857
    ],
    "0.4": [
        0.3333333333333333
    ],
    "0.3": [
        0.3333333333333333
    ],
    "0.2": [
        0.3333333333333333
    ],
    "0.1": [
        0.5
    ]
}