{
    "inf": [
        0.1431472081218274
    ],
    "2": [
        0.1431472081218274
    ],
    "1.6": [
        0.14270833333333333
    ],
    "1.5": [
        0.14798206278026907
    ],
    "1.4": [
        0.14796547472256474
    ],
    "1.3": [
        0.14182344428364688
    ],
    "1.2": [
        0.1453287197231834
    ],
    "1.1": [
        0.12293144208037825
    ],
    "0.9": [
        0.13846153846153847
    ],
    "0.8": [
        0.13675213675213677
    ],
    "0.7": [
        0.0967741935483871
    ],
    "0.6": [
        0.1282051282051282
    ],
    "0.5": [
        0.18181818181818182
    ],
    "0.4": [
        0.2
    ],
    "0.3": [
        0.125
    ],
    "0.2": [
        0.16666666666666666
    ],
    "0.1": [
        0.3333333333333333
    ]
}