{
    "inf": [
        0.07715736040609138
    ],
    "2": [
        0.07918781725888324
    ],
    "1.6": [
        0.08860759493670886
    ],
    "1.5": [
        0.09634551495016612
    ],
    "1.4": [
        0.07103825136612021
    ],
    "1.3": [
        0.09174311926605505
    ],
    "1.2": [
        0.09230769230769231
    ],
    "1.1": [
        0.0975609756097561
    ],
    "0.9": [
        0.0
    ],
    "0.8": [
        0.14285714285714285
    ],
    "0.7": [
        0.0
    ],
    "0.6": [
        null
    ],
    "0.5": [
        null
    ],
    "0.4": [
        null
    ],
    "0.3": [
        null
    ],
    "0.2": [
        null
    ],
    "0.1": [
        null
    ]
}