{
    "inf": [
        0.07715736040609138
    ],
    "2": [
        0.07715736040609138
    ],
    "1.6": [
        0.09278350515463918
    ],
    "1.5": [
        0.09259259259259259
    ],
    "1.4": [
        0.1
    ],
    "1.3": [
        0.08
    ],
    "1.2": [
        0.125
    ],
    "1.1": [
        0.18181818181818182
    ],
    "0.9": [
        0.2
    ],
    "0.8": [
        0.14285714285714285
    ],
    "0.7": [
        0.16666666666666666
    ],
    "0.6": [
        0.0
    ],
    "0.5": [
        0.0
    ],
    "0.4": [
        0.0
    ],
    "0.3": [
        0.0
    ],
    "0.2": [
        0.0
    ],
    "0.1": [
        0.0
    ]
}