{
    "inf": [
        0.28527918781725886
    ],
    "2": [
        0.29035532994923857
    ],
    "1.6": [
        0.2701298701298701
    ],
    "1.5": [
        0.2517985611510791
    ],
    "1.4": [
        0.2542372881355932
    ],
    "1.3": [
        0.3103448275862069
    ],
    "1.2": [
        0.36363636363636365
    ],
    "1.1": [
        0.3333333333333333
    ],
    "0.9": [
        0.6
    ],
    "0.8": [
        0.6
    ],
    "0.7": [
        0.6
    ],
    "0.6": [
        1.0
    ],
    "0.5": [
        1.0
    ],
    "0.4": [
        1.0
    ],
    "0.3": [
        1.0
    ],
    "0.2": [
        1.0
    ],
    "0.1": [
        1.0
    ]
}