{
    "inf": [
        0.050761421319796954
    ],
    "2": [
        0.05380710659898477
    ],
    "1.6": [
        0.028169014084507043
    ],
    "1.5": [
        0.03278688524590164
    ],
    "1.4": [
        0.04918032786885246
    ],
    "1.3": [
        0.05
    ],
    "1.2": [
        0.08695652173913043
    ],
    "1.1": [
        0.125
    ],
    "0.9": [
        0.16666666666666666
    ],
    "0.8": [
        0.16666666666666666
    ],
    "0.7": [
        0.2
    ],
    "0.6": [
        0.2
    ],
    "0.5": [
        0.0
    ],
    "0.4": [
        0.0
    ],
    "0.3": [
        0.0
    ],
    "0.2": [
        0.0
    ],
    "0.1": [
        0.0
    ]
}