{
    "inf": [
        0.28527918781725886
    ],
    "2": [
        0.28527918781725886
    ],
    "1.6": [
        0.28
    ],
    "1.5": [
        0.25636363636363635
    ],
    "1.4": [
        0.25806451612903225
    ],
    "1.3": [
        0.24875621890547264
    ],
    "1.2": [
        0.2459016393442623
    ],
    "1.1": [
        0.22340425531914893
    ],
    "0.9": [
        0.14893617021276595
    ],
    "0.8": [
        0.15151515151515152
    ],
    "0.7": [
        0.18518518518518517
    ],
    "0.6": [
        0.23809523809523808
    ],
    "0.5": [
        0.2222222222222222
    ],
    "0.4": [
        0.3076923076923077
    ],
    "0.3": [
        0.375
    ],
    "0.2": [
        0.42857142857142855
    ],
    "0.1": [
        0.5
    ]
}