{
    "inf": [
        0.3065989847715736
    ],
    "2": [
        0.3065989847715736
    ],
    "1.6": [
        0.2777777777777778
    ],
    "1.5": [
        0.25894736842105265
    ],
    "1.4": [
        0.2089041095890411
    ],
    "1.3": [
        0.2192513368983957
    ],
    "1.2": [
        0.203125
    ],
    "1.1": [
        0.20618556701030927
    ],
    "0.9": [
        0.125
    ],
    "0.8": [
        0.08108108108108109
    ],
    "0.7": [
        0.06666666666666667
    ],
    "0.6": [
        0.09090909090909091
    ],
    "0.5": [
        0.0
    ],
    "0.4": [
        0.0
    ],
    "0.3": [
        0.0
    ],
    "0.2": [
        0.0
    ],
    "0.1": [
        0.0
    ]
}