{
    "inf": [
        0.09746192893401015
    ],
    "2": [
        0.09238578680203045
    ],
    "1.6": [
        0.10204081632653061
    ],
    "1.5": [
        0.1724137931034483
    ],
    "1.4": [
        0.18181818181818182
    ],
    "1.3": [
        0.23529411764705882
    ],
    "1.2": [
        0.21428571428571427
    ],
    "1.1": [
        0.375
    ],
    "0.9": [
        0.6
    ],
    "0.8": [
        0.6666666666666666
    ],
    "0.7": [
        0.6666666666666666
    ],
    "0.6": [
        0.5
    ],
    "0.5": [
        1.0
    ],
    "0.4": [
        null
    ],
    "0.3": [
        null
    ],
    "0.2": [
        null
    ],
    "0.1": [
        null
    ]
}