{
    "inf": [
        0.01015228426395939
    ],
    "2": [
        0.019289340101522844
    ],
    "1.6": [
        0.012626262626262626
    ],
    "1.5": [
        0.022556390977443608
    ],
    "1.4": [
        0.021621621621621623
    ],
    "1.3": [
        0.024193548387096774
    ],
    "1.2": [
        0.013333333333333334
    ],
    "1.1": [
        0.0
    ],
    "0.9": [
        0.0
    ],
    "0.8": [
        0.0
    ],
    "0.7": [
        0.0
    ],
    "0.6": [
        0.0
    ],
    "0.5": [
        0.0
    ],
    "0.4": [
        0.0
    ],
    "0.3": [
        0.0
    ],
    "0.2": [
        0.0
    ],
    "0.1": [
        0.0
    ]
}