{
    "inf": [
        0.05482233502538071
    ],
    "2": [
        0.05482233502538071
    ],
    "1.6": [
        0.057074910820451845
    ],
    "1.5": [
        0.054775280898876406
    ],
    "1.4": [
        0.059726962457337884
    ],
    "1.3": [
        0.04245283018867924
    ],
    "1.2": [
        0.031055900621118012
    ],
    "1.1": [
        0.036036036036036036
    ],
    "0.9": [
        0.037037037037037035
    ],
    "0.8": [
        0.04
    ],
    "0.7": [
        0.038461538461538464
    ],
    "0.6": [
        0.05555555555555555
    ],
    "0.5": [
        0.07407407407407407
    ],
    "0.4": [
        0.05
    ],
    "0.3": [
        0.0
    ],
    "0.2": [
        0.0
    ],
    "0.1": [
        0.0
    ]
}