{
    "inf": [
        0.04263959390862944
    ],
    "2": [
        0.04263959390862944
    ],
    "1.6": [
        0.04316546762589928
    ],
    "1.5": [
        0.04171011470281543
    ],
    "1.4": [
        0.04013015184381779
    ],
    "1.3": [
        0.041666666666666664
    ],
    "1.2": [
        0.043478260869565216
    ],
    "1.1": [
        0.04113110539845758
    ],
    "0.9": [
        0.04236006051437216
    ],
    "0.8": [
        0.04071661237785016
    ],
    "0.7": [
        0.03102189781021898
    ],
    "0.6": [
        0.03177966101694915
    ],
    "0.5": [
        0.0327455919395466
    ],
    "0.4": [
        0.036585365853658534
    ],
    "0.3": [
        0.0390625
    ],
    "0.2": [
        0.03888888888888889
    ],
    "0.1": [
        0.056074766355140186
    ]
}