{
    "inf": [
        0.166497461928934
    ],
    "2": [
        0.16751269035532995
    ],
    "1.6": [
        0.16852791878172588
    ],
    "1.5": [
        0.16565040650406504
    ],
    "1.4": [
        0.1649269311064718
    ],
    "1.3": [
        0.1558139534883721
    ],
    "1.2": [
        0.15543328748280605
    ],
    "1.1": [
        0.13818181818181818
    ],
    "0.9": [
        0.12560386473429952
    ],
    "0.8": [
        0.16842105263157894
    ],
    "0.7": [
        0.16666666666666666
    ],
    "0.6": [
        0.2
    ],
    "0.5": [
        0.3333333333333333
    ],
    "0.4": [
        0.3333333333333333
    ],
    "0.3": [
        0.5
    ],
    "0.2": [
        1.0
    ],
    "0.1": [
        null
    ]
}