{
    "inf": [
        0.07715736040609138
    ],
    "2": [
        0.07715736040609138
    ],
    "1.6": [
        0.07603686635944701
    ],
    "1.5": [
        0.07651006711409396
    ],
    "1.4": [
        0.07852564102564102
    ],
    "1.3": [
        0.07724425887265135
    ],
    "1.2": [
        0.08913649025069638
    ],
    "1.1": [
        0.07053941908713693
    ],
    "0.9": [
        0.08064516129032258
    ],
    "0.8": [
        0.08139534883720931
    ],
    "0.7": [
        0.08571428571428572
    ],
    "0.6": [
        0.09615384615384616
    ],
    "0.5": [
        0.10256410256410256
    ],
    "0.4": [
        0.06896551724137931
    ],
    "0.3": [
        0.08333333333333333
    ],
    "0.2": [
        0.13333333333333333
    ],
    "0.1": [
        0.2222222222222222
    ]
}