{
    "inf": [
        0.10050761421319797
    ],
    "2": [
        0.10050761421319797
    ],
    "1.6": [
        0.10071210579857579
    ],
    "1.5": [
        0.10091743119266056
    ],
    "1.4": [
        0.10112359550561797
    ],
    "1.3": [
        0.10061601642710473
    ],
    "1.2": [
        0.09966777408637874
    ],
    "1.1": [
        0.04878048780487805
    ],
    "0.9": [
        null
    ],
    "0.8": [
        null
    ],
    "0.7": [
        null
    ],
    "0.6": [
        null
    ],
    "0.5": [
        null
    ],
    "0.4": [
        null
    ],
    "0.3": [
        null
    ],
    "0.2": [
        null
    ],
    "0.1": [
        null
    ]
}