{
    "inf": [
        0.22436548223350253
    ],
    "2": [
        0.22538071065989848
    ],
    "1.6": [
        0.2222222222222222
    ],
    "1.5": [
        0.25
    ],
    "1.4": [
        0.14285714285714285
    ],
    "1.3": [
        0.0
    ],
    "1.2": [
        0.0
    ],
    "1.1": [
        0.0
    ],
    "0.9": [
        0.0
    ],
    "0.8": [
        0.0
    ],
    "0.7": [
        0.0
    ],
    "0.6": [
        0.0
    ],
    "0.5": [
        0.0
    ],
    "0.4": [
        0.0
    ],
    "0.3": [
        0.0
    ],
    "0.2": [
        0.0
    ],
    "0.1": [
        0.0
    ]
}