{
    "inf": [
        0.07309644670050762
    ],
    "2": [
        0.07309644670050762
    ],
    "1.6": [
        0.07158836689038031
    ],
    "1.5": [
        0.07021791767554479
    ],
    "1.4": [
        0.06550802139037433
    ],
    "1.3": [
        0.06851311953352769
    ],
    "1.2": [
        0.06290322580645161
    ],
    "1.1": [
        0.06666666666666667
    ],
    "0.9": [
        0.0688836104513064
    ],
    "0.8": [
        0.06371191135734072
    ],
    "0.7": [
        0.06840390879478828
    ],
    "0.6": [
        0.05555555555555555
    ],
    "0.5": [
        0.06310679611650485
    ],
    "0.4": [
        0.07142857142857142
    ],
    "0.3": [
        0.08
    ],
    "0.2": [
        0.06818181818181818
    ],
    "0.1": [
        0.034482758620689655
    ]
}