{
    "inf": [
        0.16954314720812183
    ],
    "2": [
        0.16954314720812183
    ],
    "1.6": [
        0.14035087719298245
    ],
    "1.5": [
        0.13513513513513514
    ],
    "1.4": [
        0.07407407407407407
    ],
    "1.3": [
        0.05
    ],
    "1.2": [
        0.0
    ],
    "1.1": [
        0.0
    ],
    "0.9": [
        0.0
    ],
    "0.8": [
        0.0
    ],
    "0.7": [
        0.0
    ],
    "0.6": [
        0.0
    ],
    "0.5": [
        null
    ],
    "0.4": [
        null
    ],
    "0.3": [
        null
    ],
    "0.2": [
        null
    ],
    "0.1": [
        null
    ]
}