{
    "inf": [
        0.10152284263959391
    ],
    "2": [
        0.10152284263959391
    ],
    "1.6": [
        0.08661417322834646
    ],
    "1.5": [
        0.0875
    ],
    "1.4": [
        0.08888888888888889
    ],
    "1.3": [
        0.05714285714285714
    ],
    "1.2": [
        0.04
    ],
    "1.1": [
        0.05
    ],
    "0.9": [
        0.037037037037037035
    ],
    "0.8": [
        0.041666666666666664
    ],
    "0.7": [
        0.045454545454545456
    ],
    "0.6": [
        0.058823529411764705
    ],
    "0.5": [
        0.07692307692307693
    ],
    "0.4": [
        0.1111111111111111
    ],
    "0.3": [
        0.125
    ],
    "0.2": [
        0.14285714285714285
    ],
    "0.1": [
        0.0
    ]
}