{
    "inf": [
        0.1766497461928934
    ],
    "2": [
        0.1817258883248731
    ],
    "1.6": [
        0.0
    ],
    "1.5": [
        0.0
    ],
    "1.4": [
        0.0
    ],
    "1.3": [
        0.0
    ],
    "1.2": [
        0.0
    ],
    "1.1": [
        0.0
    ],
    "0.9": [
        0.0
    ],
    "0.8": [
        null
    ],
    "0.7": [
        null
    ],
    "0.6": [
        null
    ],
    "0.5": [
        null
    ],
    "0.4": [
        null
    ],
    "0.3": [
        null
    ],
    "0.2": [
        null
    ],
    "0.1": [
        null
    ]
}