{
    "inf": [
        0.050761421319796954
    ],
    "2": [
        0.050761421319796954
    ],
    "1.6": [
        0.03636363636363636
    ],
    "1.5": [
        0.03258145363408521
    ],
    "1.4": [
        0.024691358024691357
    ],
    "1.3": [
        0.006666666666666667
    ],
    "1.2": [
        0.010752688172043012
    ],
    "1.1": [
        0.0
    ],
    "0.9": [
        0.0
    ],
    "0.8": [
        0.0
    ],
    "0.7": [
        0.0
    ],
    "0.6": [
        0.0
    ],
    "0.5": [
        0.0
    ],
    "0.4": [
        0.0
    ],
    "0.3": [
        0.0
    ],
    "0.2": [
        0.0
    ],
    "0.1": [
        0.0
    ]
}