{
    "inf": [
        0.11573604060913706
    ],
    "2": [
        0.11573604060913706
    ],
    "1.6": [
        0.11131059245960502
    ],
    "1.5": [
        0.10406091370558376
    ],
    "1.4": [
        0.09848484848484848
    ],
    "1.3": [
        0.08771929824561403
    ],
    "1.2": [
        0.06086956521739131
    ],
    "1.1": [
        0.043478260869565216
    ],
    "0.9": [
        0.02564102564102564
    ],
    "0.8": [
        0.034482758620689655
    ],
    "0.7": [
        0.0
    ],
    "0.6": [
        0.0
    ],
    "0.5": [
        0.0
    ],
    "0.4": [
        0.0
    ],
    "0.3": [
        0.0
    ],
    "0.2": [
        0.0
    ],
    "0.1": [
        0.0
    ]
}