{
    "inf": [
        0.08934010152284264
    ],
    "2": [
        0.08934010152284264
    ],
    "1.6": [
        0.08243727598566308
    ],
    "1.5": [
        0.08038147138964577
    ],
    "1.4": [
        0.07954545454545454
    ],
    "1.3": [
        0.08431372549019608
    ],
    "1.2": [
        0.07960199004975124
    ],
    "1.1": [
        0.08945686900958466
    ],
    "0.9": [
        0.06989247311827956
    ],
    "0.8": [
        0.06976744186046512
    ],
    "0.7": [
        0.07526881720430108
    ],
    "0.6": [
        0.06060606060606061
    ],
    "0.5": [
        0.06382978723404255
    ],
    "0.4": [
        0.0967741935483871
    ],
    "0.3": [
        0.038461538461538464
    ],
    "0.2": [
        0.05555555555555555
    ],
    "0.1": [
        0.14285714285714285
    ]
}