{
    "inf": [
        0.13908629441624365
    ],
    "2": [
        0.13908629441624365
    ],
    "1.6": [
        0.14025695931477516
    ],
    "1.5": [
        0.1406799531066823
    ],
    "1.4": [
        0.13692946058091288
    ],
    "1.3": [
        0.1282952548330404
    ],
    "1.2": [
        0.14148681055155876
    ],
    "1.1": [
        0.14186851211072665
    ],
    "0.9": [
        0.19148936170212766
    ],
    "0.8": [
        0.16279069767441862
    ],
    "0.7": [
        0.22413793103448276
    ],
    "0.6": [
        0.23255813953488372
    ],
    "0.5": [
        0.26666666666666666
    ],
    "0.4": [
        0.30434782608695654
    ],
    "0.3": [
        0.3888888888888889
    ],
    "0.2": [
        0.5
    ],
    "0.1": [
        0.5
    ]
}