{
    "inf": [
        0.16751269035532995
    ],
    "2": [
        0.16751269035532995
    ],
    "1.6": [
        0.3333333333333333
    ],
    "1.5": [
        0.25
    ],
    "1.4": [
        0.2
    ],
    "1.3": [
        0.0
    ],
    "1.2": [
        0.0
    ],
    "1.1": [
        null
    ],
    "0.9": [
        null
    ],
    "0.8": [
        null
    ],
    "0.7": [
        null
    ],
    "0.6": [
        null
    ],
    "0.5": [
        null
    ],
    "0.4": [
        null
    ],
    "0.3": [
        null
    ],
    "0.2": [
        null
    ],
    "0.1": [
        null
    ]
}