{
    "inf": [
        0.14213197969543148
    ],
    "2": [
        0.14111675126903553
    ],
    "1.6": [
        0.10344827586206896
    ],
    "1.5": [
        0.10638297872340426
    ],
    "1.4": [
        0.06896551724137931
    ],
    "1.3": [
        0.10526315789473684
    ],
    "1.2": [
        0.1
    ],
    "1.1": [
        0.125
    ],
    "0.9": [
        0.0
    ],
    "0.8": [
        0.0
    ],
    "0.7": [
        0.0
    ],
    "0.6": [
        0.0
    ],
    "0.5": [
        0.0
    ],
    "0.4": [
        0.0
    ],
    "0.3": [
        null
    ],
    "0.2": [
        null
    ],
    "0.1": [
        null
    ]
}