{
    "inf": [
        0.53
    ],
    "2": [
        0.53
    ],
    "1.6": [
        0.52
    ],
    "1.5": [
        0.53125
    ],
    "1.4": [
        0.5454545454545454
    ],
    "1.3": [
        0.53125
    ],
    "1.2": [
        0.391304347826087
    ],
    "1.1": [
        0.34210526315789475
    ],
    "0.9": [
        0.4666666666666667
    ],
    "0.8": [
        0.3
    ],
    "0.7": [
        0.2857142857142857
    ],
    "0.6": [
        0.25
    ],
    "0.5": [
        0.3333333333333333
    ],
    "0.4": [
        0.5
    ],
    "0.3": [
        0.0
    ],
    "0.2": [
        null
    ],
    "0.1": [
        null
    ]
}