{
    "inf": [
        0.63
    ],
    "2": [
        0.59
    ],
    "1.6": [
        0.62
    ],
    "1.5": [
        0.5903614457831325
    ],
    "1.4": [
        0.5172413793103449
    ],
    "1.3": [
        0.2727272727272727
    ],
    "1.2": [
        0.16666666666666666
    ],
    "1.1": [
        0.0
    ],
    "0.9": [
        0.0
    ],
    "0.8": [
        0.0
    ],
    "0.7": [
        0.0
    ],
    "0.6": [
        0.0
    ],
    "0.5": [
        0.0
    ],
    "0.4": [
        0.0
    ],
    "0.3": [
        null
    ],
    "0.2": [
        null
    ],
    "0.1": [
        null
    ]
}