{
    "inf": [
        0.53
    ],
    "2": [
        0.52
    ],
    "1.6": [
        0.52
    ],
    "1.5": [
        0.5324675324675324
    ],
    "1.4": [
        0.38636363636363635
    ],
    "1.3": [
        0.2608695652173913
    ],
    "1.2": [
        0.23529411764705882
    ],
    "1.1": [
        0.09090909090909091
    ],
    "0.9": [
        0.16666666666666666
    ],
    "0.8": [
        0.2
    ],
    "0.7": [
        0.0
    ],
    "0.6": [
        0.0
    ],
    "0.5": [
        0.0
    ],
    "0.4": [
        0.0
    ],
    "0.3": [
        null
    ],
    "0.2": [
        null
    ],
    "0.1": [
        null
    ]
}