{
    "inf": [
        0.56
    ],
    "2": [
        0.59
    ],
    "1.6": [
        0.57
    ],
    "1.5": [
        0.6309523809523809
    ],
    "1.4": [
        0.5535714285714286
    ],
    "1.3": [
        0.5
    ],
    "1.2": [
        0.35
    ],
    "1.1": [
        0.25
    ],
    "0.9": [
        0.25
    ],
    "0.8": [
        0.2
    ],
    "0.7": [
        0.25
    ],
    "0.6": [
        0.3333333333333333
    ],
    "0.5": [
        0.0
    ],
    "0.4": [
        0.0
    ],
    "0.3": [
        0.0
    ],
    "0.2": [
        0.0
    ],
    "0.1": [
        0.0
    ]
}