{
    "inf": [
        0.47
    ],
    "2": [
        0.48
    ],
    "1.6": [
        0.5
    ],
    "1.5": [
        0.5
    ],
    "1.4": [
        0.4642857142857143
    ],
    "1.3": [
        0.48
    ],
    "1.2": [
        0.3684210526315789
    ],
    "1.1": [
        0.41379310344827586
    ],
    "0.9": [
        0.3076923076923077
    ],
    "0.8": [
        0.3333333333333333
    ],
    "0.7": [
        0.16666666666666666
    ],
    "0.6": [
        0.3333333333333333
    ],
    "0.5": [
        0.3333333333333333
    ],
    "0.4": [
        0.0
    ],
    "0.3": [
        null
    ],
    "0.2": [
        null
    ],
    "0.1": [
        null
    ]
}