{
    "inf": [
        0.6
    ],
    "2": [
        0.61
    ],
    "1.6": [
        0.59
    ],
    "1.5": [
        0.625
    ],
    "1.4": [
        0.6376811594202898
    ],
    "1.3": [
        0.5952380952380952
    ],
    "1.2": [
        0.5
    ],
    "1.1": [
        0.5882352941176471
    ],
    "0.9": [
        0.2857142857142857
    ],
    "0.8": [
        0.0
    ],
    "0.7": [
        0.0
    ],
    "0.6": [
        0.0
    ],
    "0.5": [
        0.0
    ],
    "0.4": [
        0.0
    ],
    "0.3": [
        0.0
    ],
    "0.2": [
        0.0
    ],
    "0.1": [
        0.0
    ]
}