{
    "inf": [
        0.5
    ],
    "2": [
        0.49
    ],
    "1.6": [
        0.47
    ],
    "1.5": [
        0.5050505050505051
    ],
    "1.4": [
        0.4945054945054945
    ],
    "1.3": [
        0.4935064935064935
    ],
    "1.2": [
        0.5178571428571429
    ],
    "1.1": [
        0.4897959183673469
    ],
    "0.9": [
        0.5357142857142857
    ],
    "0.8": [
        0.5555555555555556
    ],
    "0.7": [
        0.6153846153846154
    ],
    "0.6": [
        0.4
    ],
    "0.5": [
        0.5714285714285714
    ],
    "0.4": [
        1.0
    ],
    "0.3": [
        1.0
    ],
    "0.2": [
        1.0
    ],
    "0.1": [
        null
    ]
}