{
    "inf": [
        0.58
    ],
    "2": [
        0.58
    ],
    "1.6": [
        0.59
    ],
    "1.5": [
        0.5957446808510638
    ],
    "1.4": [
        0.5081967213114754
    ],
    "1.3": [
        0.4523809523809524
    ],
    "1.2": [
        0.42857142857142855
    ],
    "1.1": [
        0.3333333333333333
    ],
    "0.9": [
        0.4
    ],
    "0.8": [
        0.25
    ],
    "0.7": [
        0.5
    ],
    "0.6": [
        0.0
    ],
    "0.5": [
        0.0
    ],
    "0.4": [
        null
    ],
    "0.3": [
        null
    ],
    "0.2": [
        null
    ],
    "0.1": [
        null
    ]
}