{
    "inf": [
        0.5
    ],
    "2": [
        0.51
    ],
    "1.6": [
        0.51
    ],
    "1.5": [
        0.53125
    ],
    "1.4": [
        0.4642857142857143
    ],
    "1.3": [
        0.42592592592592593
    ],
    "1.2": [
        0.3333333333333333
    ],
    "1.1": [
        0.2608695652173913
    ],
    "0.9": [
        0.1111111111111111
    ],
    "0.8": [
        0.125
    ],
    "0.7": [
        0.2
    ],
    "0.6": [
        0.25
    ],
    "0.5": [
        0.0
    ],
    "0.4": [
        null
    ],
    "0.3": [
        null
    ],
    "0.2": [
        null
    ],
    "0.1": [
        null
    ]
}