{
    "inf": [
        0.57
    ],
    "2": [
        0.58
    ],
    "1.6": [
        0.56
    ],
    "1.5": [
        0.5625
    ],
    "1.4": [
        0.5573770491803278
    ],
    "1.3": [
        0.39285714285714285
    ],
    "1.2": [
        0.25
    ],
    "1.1": [
        0.25
    ],
    "0.9": [
        0.5
    ],
    "0.8": [
        null
    ],
    "0.7": [
        null
    ],
    "0.6": [
        null
    ],
    "0.5": [
        null
    ],
    "0.4": [
        null
    ],
    "0.3": [
        null
    ],
    "0.2": [
        null
    ],
    "0.1": [
        null
    ]
}