{
    "inf": [
        0.48
    ],
    "2": [
        0.48
    ],
    "1.6": [
        0.4479166666666667
    ],
    "1.5": [
        0.1111111111111111
    ],
    "1.4": [
        0.0
    ],
    "1.3": [
        null
    ],
    "1.2": [
        null
    ],
    "1.1": [
        null
    ],
    "0.9": [
        null
    ],
    "0.8": [
        null
    ],
    "0.7": [
        null
    ],
    "0.6": [
        null
    ],
    "0.5": [
        null
    ],
    "0.4": [
        null
    ],
    "0.3": [
        null
    ],
    "0.2": [
        null
    ],
    "0.1": [
        null
    ]
}