{
    "inf": [
        0.61
    ],
    "2": [
        0.64
    ],
    "1.6": [
        0.6
    ],
    "1.5": [
        0.6235294117647059
    ],
    "1.4": [
        0.6521739130434783
    ],
    "1.3": [
        0.6153846153846154
    ],
    "1.2": [
        0.5517241379310345
    ],
    "1.1": [
        0.5555555555555556
    ],
    "0.9": [
        0.25
    ],
    "0.8": [
        0.0
    ],
    "0.7": [
        0.0
    ],
    "0.6": [
        0.0
    ],
    "0.5": [
        0.0
    ],
    "0.4": [
        0.0
    ],
    "0.3": [
        null
    ],
    "0.2": [
        null
    ],
    "0.1": [
        null
    ]
}