{
    "inf": [
        0.25
    ],
    "2": [
        0.31
    ],
    "1.6": [
        0.37
    ],
    "1.5": [
        0.2549019607843137
    ],
    "1.4": [
        0.21428571428571427
    ],
    "1.3": [
        1.0
    ],
    "1.2": [
        1.0
    ],
    "1.1": [
        1.0
    ],
    "0.9": [
        1.0
    ],
    "0.8": [
        null
    ],
    "0.7": [
        null
    ],
    "0.6": [
        null
    ],
    "0.5": [
        null
    ],
    "0.4": [
        null
    ],
    "0.3": [
        null
    ],
    "0.2": [
        null
    ],
    "0.1": [
        null
    ]
}