{
    "inf": [
        0.6
    ],
    "2": [
        0.59
    ],
    "1.6": [
        0.63
    ],
    "1.5": [
        0.5714285714285714
    ],
    "1.4": [
        0.5894736842105263
    ],
    "1.3": [
        0.5952380952380952
    ],
    "1.2": [
        0.6323529411764706
    ],
    "1.1": [
        0.639344262295082
    ],
    "0.9": [
        0.6842105263157895
    ],
    "0.8": [
        0.696969696969697
    ],
    "0.7": [
        0.7083333333333334
    ],
    "0.6": [
        0.72
    ],
    "0.5": [
        0.7333333333333333
    ],
    "0.4": [
        0.8
    ],
    "0.3": [
        0.8461538461538461
    ],
    "0.2": [
        0.6666666666666666
    ],
    "0.1": [
        0.3333333333333333
    ]
}