{
    "inf": [
        0.47
    ],
    "2": [
        0.44
    ],
    "1.6": [
        0.5353535353535354
    ],
    "1.5": [
        0.4520547945205479
    ],
    "1.4": [
        0.4897959183673469
    ],
    "1.3": [
        0.5405405405405406
    ],
    "1.2": [
        0.5769230769230769
    ],
    "1.1": [
        0.5454545454545454
    ],
    "0.9": [
        0.6666666666666666
    ],
    "0.8": [
        0.5
    ],
    "0.7": [
        0.2
    ],
    "0.6": [
        0.3333333333333333
    ],
    "0.5": [
        0.25
    ],
    "0.4": [
        0.0
    ],
    "0.3": [
        0.0
    ],
    "0.2": [
        0.0
    ],
    "0.1": [
        0.0
    ]
}