{
    "inf": [
        0.65
    ],
    "2": [
        0.63
    ],
    "1.6": [
        0.62
    ],
    "1.5": [
        0.6326530612244898
    ],
    "1.4": [
        0.648936170212766
    ],
    "1.3": [
        0.6951219512195121
    ],
    "1.2": [
        0.7083333333333334
    ],
    "1.1": [
        0.7538461538461538
    ],
    "0.9": [
        0.7647058823529411
    ],
    "0.8": [
        0.7777777777777778
    ],
    "0.7": [
        0.825
    ],
    "0.6": [
        0.8620689655172413
    ],
    "0.5": [
        0.9166666666666666
    ],
    "0.4": [
        0.8846153846153846
    ],
    "0.3": [
        0.8421052631578947
    ],
    "0.2": [
        0.8888888888888888
    ],
    "0.1": [
        0.8333333333333334
    ]
}