{
    "inf": [
        0.42
    ],
    "2": [
        0.4
    ],
    "1.6": [
        0.44
    ],
    "1.5": [
        0.5192307692307693
    ],
    "1.4": [
        0.52
    ],
    "1.3": [
        0.5384615384615384
    ],
    "1.2": [
        0.5
    ],
    "1.1": [
        0.5
    ],
    "0.9": [
        0.0
    ],
    "0.8": [
        0.0
    ],
    "0.7": [
        0.0
    ],
    "0.6": [
        0.0
    ],
    "0.5": [
        0.0
    ],
    "0.4": [
        null
    ],
    "0.3": [
        null
    ],
    "0.2": [
        null
    ],
    "0.1": [
        null
    ]
}