{
    "inf": [
        0.6
    ],
    "2": [
        0.6
    ],
    "1.6": [
        0.6
    ],
    "1.5": [
        0.6565656565656566
    ],
    "1.4": [
        0.6382978723404256
    ],
    "1.3": [
        0.6363636363636364
    ],
    "1.2": [
        0.7222222222222222
    ],
    "1.1": [
        0.6567164179104478
    ],
    "0.9": [
        0.7
    ],
    "0.8": [
        0.7297297297297297
    ],
    "0.7": [
        0.8076923076923077
    ],
    "0.6": [
        0.8260869565217391
    ],
    "0.5": [
        0.9375
    ],
    "0.4": [
        0.8823529411764706
    ],
    "0.3": [
        0.9090909090909091
    ],
    "0.2": [
        0.9090909090909091
    ],
    "0.1": [
        0.8
    ]
}