{
    "inf": [
        0.43
    ],
    "2": [
        0.43
    ],
    "1.6": [
        0.42424242424242425
    ],
    "1.5": [
        0.5714285714285714
    ],
    "1.4": [
        0.0
    ],
    "1.3": [
        0.0
    ],
    "1.2": [
        0.0
    ],
    "1.1": [
        0.0
    ],
    "0.9": [
        0.0
    ],
    "0.8": [
        0.0
    ],
    "0.7": [
        0.0
    ],
    "0.6": [
        0.0
    ],
    "0.5": [
        0.0
    ],
    "0.4": [
        0.0
    ],
    "0.3": [
        0.0
    ],
    "0.2": [
        null
    ],
    "0.1": [
        null
    ]
}