{
    "inf": [
        0.38
    ],
    "2": [
        0.4
    ],
    "1.6": [
        0.4
    ],
    "1.5": [
        0.41025641025641024
    ],
    "1.4": [
        0.41304347826086957
    ],
    "1.3": [
        0.4230769230769231
    ],
    "1.2": [
        0.3333333333333333
    ],
    "1.1": [
        0.2
    ],
    "0.9": [
        0.5
    ],
    "0.8": [
        0.5
    ],
    "0.7": [
        null
    ],
    "0.6": [
        null
    ],
    "0.5": [
        null
    ],
    "0.4": [
        null
    ],
    "0.3": [
        null
    ],
    "0.2": [
        null
    ],
    "0.1": [
        null
    ]
}