{
    "inf": [
        0.43
    ],
    "2": [
        0.46
    ],
    "1.6": [
        0.46938775510204084
    ],
    "1.5": [
        0.48
    ],
    "1.4": [
        0.16666666666666666
    ],
    "1.3": [
        0.5
    ],
    "1.2": [
        0.0
    ],
    "1.1": [
        0.0
    ],
    "0.9": [
        null
    ],
    "0.8": [
        null
    ],
    "0.7": [
        null
    ],
    "0.6": [
        null
    ],
    "0.5": [
        null
    ],
    "0.4": [
        null
    ],
    "0.3": [
        null
    ],
    "0.2": [
        null
    ],
    "0.1": [
        null
    ]
}