{
    "inf": [
        0.64
    ],
    "2": [
        0.63
    ],
    "1.6": [
        0.63
    ],
    "1.5": [
        0.6262626262626263
    ],
    "1.4": [
        0.6842105263157895
    ],
    "1.3": [
        0.6444444444444445
    ],
    "1.2": [
        0.6707317073170732
    ],
    "1.1": [
        0.6973684210526315
    ],
    "0.9": [
        0.7377049180327869
    ],
    "0.8": [
        0.7543859649122807
    ],
    "0.7": [
        0.7777777777777778
    ],
    "0.6": [
        0.8
    ],
    "0.5": [
        0.8076923076923077
    ],
    "0.4": [
        0.8260869565217391
    ],
    "0.3": [
        0.7222222222222222
    ],
    "0.2": [
        0.8125
    ],
    "0.1": [
        0.8888888888888888
    ]
}