{
    "inf": [
        0.61
    ],
    "2": [
        0.6
    ],
    "1.6": [
        0.59
    ],
    "1.5": [
        0.5876288659793815
    ],
    "1.4": [
        0.6195652173913043
    ],
    "1.3": [
        0.6235294117647059
    ],
    "1.2": [
        0.68
    ],
    "1.1": [
        0.6818181818181818
    ],
    "0.9": [
        0.813953488372093
    ],
    "0.8": [
        0.8064516129032258
    ],
    "0.7": [
        0.8846153846153846
    ],
    "0.6": [
        0.782608695652174
    ],
    "0.5": [
        0.8095238095238095
    ],
    "0.4": [
        0.8125
    ],
    "0.3": [
        0.75
    ],
    "0.2": [
        0.8181818181818182
    ],
    "0.1": [
        0.75
    ]
}