{
    "inf": [
        0.42
    ],
    "2": [
        0.42
    ],
    "1.6": [
        0.44
    ],
    "1.5": [
        0.46835443037974683
    ],
    "1.4": [
        0.5192307692307693
    ],
    "1.3": [
        0.5454545454545454
    ],
    "1.2": [
        0.5416666666666666
    ],
    "1.1": [
        0.5
    ],
    "0.9": [
        0.25
    ],
    "0.8": [
        0.4
    ],
    "0.7": [
        0.5
    ],
    "0.6": [
        0.0
    ],
    "0.5": [
        0.0
    ],
    "0.4": [
        0.0
    ],
    "0.3": [
        0.0
    ],
    "0.2": [
        0.0
    ],
    "0.1": [
        0.0
    ]
}