{
    "inf": [
        0.46
    ],
    "2": [
        0.44
    ],
    "1.6": [
        0.43
    ],
    "1.5": [
        0.4074074074074074
    ],
    "1.4": [
        0.4
    ],
    "1.3": [
        0.1111111111111111
    ],
    "1.2": [
        0.16666666666666666
    ],
    "1.1": [
        0.5
    ],
    "0.9": [
        0.0
    ],
    "0.8": [
        0.0
    ],
    "0.7": [
        0.0
    ],
    "0.6": [
        0.0
    ],
    "0.5": [
        0.0
    ],
    "0.4": [
        0.0
    ],
    "0.3": [
        0.0
    ],
    "0.2": [
        0.0
    ],
    "0.1": [
        0.0
    ]
}