{
    "inf": [
        0.916652747619843
    ],
    "2": [
        0.9156908665105387
    ],
    "1.6": [
        0.9450178269844248
    ],
    "1.5": [
        0.9529990167158309
    ],
    "1.4": [
        0.9593814432989691
    ],
    "1.3": [
        0.9626086956521739
    ],
    "1.2": [
        0.9701629561624971
    ],
    "1.1": [
        0.9751461988304093
    ],
    "0.9": [
        0.980309423347398
    ],
    "0.8": [
        0.9828850855745721
    ],
    "0.7": [
        0.9846410684474124
    ],
    "0.6": [
        0.9847356664184661
    ],
    "0.5": [
        0.9869253479544496
    ],
    "0.4": [
        0.9857423795476893
    ],
    "0.3": [
        0.9855421686746988
    ],
    "0.2": [
        0.9841004184100418
    ],
    "0.1": [
        0.9837997054491899
    ]
}