{
    "inf": [
        0.8951060631367964
    ],
    "2": [
        0.8951060631367964
    ],
    "1.6": [
        0.9566532258064516
    ],
    "1.5": [
        0.9614678899082569
    ],
    "1.4": [
        0.9666919000757003
    ],
    "1.3": [
        0.9748768472906404
    ],
    "1.2": [
        0.981417756366139
    ],
    "1.1": [
        0.9902912621359223
    ],
    "0.9": [
        1.0
    ],
    "0.8": [
        1.0
    ],
    "0.7": [
        1.0
    ],
    "0.6": [
        1.0
    ],
    "0.5": [
        null
    ],
    "0.4": [
        null
    ],
    "0.3": [
        null
    ],
    "0.2": [
        null
    ],
    "0.1": [
        null
    ]
}