{
    "inf": [
        0.8915984633372307
    ],
    "2": [
        0.8915984633372307
    ],
    "1.6": [
        0.9572207084468665
    ],
    "1.5": [
        0.9634437991117185
    ],
    "1.4": [
        0.9699646643109541
    ],
    "1.3": [
        0.9783393501805054
    ],
    "1.2": [
        0.9849198868991518
    ],
    "1.1": [
        0.9922360248447205
    ],
    "0.9": [
        1.0
    ],
    "0.8": [
        1.0
    ],
    "0.7": [
        1.0
    ],
    "0.6": [
        1.0
    ],
    "0.5": [
        1.0
    ],
    "0.4": [
        null
    ],
    "0.3": [
        null
    ],
    "0.2": [
        null
    ],
    "0.1": [
        null
    ]
}