{
    "inf": [
        0.8964422916318691
    ],
    "2": [
        0.8964422916318691
    ],
    "1.6": [
        0.9167539267015706
    ],
    "1.5": [
        0.9253999640481755
    ],
    "1.4": [
        0.9343593547190803
    ],
    "1.3": [
        0.943512627723154
    ],
    "1.2": [
        0.950582563278425
    ],
    "1.1": [
        0.9568421052631579
    ],
    "0.9": [
        0.9650366170564612
    ],
    "0.8": [
        0.970092988187987
    ],
    "0.7": [
        0.9745434421693414
    ],
    "0.6": [
        0.9782542113323124
    ],
    "0.5": [
        0.9836293974225009
    ],
    "0.4": [
        0.986223662884927
    ],
    "0.3": [
        0.9890873015873016
    ],
    "0.2": [
        0.9925373134328358
    ],
    "0.1": [
        0.9950433705080545
    ]
}