{
    "inf": [
        0.9193252046099883
    ],
    "2": [
        0.9205685618729097
    ],
    "1.6": [
        0.9395030608570399
    ],
    "1.5": [
        0.9441464767893472
    ],
    "1.4": [
        0.9494543365881677
    ],
    "1.3": [
        0.9566606750549231
    ],
    "1.2": [
        0.960534558362915
    ],
    "1.1": [
        0.964481473361105
    ],
    "0.9": [
        0.9722897423432183
    ],
    "0.8": [
        0.9769728331177232
    ],
    "0.7": [
        0.9813888888888889
    ],
    "0.6": [
        0.9834884419093365
    ],
    "0.5": [
        0.9846256684491979
    ],
    "0.4": [
        0.9852830188679246
    ],
    "0.3": [
        0.9857270294380018
    ],
    "0.2": [
        0.9840637450199203
    ],
    "0.1": [
        0.9837631327602674
    ]
}