{
    "inf": [
        0.8920995490228829
    ],
    "2": [
        0.8920995490228829
    ],
    "1.6": [
        0.9169918410783966
    ],
    "1.5": [
        0.9260821716801174
    ],
    "1.4": [
        0.93572922608861
    ],
    "1.3": [
        0.9451593743813106
    ],
    "1.2": [
        0.9506096300888613
    ],
    "1.1": [
        0.9558311575282855
    ],
    "0.9": [
        0.9649673834259483
    ],
    "0.8": [
        0.9696111254184908
    ],
    "0.7": [
        0.9746835443037974
    ],
    "0.6": [
        0.9796233405372028
    ],
    "0.5": [
        0.9833852544132918
    ],
    "0.4": [
        0.9847144006436042
    ],
    "0.3": [
        0.9876907927129492
    ],
    "0.2": [
        0.9899531145344943
    ],
    "0.1": [
        0.9930795847750865
    ]
}