{
    "inf": [
        0.8981125772507099
    ],
    "2": [
        0.8981125772507099
    ],
    "1.6": [
        0.9150599270453361
    ],
    "1.5": [
        0.9232827832292596
    ],
    "1.4": [
        0.9321940463065049
    ],
    "1.3": [
        0.9405959385082558
    ],
    "1.2": [
        0.9489816096499901
    ],
    "1.1": [
        0.953228476821192
    ],
    "0.9": [
        0.9626916914625773
    ],
    "0.8": [
        0.968438941490653
    ],
    "0.7": [
        0.972048066875653
    ],
    "0.6": [
        0.9773314203730272
    ],
    "0.5": [
        0.9809705042816366
    ],
    "0.4": [
        0.9850310332238043
    ],
    "0.3": [
        0.9864864864864865
    ],
    "0.2": [
        0.9897552646556631
    ],
    "0.1": [
        0.9925925925925926
    ]
}