{
    "inf": [
        0.8974444630031736
    ],
    "2": [
        0.8974444630031736
    ],
    "1.6": [
        0.9104964782683388
    ],
    "1.5": [
        0.9177793394237527
    ],
    "1.4": [
        0.925672018762403
    ],
    "1.3": [
        0.9325821943110454
    ],
    "1.2": [
        0.9420539300057372
    ],
    "1.1": [
        0.9505703422053232
    ],
    "0.9": [
        0.9616063548102383
    ],
    "0.8": [
        0.9652842497670084
    ],
    "0.7": [
        0.9722707969023232
    ],
    "0.6": [
        0.9748240389821332
    ],
    "0.5": [
        0.9805097451274363
    ],
    "0.4": [
        0.9840244731475187
    ],
    "0.3": [
        0.9856172592888534
    ],
    "0.2": [
        0.9867075664621677
    ],
    "0.1": [
        0.9928057553956835
    ]
}