{
    "inf": [
        0.8936028060798397
    ],
    "2": [
        0.8936028060798397
    ],
    "1.6": [
        0.9191374663072777
    ],
    "1.5": [
        0.9284242083567548
    ],
    "1.4": [
        0.9393404004711425
    ],
    "1.3": [
        0.9480817347789825
    ],
    "1.2": [
        0.9536772777167948
    ],
    "1.1": [
        0.9580125962211337
    ],
    "0.9": [
        0.9665775401069518
    ],
    "0.8": [
        0.9728467153284671
    ],
    "0.7": [
        0.9763624425476034
    ],
    "0.6": [
        0.9831964152352501
    ],
    "0.5": [
        0.9847094801223242
    ],
    "0.4": [
        0.9866737739872068
    ],
    "0.3": [
        0.9884117246080436
    ],
    "0.2": [
        0.9921104536489151
    ],
    "0.1": [
        0.9943714821763602
    ]
}