{
    "inf": [
        0.896275263069985
    ],
    "2": [
        0.896275263069985
    ],
    "1.6": [
        0.9166666666666666
    ],
    "1.5": [
        0.9250990277277638
    ],
    "1.4": [
        0.9354357156185855
    ],
    "1.3": [
        0.9433268858800774
    ],
    "1.2": [
        0.9502317146886964
    ],
    "1.1": [
        0.9548237280979522
    ],
    "0.9": [
        0.9645744174988112
    ],
    "0.8": [
        0.9693127060613745
    ],
    "0.7": [
        0.9760178471834914
    ],
    "0.6": [
        0.9797885572139303
    ],
    "0.5": [
        0.9841549295774648
    ],
    "0.4": [
        0.9875518672199171
    ],
    "0.3": [
        0.9893955461293743
    ],
    "0.2": [
        0.9955882352941177
    ],
    "0.1": [
        0.9945429740791268
    ]
}