{
    "inf": [
        0.8956071488224486
    ],
    "2": [
        0.8956071488224486
    ],
    "1.6": [
        0.9598765432098766
    ],
    "1.5": [
        0.9657251666137734
    ],
    "1.4": [
        0.9712689545091779
    ],
    "1.3": [
        0.9777660137638963
    ],
    "1.2": [
        0.9844357976653697
    ],
    "1.1": [
        0.9886934673366834
    ],
    "0.9": [
        1.0
    ],
    "0.8": [
        1.0
    ],
    "0.7": [
        1.0
    ],
    "0.6": [
        1.0
    ],
    "0.5": [
        1.0
    ],
    "0.4": [
        null
    ],
    "0.3": [
        null
    ],
    "0.2": [
        null
    ],
    "0.1": [
        null
    ]
}