{
    "inf": [
        0.8951060631367964
    ],
    "2": [
        0.8951060631367964
    ],
    "1.6": [
        0.9118414188836724
    ],
    "1.5": [
        0.920207997131074
    ],
    "1.4": [
        0.9290203327171904
    ],
    "1.3": [
        0.9381126273303864
    ],
    "1.2": [
        0.947981522394055
    ],
    "1.1": [
        0.9541904158750264
    ],
    "0.9": [
        0.9626123994320871
    ],
    "0.8": [
        0.9682821618878458
    ],
    "0.7": [
        0.9734513274336283
    ],
    "0.6": [
        0.9774045801526717
    ],
    "0.5": [
        0.9819004524886877
    ],
    "0.4": [
        0.983739837398374
    ],
    "0.3": [
        0.9860904123199206
    ],
    "0.2": [
        0.9892833221701273
    ],
    "0.1": [
        0.9919632606199771
    ]
}