{
    "inf": [
        0.8885919492233172
    ],
    "2": [
        0.8885919492233172
    ],
    "1.6": [
        0.9557739557739557
    ],
    "1.5": [
        0.9628099173553719
    ],
    "1.4": [
        0.9694419840566874
    ],
    "1.3": [
        0.9772455089820359
    ],
    "1.2": [
        0.9890210430009149
    ],
    "1.1": [
        0.993660855784469
    ],
    "0.9": [
        1.0
    ],
    "0.8": [
        1.0
    ],
    "0.7": [
        1.0
    ],
    "0.6": [
        1.0
    ],
    "0.5": [
        null
    ],
    "0.4": [
        null
    ],
    "0.3": [
        null
    ],
    "0.2": [
        null
    ],
    "0.1": [
        null
    ]
}