{
    "inf": [
        0.892266577584767
    ],
    "2": [
        0.892266577584767
    ],
    "1.6": [
        0.9559684398065665
    ],
    "1.5": [
        0.9618869103405185
    ],
    "1.4": [
        0.9678294573643411
    ],
    "1.3": [
        0.9752650176678446
    ],
    "1.2": [
        0.9853249475890985
    ],
    "1.1": [
        0.9901315789473685
    ],
    "0.9": [
        1.0
    ],
    "0.8": [
        1.0
    ],
    "0.7": [
        1.0
    ],
    "0.6": [
        1.0
    ],
    "0.5": [
        null
    ],
    "0.4": [
        null
    ],
    "0.3": [
        null
    ],
    "0.2": [
        null
    ],
    "0.1": [
        null
    ]
}