{
    "inf": [
        0.8890930349089694
    ],
    "2": [
        0.8890930349089694
    ],
    "1.6": [
        0.9539227895392279
    ],
    "1.5": [
        0.9618024470307371
    ],
    "1.4": [
        0.967032967032967
    ],
    "1.3": [
        0.9757688723205965
    ],
    "1.2": [
        0.9836580766813325
    ],
    "1.1": [
        0.9887429643527205
    ],
    "0.9": [
        1.0
    ],
    "0.8": [
        1.0
    ],
    "0.7": [
        1.0
    ],
    "0.6": [
        1.0
    ],
    "0.5": [
        null
    ],
    "0.4": [
        null
    ],
    "0.3": [
        null
    ],
    "0.2": [
        null
    ],
    "0.1": [
        null
    ]
}