{
    "inf": [
        0.8927676632704192
    ],
    "2": [
        0.8927676632704192
    ],
    "1.6": [
        0.9599004424778761
    ],
    "1.5": [
        0.9667244367417678
    ],
    "1.4": [
        0.9747178329571106
    ],
    "1.3": [
        0.9840966921119593
    ],
    "1.2": [
        0.9872173058013766
    ],
    "1.1": [
        0.993517017828201
    ],
    "0.9": [
        1.0
    ],
    "0.8": [
        1.0
    ],
    "0.7": [
        1.0
    ],
    "0.6": [
        1.0
    ],
    "0.5": [
        null
    ],
    "0.4": [
        null
    ],
    "0.3": [
        null
    ],
    "0.2": [
        null
    ],
    "0.1": [
        null
    ]
}