{
    "inf": [
        0.8924336061466511
    ],
    "2": [
        0.8924336061466511
    ],
    "1.6": [
        0.9571718195641156
    ],
    "1.5": [
        0.9645061728395061
    ],
    "1.4": [
        0.9716257668711656
    ],
    "1.3": [
        0.9807692307692307
    ],
    "1.2": [
        0.9865056818181818
    ],
    "1.1": [
        0.9945593035908596
    ],
    "0.9": [
        1.0
    ],
    "0.8": [
        1.0
    ],
    "0.7": [
        1.0
    ],
    "0.6": [
        1.0
    ],
    "0.5": [
        1.0
    ],
    "0.4": [
        null
    ],
    "0.3": [
        null
    ],
    "0.2": [
        null
    ],
    "0.1": [
        null
    ]
}