{
    "inf": [
        0.890262234842158
    ],
    "2": [
        0.890262234842158
    ],
    "1.6": [
        0.9559920437593237
    ],
    "1.5": [
        0.9642749924947464
    ],
    "1.4": [
        0.9717051377513031
    ],
    "1.3": [
        0.9791059280855199
    ],
    "1.2": [
        0.984553391537945
    ],
    "1.1": [
        0.9919191919191919
    ],
    "0.9": [
        1.0
    ],
    "0.8": [
        1.0
    ],
    "0.7": [
        1.0
    ],
    "0.6": [
        1.0
    ],
    "0.5": [
        null
    ],
    "0.4": [
        null
    ],
    "0.3": [
        null
    ],
    "0.2": [
        null
    ],
    "0.1": [
        null
    ]
}