{
    "inf": [
        0.8872557207282445
    ],
    "2": [
        0.8872557207282445
    ],
    "1.6": [
        0.9528769841269841
    ],
    "1.5": [
        0.9608540925266904
    ],
    "1.4": [
        0.9649749821300929
    ],
    "1.3": [
        0.9724444444444444
    ],
    "1.2": [
        0.97877223178428
    ],
    "1.1": [
        0.9865930599369085
    ],
    "0.9": [
        1.0
    ],
    "0.8": [
        1.0
    ],
    "0.7": [
        1.0
    ],
    "0.6": [
        1.0
    ],
    "0.5": [
        1.0
    ],
    "0.4": [
        1.0
    ],
    "0.3": [
        null
    ],
    "0.2": [
        null
    ],
    "0.1": [
        null
    ]
}