{
    "inf": [
        0.914648404877234
    ],
    "2": [
        0.9154129053828152
    ],
    "1.6": [
        0.9386380189366351
    ],
    "1.5": [
        0.9429052789217521
    ],
    "1.4": [
        0.948218804749854
    ],
    "1.3": [
        0.9552969993876301
    ],
    "1.2": [
        0.961102799743535
    ],
    "1.1": [
        0.9669662921348314
    ],
    "0.9": [
        0.9754631947921882
    ],
    "0.8": [
        0.9787919463087248
    ],
    "0.7": [
        0.9822880371660859
    ],
    "0.6": [
        0.9837372448979592
    ],
    "0.5": [
        0.9848538217682282
    ],
    "0.4": [
        0.9836653386454183
    ],
    "0.3": [
        0.9843006660323501
    ],
    "0.2": [
        0.9824561403508771
    ],
    "0.1": [
        0.9804147465437788
    ]
}