{
    "inf": [
        0.8905962919659262
    ],
    "2": [
        0.8905962919659262
    ],
    "1.6": [
        0.9541888129587446
    ],
    "1.5": [
        0.95897903372835
    ],
    "1.4": [
        0.9639405204460967
    ],
    "1.3": [
        0.9722488038277513
    ],
    "1.2": [
        0.9772135416666666
    ],
    "1.1": [
        0.9847560975609756
    ],
    "0.9": [
        1.0
    ],
    "0.8": [
        1.0
    ],
    "0.7": [
        1.0
    ],
    "0.6": [
        1.0
    ],
    "0.5": [
        1.0
    ],
    "0.4": [
        null
    ],
    "0.3": [
        null
    ],
    "0.2": [
        null
    ],
    "0.1": [
        null
    ]
}