{
    "inf": [
        0.8927676632704192
    ],
    "2": [
        0.8927676632704192
    ],
    "1.6": [
        0.9552658486707567
    ],
    "1.5": [
        0.9624223602484472
    ],
    "1.4": [
        0.9684615384615385
    ],
    "1.3": [
        0.975867269984917
    ],
    "1.2": [
        0.9827709978463748
    ],
    "1.1": [
        0.9848484848484849
    ],
    "0.9": [
        1.0
    ],
    "0.8": [
        1.0
    ],
    "0.7": [
        1.0
    ],
    "0.6": [
        1.0
    ],
    "0.5": [
        null
    ],
    "0.4": [
        null
    ],
    "0.3": [
        null
    ],
    "0.2": [
        null
    ],
    "0.1": [
        null
    ]
}