{
    "inf": [
        0.8952730916986805
    ],
    "2": [
        0.8952730916986805
    ],
    "1.6": [
        0.9154141908423629
    ],
    "1.5": [
        0.9249416412282276
    ],
    "1.4": [
        0.9329992576095026
    ],
    "1.3": [
        0.9422076671161626
    ],
    "1.2": [
        0.9511998386771526
    ],
    "1.1": [
        0.9552175749894382
    ],
    "0.9": [
        0.9629455909943715
    ],
    "0.8": [
        0.9682182182182182
    ],
    "0.7": [
        0.9739484396200814
    ],
    "0.6": [
        0.9803395889186773
    ],
    "0.5": [
        0.9839142091152815
    ],
    "0.4": [
        0.9845619451949055
    ],
    "0.3": [
        0.9877010406811731
    ],
    "0.2": [
        0.9887147335423198
    ],
    "0.1": [
        0.9933481152993349
    ]
}