{
    "inf": [
        0.8934357775179556
    ],
    "2": [
        0.8934357775179556
    ],
    "1.6": [
        0.9599266631744369
    ],
    "1.5": [
        0.9655511811023622
    ],
    "1.4": [
        0.9723038187159043
    ],
    "1.3": [
        0.9802927927927928
    ],
    "1.2": [
        0.987785016286645
    ],
    "1.1": [
        0.9941245593419507
    ],
    "0.9": [
        1.0
    ],
    "0.8": [
        1.0
    ],
    "0.7": [
        1.0
    ],
    "0.6": [
        1.0
    ],
    "0.5": [
        null
    ],
    "0.4": [
        null
    ],
    "0.3": [
        null
    ],
    "0.2": [
        null
    ],
    "0.1": [
        null
    ]
}