{
    "inf": [
        0.892266577584767
    ],
    "2": [
        0.892266577584767
    ],
    "1.6": [
        0.9577889447236181
    ],
    "1.5": [
        0.9630638813200121
    ],
    "1.4": [
        0.9678135405105438
    ],
    "1.3": [
        0.9761904761904762
    ],
    "1.2": [
        0.9853968253968254
    ],
    "1.1": [
        0.9896907216494846
    ],
    "0.9": [
        1.0
    ],
    "0.8": [
        1.0
    ],
    "0.7": [
        1.0
    ],
    "0.6": [
        1.0
    ],
    "0.5": [
        1.0
    ],
    "0.4": [
        null
    ],
    "0.3": [
        null
    ],
    "0.2": [
        null
    ],
    "0.1": [
        null
    ]
}