{
    "inf": [
        0.8972774344412895
    ],
    "2": [
        0.8972774344412895
    ],
    "1.6": [
        0.911790091489729
    ],
    "1.5": [
        0.9205028328611898
    ],
    "1.4": [
        0.9301859278162595
    ],
    "1.3": [
        0.9374530428249437
    ],
    "1.2": [
        0.9475640774799452
    ],
    "1.1": [
        0.9536941757563284
    ],
    "0.9": [
        0.9637281910009182
    ],
    "0.8": [
        0.967444120505345
    ],
    "0.7": [
        0.9726890756302521
    ],
    "0.6": [
        0.9764840837396043
    ],
    "0.5": [
        0.980529843600383
    ],
    "0.4": [
        0.9835285505124451
    ],
    "0.3": [
        0.985178727114211
    ],
    "0.2": [
        0.9869909502262444
    ],
    "0.1": [
        0.9916044776119403
    ]
}