{
    "inf": [
        0.9193252046099883
    ],
    "2": [
        0.9186202277294039
    ],
    "1.6": [
        0.9450056116722784
    ],
    "1.5": [
        0.9500783085356304
    ],
    "1.4": [
        0.9562268803945746
    ],
    "1.3": [
        0.9603552859618717
    ],
    "1.2": [
        0.968944099378882
    ],
    "1.1": [
        0.9732777641578818
    ],
    "0.9": [
        0.9804905239687849
    ],
    "0.8": [
        0.9838954725007596
    ],
    "0.7": [
        0.9852022361065439
    ],
    "0.6": [
        0.9841503870254331
    ],
    "0.5": [
        0.9862040133779264
    ],
    "0.4": [
        0.9852143913257763
    ],
    "0.3": [
        0.9873111782477342
    ],
    "0.2": [
        0.9865092748735245
    ],
    "0.1": [
        0.9841521394611727
    ]
}