{
    "inf": [
        0.892266577584767
    ],
    "2": [
        0.892266577584767
    ],
    "1.6": [
        0.9592242665340627
    ],
    "1.5": [
        0.9650562139167427
    ],
    "1.4": [
        0.9725400457665904
    ],
    "1.3": [
        0.9789094650205762
    ],
    "1.2": [
        0.986046511627907
    ],
    "1.1": [
        0.9944979367262724
    ],
    "0.9": [
        1.0
    ],
    "0.8": [
        1.0
    ],
    "0.7": [
        1.0
    ],
    "0.6": [
        1.0
    ],
    "0.5": [
        null
    ],
    "0.4": [
        null
    ],
    "0.3": [
        null
    ],
    "0.2": [
        null
    ],
    "0.1": [
        null
    ]
}