{
    "inf": [
        0.8959412059462168
    ],
    "2": [
        0.8959412059462168
    ],
    "1.6": [
        0.9154929577464789
    ],
    "1.5": [
        0.9247370330068916
    ],
    "1.4": [
        0.9329945416901939
    ],
    "1.3": [
        0.9435626102292769
    ],
    "1.2": [
        0.9500511770726714
    ],
    "1.1": [
        0.9553301683211048
    ],
    "0.9": [
        0.9629451395572666
    ],
    "0.8": [
        0.9664948453608248
    ],
    "0.7": [
        0.9751271905031091
    ],
    "0.6": [
        0.9796493425172198
    ],
    "0.5": [
        0.9836705715299965
    ],
    "0.4": [
        0.985256950294861
    ],
    "0.3": [
        0.9874081846799581
    ],
    "0.2": [
        0.9920289855072464
    ],
    "0.1": [
        0.9920529801324504
    ]
}