{
    "inf": [
        0.9179889761149157
    ],
    "2": [
        0.9185482522160896
    ],
    "1.6": [
        0.9422481326288942
    ],
    "1.5": [
        0.946337789493504
    ],
    "1.4": [
        0.9551244366059181
    ],
    "1.3": [
        0.9589827727645611
    ],
    "1.2": [
        0.9634722819080361
    ],
    "1.1": [
        0.9665687824711995
    ],
    "0.9": [
        0.9752337629517311
    ],
    "0.8": [
        0.9786544177249392
    ],
    "0.7": [
        0.9829381145170619
    ],
    "0.6": [
        0.9854338188727042
    ],
    "0.5": [
        0.9856793573174991
    ],
    "0.4": [
        0.9857142857142858
    ],
    "0.3": [
        0.9849482596425212
    ],
    "0.2": [
        0.9859841560024375
    ],
    "0.1": [
        0.9843423799582464
    ]
}