{
    "inf": [
        0.8961082345081008
    ],
    "2": [
        0.8961082345081008
    ],
    "1.6": [
        0.9157135315854302
    ],
    "1.5": [
        0.924668723906335
    ],
    "1.4": [
        0.9320022603126766
    ],
    "1.3": [
        0.9431616341030196
    ],
    "1.2": [
        0.9521521103217718
    ],
    "1.1": [
        0.9567128103713469
    ],
    "0.9": [
        0.964665184086978
    ],
    "0.8": [
        0.9717484008528785
    ],
    "0.7": [
        0.9751607247223846
    ],
    "0.6": [
        0.980084884100555
    ],
    "0.5": [
        0.9842375366568915
    ],
    "0.4": [
        0.9850107066381156
    ],
    "0.3": [
        0.9885237350026083
    ],
    "0.2": [
        0.9902439024390244
    ],
    "0.1": [
        0.9936467598475223
    ]
}