{
    "inf": [
        0.8905962919659262
    ],
    "2": [
        0.8905962919659262
    ],
    "1.6": [
        0.9605077574047954
    ],
    "1.5": [
        0.966268446943078
    ],
    "1.4": [
        0.9736722650930549
    ],
    "1.3": [
        0.9851760345892526
    ],
    "1.2": [
        0.9888164026095061
    ],
    "1.1": [
        0.9956458635703919
    ],
    "0.9": [
        1.0
    ],
    "0.8": [
        1.0
    ],
    "0.7": [
        1.0
    ],
    "0.6": [
        1.0
    ],
    "0.5": [
        null
    ],
    "0.4": [
        null
    ],
    "0.3": [
        null
    ],
    "0.2": [
        null
    ],
    "0.1": [
        null
    ]
}