{
    "inf": [
        0.8907633205278103
    ],
    "2": [
        0.8907633205278103
    ],
    "1.6": [
        0.9124100403721257
    ],
    "1.5": [
        0.9241654571843251
    ],
    "1.4": [
        0.9318693693693694
    ],
    "1.3": [
        0.9418900410878497
    ],
    "1.2": [
        0.9499691167387276
    ],
    "1.1": [
        0.9542906425183268
    ],
    "0.9": [
        0.9634294017922015
    ],
    "0.8": [
        0.9703972994027525
    ],
    "0.7": [
        0.9752136752136752
    ],
    "0.6": [
        0.981904761904762
    ],
    "0.5": [
        0.9845434938892883
    ],
    "0.4": [
        0.9868532654792197
    ],
    "0.3": [
        0.9879328436516265
    ],
    "0.2": [
        0.9927113702623906
    ],
    "0.1": [
        0.9947368421052631
    ]
}