{
    "inf": [
        0.8937698346417238
    ],
    "2": [
        0.8937698346417238
    ],
    "1.6": [
        0.9578575312669929
    ],
    "1.5": [
        0.963903743315508
    ],
    "1.4": [
        0.9683277027027027
    ],
    "1.3": [
        0.9767184035476718
    ],
    "1.2": [
        0.9849921011058452
    ],
    "1.1": [
        0.9898862199747156
    ],
    "0.9": [
        1.0
    ],
    "0.8": [
        1.0
    ],
    "0.7": [
        1.0
    ],
    "0.6": [
        1.0
    ],
    "0.5": [
        1.0
    ],
    "0.4": [
        null
    ],
    "0.3": [
        null
    ],
    "0.2": [
        null
    ],
    "0.1": [
        null
    ]
}