{
    "inf": [
        0.9163186904960748
    ],
    "2": [
        0.9167363317171041
    ],
    "1.6": [
        0.9365542388331815
    ],
    "1.5": [
        0.9427221172022684
    ],
    "1.4": [
        0.9470355731225296
    ],
    "1.3": [
        0.9525395503746877
    ],
    "1.2": [
        0.9603262067445448
    ],
    "1.1": [
        0.9685388021440223
    ],
    "0.9": [
        0.9804708400214018
    ],
    "0.8": [
        0.9835640138408305
    ],
    "0.7": [
        0.9844592451633365
    ],
    "0.6": [
        0.9852060584712927
    ],
    "0.5": [
        0.9848060775689724
    ],
    "0.4": [
        0.9866421004145555
    ],
    "0.3": [
        0.9870056497175141
    ],
    "0.2": [
        0.9837209302325581
    ],
    "0.1": [
        0.9829787234042553
    ]
}