{
    "inf": [
        0.8972774344412895
    ],
    "2": [
        0.8972774344412895
    ],
    "1.6": [
        0.9129228100607112
    ],
    "1.5": [
        0.9224598930481284
    ],
    "1.4": [
        0.9315219386818432
    ],
    "1.3": [
        0.9404174573055029
    ],
    "1.2": [
        0.9484597156398105
    ],
    "1.1": [
        0.9552577319587628
    ],
    "0.9": [
        0.9622425629290617
    ],
    "0.8": [
        0.9692982456140351
    ],
    "0.7": [
        0.9746471510716153
    ],
    "0.6": [
        0.9807138744962579
    ],
    "0.5": [
        0.982444940951165
    ],
    "0.4": [
        0.9858841010401189
    ],
    "0.3": [
        0.9874439461883409
    ],
    "0.2": [
        0.9898628503279666
    ],
    "0.1": [
        0.9947201689545935
    ]
}