{
    "inf": [
        0.8947720060130282
    ],
    "2": [
        0.8947720060130282
    ],
    "1.6": [
        0.9120515499825844
    ],
    "1.5": [
        0.9212979562567228
    ],
    "1.4": [
        0.9294313761807742
    ],
    "1.3": [
        0.9401232190989603
    ],
    "1.2": [
        0.9479313824419778
    ],
    "1.1": [
        0.9559135226791013
    ],
    "0.9": [
        0.9628666035950804
    ],
    "0.8": [
        0.9710806697108066
    ],
    "0.7": [
        0.9748549323017408
    ],
    "0.6": [
        0.9789377289377289
    ],
    "0.5": [
        0.9841978701477155
    ],
    "0.4": [
        0.9858700040371418
    ],
    "0.3": [
        0.9880715705765407
    ],
    "0.2": [
        0.9906914893617021
    ],
    "0.1": [
        0.9931506849315068
    ]
}