{
    "inf": [
        0.9121429764489728
    ],
    "2": [
        0.9113119143239625
    ],
    "1.6": [
        0.9360088773811726
    ],
    "1.5": [
        0.9436755094194541
    ],
    "1.4": [
        0.9480857887352174
    ],
    "1.3": [
        0.9503784693019344
    ],
    "1.2": [
        0.9571587125416204
    ],
    "1.1": [
        0.9669324577861164
    ],
    "0.9": [
        0.978411513859275
    ],
    "0.8": [
        0.9824359343507054
    ],
    "0.7": [
        0.9847447073474471
    ],
    "0.6": [
        0.984936665525505
    ],
    "0.5": [
        0.9852048558421851
    ],
    "0.4": [
        0.9848746758859118
    ],
    "0.3": [
        0.9862244897959184
    ],
    "0.2": [
        0.9847645429362881
    ],
    "0.1": [
        0.9858490566037735
    ]
}