{
    "inf": [
        0.9148154334391181
    ],
    "2": [
        0.9152854511970534
    ],
    "1.6": [
        0.9405626979690702
    ],
    "1.5": [
        0.9464668094218416
    ],
    "1.4": [
        0.9528378930175582
    ],
    "1.3": [
        0.9581896551724138
    ],
    "1.2": [
        0.9659895001141292
    ],
    "1.1": [
        0.9721953578336557
    ],
    "0.9": [
        0.9814198557958957
    ],
    "0.8": [
        0.9849215922798552
    ],
    "0.7": [
        0.985459352280238
    ],
    "0.6": [
        0.9855282199710564
    ],
    "0.5": [
        0.9861956963053187
    ],
    "0.4": [
        0.9863207547169811
    ],
    "0.3": [
        0.9879032258064516
    ],
    "0.2": [
        0.9877488514548239
    ],
    "0.1": [
        0.9839181286549707
    ]
}