{
    "inf": [
        0.9154835476866544
    ],
    "2": [
        0.9160651334564378
    ],
    "1.6": [
        0.9461988304093567
    ],
    "1.5": [
        0.9541341011929247
    ],
    "1.4": [
        0.9592770034843205
    ],
    "1.3": [
        0.9674590353104084
    ],
    "1.2": [
        0.9714285714285714
    ],
    "1.1": [
        0.9762919552477357
    ],
    "0.9": [
        0.9846635367762129
    ],
    "0.8": [
        0.9855371900826446
    ],
    "0.7": [
        0.9852830188679246
    ],
    "0.6": [
        0.9865149599662874
    ],
    "0.5": [
        0.9872098531501659
    ],
    "0.4": [
        0.9888827126181212
    ],
    "0.3": [
        0.9874917709019092
    ],
    "0.2": [
        0.9880073800738007
    ],
    "0.1": [
        0.9815157116451017
    ]
}