{
    "inf": [
        0.8920995490228829
    ],
    "2": [
        0.8920995490228829
    ],
    "1.6": [
        0.9579261672095548
    ],
    "1.5": [
        0.9655407710678949
    ],
    "1.4": [
        0.9732739420935412
    ],
    "1.3": [
        0.9827692307692307
    ],
    "1.2": [
        0.9896907216494846
    ],
    "1.1": [
        0.9925149700598802
    ],
    "0.9": [
        1.0
    ],
    "0.8": [
        1.0
    ],
    "0.7": [
        1.0
    ],
    "0.6": [
        1.0
    ],
    "0.5": [
        null
    ],
    "0.4": [
        null
    ],
    "0.3": [
        null
    ],
    "0.2": [
        null
    ],
    "0.1": [
        null
    ]
}