{
    "inf": [
        0.8931017203941874
    ],
    "2": [
        0.8931017203941874
    ],
    "1.6": [
        0.9569437531110006
    ],
    "1.5": [
        0.9630078835657975
    ],
    "1.4": [
        0.969306555513452
    ],
    "1.3": [
        0.978021978021978
    ],
    "1.2": [
        0.9833910034602076
    ],
    "1.1": [
        0.991578947368421
    ],
    "0.9": [
        1.0
    ],
    "0.8": [
        1.0
    ],
    "0.7": [
        1.0
    ],
    "0.6": [
        1.0
    ],
    "0.5": [
        null
    ],
    "0.4": [
        null
    ],
    "0.3": [
        null
    ],
    "0.2": [
        null
    ],
    "0.1": [
        null
    ]
}