{
    "inf": [
        0.9131451478202772
    ],
    "2": [
        0.9158299866131191
    ],
    "1.6": [
        0.9396662387676509
    ],
    "1.5": [
        0.943557582668187
    ],
    "1.4": [
        0.95
    ],
    "1.3": [
        0.9571251035625518
    ],
    "1.2": [
        0.9622805115976588
    ],
    "1.1": [
        0.9674333864723298
    ],
    "0.9": [
        0.9779994883601945
    ],
    "0.8": [
        0.9800872885979269
    ],
    "0.7": [
        0.9822064056939501
    ],
    "0.6": [
        0.9842088301643571
    ],
    "0.5": [
        0.9847083926031295
    ],
    "0.4": [
        0.9852941176470589
    ],
    "0.3": [
        0.9845410628019323
    ],
    "0.2": [
        0.986232790988736
    ],
    "0.1": [
        0.9817142857142858
    ]
}