{
    "inf": [
        0.9138132620678135
    ],
    "2": [
        0.9143669509951496
    ],
    "1.6": [
        0.9408948628245258
    ],
    "1.5": [
        0.9456106870229007
    ],
    "1.4": [
        0.950868783702816
    ],
    "1.3": [
        0.9567771716323962
    ],
    "1.2": [
        0.9629384513567174
    ],
    "1.1": [
        0.9706088173547935
    ],
    "0.9": [
        0.9787854680456113
    ],
    "0.8": [
        0.9802816901408451
    ],
    "0.7": [
        0.9843558282208589
    ],
    "0.6": [
        0.9849799732977303
    ],
    "0.5": [
        0.9847071988064156
    ],
    "0.4": [
        0.9845227858985383
    ],
    "0.3": [
        0.9839378238341969
    ],
    "0.2": [
        0.9856262833675564
    ],
    "0.1": [
        0.9798488664987406
    ]
}