{
    "inf": [
        0.896275263069985
    ],
    "2": [
        0.896275263069985
    ],
    "1.6": [
        0.9129755080771235
    ],
    "1.5": [
        0.9218304843304843
    ],
    "1.4": [
        0.9298825256975036
    ],
    "1.3": [
        0.939290457218744
    ],
    "1.2": [
        0.9478533620858656
    ],
    "1.1": [
        0.9541471367434278
    ],
    "0.9": [
        0.9624264373019465
    ],
    "0.8": [
        0.9672952972069706
    ],
    "0.7": [
        0.9740559979450295
    ],
    "0.6": [
        0.9795918367346939
    ],
    "0.5": [
        0.9824396362496081
    ],
    "0.4": [
        0.9857091818506609
    ],
    "0.3": [
        0.9876700680272109
    ],
    "0.2": [
        0.9877300613496932
    ],
    "0.1": [
        0.99179580674567
    ]
}