{
    "inf": [
        0.8951060631367964
    ],
    "2": [
        0.8951060631367964
    ],
    "1.6": [
        0.9547386846711677
    ],
    "1.5": [
        0.9632861871802588
    ],
    "1.4": [
        0.9668874172185431
    ],
    "1.3": [
        0.9768867924528302
    ],
    "1.2": [
        0.9843260188087775
    ],
    "1.1": [
        0.9878163074039362
    ],
    "0.9": [
        1.0
    ],
    "0.8": [
        1.0
    ],
    "0.7": [
        1.0
    ],
    "0.6": [
        1.0
    ],
    "0.5": [
        1.0
    ],
    "0.4": [
        null
    ],
    "0.3": [
        null
    ],
    "0.2": [
        null
    ],
    "0.1": [
        null
    ]
}