{
    "inf": [
        0.898446634374478
    ],
    "2": [
        0.898446634374478
    ],
    "1.6": [
        0.913840830449827
    ],
    "1.5": [
        0.9224764945893206
    ],
    "1.4": [
        0.9310093082679322
    ],
    "1.3": [
        0.9388407978923599
    ],
    "1.2": [
        0.9468334636434714
    ],
    "1.1": [
        0.9517311608961303
    ],
    "0.9": [
        0.9618701770313209
    ],
    "0.8": [
        0.9664979513135695
    ],
    "0.7": [
        0.9735878661087866
    ],
    "0.6": [
        0.9784358826912019
    ],
    "0.5": [
        0.9810836806668805
    ],
    "0.4": [
        0.9851796961837718
    ],
    "0.3": [
        0.9869251577998197
    ],
    "0.2": [
        0.9887640449438202
    ],
    "0.1": [
        0.9950099800399201
    ]
}