{
    "inf": [
        0.8907633205278103
    ],
    "2": [
        0.8907633205278103
    ],
    "1.6": [
        0.9571129707112971
    ],
    "1.5": [
        0.9637704392433473
    ],
    "1.4": [
        0.9692186266771902
    ],
    "1.3": [
        0.9769467213114754
    ],
    "1.2": [
        0.9851590106007068
    ],
    "1.1": [
        0.9900442477876106
    ],
    "0.9": [
        1.0
    ],
    "0.8": [
        1.0
    ],
    "0.7": [
        1.0
    ],
    "0.6": [
        1.0
    ],
    "0.5": [
        1.0
    ],
    "0.4": [
        null
    ],
    "0.3": [
        null
    ],
    "0.2": [
        null
    ],
    "0.1": [
        null
    ]
}