{
    "inf": [
        0.8954401202605645
    ],
    "2": [
        0.8954401202605645
    ],
    "1.6": [
        0.9120821727019499
    ],
    "1.5": [
        0.9237531395766057
    ],
    "1.4": [
        0.9319652431133296
    ],
    "1.3": [
        0.9410187667560321
    ],
    "1.2": [
        0.9481525625744934
    ],
    "1.1": [
        0.9553608677513559
    ],
    "0.9": [
        0.9650837988826816
    ],
    "0.8": [
        0.9693827160493828
    ],
    "0.7": [
        0.9758454106280193
    ],
    "0.6": [
        0.9813554306007695
    ],
    "0.5": [
        0.9848184818481848
    ],
    "0.4": [
        0.9857965451055662
    ],
    "0.3": [
        0.9892773892773893
    ],
    "0.2": [
        0.9911783238815375
    ],
    "0.1": [
        0.9925213675213675
    ]
}