{
    "inf": [
        0.8929346918323033
    ],
    "2": [
        0.8929346918323033
    ],
    "1.6": [
        0.9618847539015606
    ],
    "1.5": [
        0.9673532841041586
    ],
    "1.4": [
        0.9760999456816948
    ],
    "1.3": [
        0.9852686308492201
    ],
    "1.2": [
        0.9937007874015747
    ],
    "1.1": [
        1.0
    ],
    "0.9": [
        1.0
    ],
    "0.8": [
        1.0
    ],
    "0.7": [
        1.0
    ],
    "0.6": [
        null
    ],
    "0.5": [
        null
    ],
    "0.4": [
        null
    ],
    "0.3": [
        null
    ],
    "0.2": [
        null
    ],
    "0.1": [
        null
    ]
}