{
    "inf": [
        0.8961082345081008
    ],
    "2": [
        0.8961082345081008
    ],
    "1.6": [
        0.911663216011042
    ],
    "1.5": [
        0.9213085764809903
    ],
    "1.4": [
        0.9297610427226647
    ],
    "1.3": [
        0.9366144668158091
    ],
    "1.2": [
        0.944978838014621
    ],
    "1.1": [
        0.9513362584762665
    ],
    "0.9": [
        0.96193393130606
    ],
    "0.8": [
        0.9659090909090909
    ],
    "0.7": [
        0.9722222222222222
    ],
    "0.6": [
        0.9775554353704705
    ],
    "0.5": [
        0.9809693725840024
    ],
    "0.4": [
        0.9846256684491979
    ],
    "0.3": [
        0.9863387978142076
    ],
    "0.2": [
        0.9886531820424272
    ],
    "0.1": [
        0.9936356404136834
    ]
}