{
    "inf": [
        0.8899281777183898
    ],
    "2": [
        0.8899281777183898
    ],
    "1.6": [
        0.95272036113091
    ],
    "1.5": [
        0.9586846543001686
    ],
    "1.4": [
        0.9652233208319128
    ],
    "1.3": [
        0.9699661590524534
    ],
    "1.2": [
        0.9781659388646288
    ],
    "1.1": [
        0.9847094801223242
    ],
    "0.9": [
        1.0
    ],
    "0.8": [
        1.0
    ],
    "0.7": [
        1.0
    ],
    "0.6": [
        1.0
    ],
    "0.5": [
        1.0
    ],
    "0.4": [
        null
    ],
    "0.3": [
        null
    ],
    "0.2": [
        null
    ],
    "0.1": [
        null
    ]
}