{
    "inf": [
        0.8931017203941874
    ],
    "2": [
        0.8931017203941874
    ],
    "1.6": [
        0.959099643151249
    ],
    "1.5": [
        0.9659011830201809
    ],
    "1.4": [
        0.9755877034358047
    ],
    "1.3": [
        0.9853658536585366
    ],
    "1.2": [
        0.9906976744186047
    ],
    "1.1": [
        0.9968051118210862
    ],
    "0.9": [
        1.0
    ],
    "0.8": [
        1.0
    ],
    "0.7": [
        1.0
    ],
    "0.6": [
        1.0
    ],
    "0.5": [
        null
    ],
    "0.4": [
        null
    ],
    "0.3": [
        null
    ],
    "0.2": [
        null
    ],
    "0.1": [
        null
    ]
}