{
    "inf": [
        0.9204944045431769
    ],
    "2": [
        0.9196114553676101
    ],
    "1.6": [
        0.9481367652708413
    ],
    "1.5": [
        0.9556051084532738
    ],
    "1.4": [
        0.9597358329782701
    ],
    "1.3": [
        0.9650033867690223
    ],
    "1.2": [
        0.9699975804500363
    ],
    "1.1": [
        0.9746048199015289
    ],
    "0.9": [
        0.9802731411229135
    ],
    "0.8": [
        0.9813705921490352
    ],
    "0.7": [
        0.9842721287490855
    ],
    "0.6": [
        0.984009840098401
    ],
    "0.5": [
        0.984
    ],
    "0.4": [
        0.9861111111111112
    ],
    "0.3": [
        0.9858557284299858
    ],
    "0.2": [
        0.985153764581124
    ],
    "0.1": [
        0.972972972972973
    ]
}