{
    "inf": [
        0.9184900618005679
    ],
    "2": [
        0.9189958158995816
    ],
    "1.6": [
        0.943466172381835
    ],
    "1.5": [
        0.9477023649298212
    ],
    "1.4": [
        0.9539723834300581
    ],
    "1.3": [
        0.9595896147403685
    ],
    "1.2": [
        0.963739624290083
    ],
    "1.1": [
        0.9692942254812099
    ],
    "0.9": [
        0.9764946346448646
    ],
    "0.8": [
        0.9771739130434782
    ],
    "0.7": [
        0.980209545983702
    ],
    "0.6": [
        0.981680353758686
    ],
    "0.5": [
        0.9831932773109243
    ],
    "0.4": [
        0.9837430610626486
    ],
    "0.3": [
        0.9837962962962963
    ],
    "0.2": [
        0.9813365442504516
    ],
    "0.1": [
        0.9809725158562368
    ]
}