{
    "inf": [
        0.8956071488224486
    ],
    "2": [
        0.8956071488224486
    ],
    "1.6": [
        0.9094820168645672
    ],
    "1.5": [
        0.9181513494443464
    ],
    "1.4": [
        0.9268248505705489
    ],
    "1.3": [
        0.9340290719344018
    ],
    "1.2": [
        0.9431160817585807
    ],
    "1.1": [
        0.9512980478969612
    ],
    "0.9": [
        0.9628400796284008
    ],
    "0.8": [
        0.9656140350877193
    ],
    "0.7": [
        0.9726748558535974
    ],
    "0.6": [
        0.9754098360655737
    ],
    "0.5": [
        0.9804921968787516
    ],
    "0.4": [
        0.9836567926455567
    ],
    "0.3": [
        0.9860890302066773
    ],
    "0.2": [
        0.9883307965499746
    ],
    "0.1": [
        0.9921445404556166
    ]
}