{
    "inf": [
        0.8969433773175213
    ],
    "2": [
        0.8969433773175213
    ],
    "1.6": [
        0.9150235560984121
    ],
    "1.5": [
        0.9256659467242621
    ],
    "1.4": [
        0.9333457111028592
    ],
    "1.3": [
        0.9434581242763411
    ],
    "1.2": [
        0.949323642237028
    ],
    "1.1": [
        0.9545936770634416
    ],
    "0.9": [
        0.9640831758034026
    ],
    "0.8": [
        0.9683784467493043
    ],
    "0.7": [
        0.9737274220032841
    ],
    "0.6": [
        0.9796414463688848
    ],
    "0.5": [
        0.982894286691755
    ],
    "0.4": [
        0.9851465274989963
    ],
    "0.3": [
        0.9867125984251969
    ],
    "0.2": [
        0.9895356442119032
    ],
    "0.1": [
        0.9942726231386025
    ]
}