{
    "inf": [
        0.8954401202605645
    ],
    "2": [
        0.8954401202605645
    ],
    "1.6": [
        0.9115351257588898
    ],
    "1.5": [
        0.9214846538187009
    ],
    "1.4": [
        0.9287681292454563
    ],
    "1.3": [
        0.9371200607902735
    ],
    "1.2": [
        0.9463366336633663
    ],
    "1.1": [
        0.9525395503746877
    ],
    "0.9": [
        0.960861509958314
    ],
    "0.8": [
        0.9671004173827645
    ],
    "0.7": [
        0.9714133048356933
    ],
    "0.6": [
        0.9764775066157013
    ],
    "0.5": [
        0.9805921052631579
    ],
    "0.4": [
        0.9843391902215431
    ],
    "0.3": [
        0.9860205032618826
    ],
    "0.2": [
        0.9881324172392255
    ],
    "0.1": [
        0.9924242424242424
    ]
}