{
    "inf": [
        0.9156505762485385
    ],
    "2": [
        0.91438127090301
    ],
    "1.6": [
        0.93970778620307
    ],
    "1.5": [
        0.9457738324971053
    ],
    "1.4": [
        0.9544902912621359
    ],
    "1.3": [
        0.9603242320819113
    ],
    "1.2": [
        0.9656729900632339
    ],
    "1.1": [
        0.9739821729703686
    ],
    "0.9": [
        0.9823399558498896
    ],
    "0.8": [
        0.9853161522325442
    ],
    "0.7": [
        0.9859431186662307
    ],
    "0.6": [
        0.9852411807055436
    ],
    "0.5": [
        0.9861844778545307
    ],
    "0.4": [
        0.9868791002811621
    ],
    "0.3": [
        0.9850574712643678
    ],
    "0.2": [
        0.9855189058728882
    ],
    "0.1": [
        0.9828125
    ]
}