{
    "inf": [
        0.8926006347085351
    ],
    "2": [
        0.8926006347085351
    ],
    "1.6": [
        0.9574358974358974
    ],
    "1.5": [
        0.9641734758013828
    ],
    "1.4": [
        0.9694237553900431
    ],
    "1.3": [
        0.979296066252588
    ],
    "1.2": [
        0.9852289512555391
    ],
    "1.1": [
        0.990159901599016
    ],
    "0.9": [
        1.0
    ],
    "0.8": [
        1.0
    ],
    "0.7": [
        1.0
    ],
    "0.6": [
        1.0
    ],
    "0.5": [
        1.0
    ],
    "0.4": [
        null
    ],
    "0.3": [
        null
    ],
    "0.2": [
        null
    ],
    "0.1": [
        null
    ]
}