{
    "inf": [
        0.9154835476866544
    ],
    "2": [
        0.9151890264302442
    ],
    "1.6": [
        0.9392224858550831
    ],
    "1.5": [
        0.94574807584006
    ],
    "1.4": [
        0.9504099960952753
    ],
    "1.3": [
        0.9572192513368984
    ],
    "1.2": [
        0.962508080155139
    ],
    "1.1": [
        0.969311207092521
    ],
    "0.9": [
        0.9788857796998219
    ],
    "0.8": [
        0.9812244897959184
    ],
    "0.7": [
        0.9829059829059829
    ],
    "0.6": [
        0.9852280025690431
    ],
    "0.5": [
        0.9853256979241232
    ],
    "0.4": [
        0.9850806451612903
    ],
    "0.3": [
        0.9868035190615836
    ],
    "0.2": [
        0.9854014598540146
    ],
    "0.1": [
        0.9855421686746988
    ]
}