{
    "inf": [
        0.9191581760481042
    ],
    "2": [
        0.9180327868852459
    ],
    "1.6": [
        0.945726416835887
    ],
    "1.5": [
        0.9514285714285714
    ],
    "1.4": [
        0.9580335731414868
    ],
    "1.3": [
        0.9640680815297331
    ],
    "1.2": [
        0.9691358024691358
    ],
    "1.1": [
        0.9735006973500697
    ],
    "0.9": [
        0.9788290642969159
    ],
    "0.8": [
        0.980720871751886
    ],
    "0.7": [
        0.9820176775373362
    ],
    "0.6": [
        0.9837317397078353
    ],
    "0.5": [
        0.9853533504210912
    ],
    "0.4": [
        0.9845188284518829
    ],
    "0.3": [
        0.984375
    ],
    "0.2": [
        0.9836623553437712
    ],
    "0.1": [
        0.9829683698296837
    ]
}