{
    "inf": [
        0.8917654918991148
    ],
    "2": [
        0.8917654918991148
    ],
    "1.6": [
        0.9568706118355065
    ],
    "1.5": [
        0.9625798600547611
    ],
    "1.4": [
        0.9695144900263455
    ],
    "1.3": [
        0.9779519843214111
    ],
    "1.2": [
        0.9846153846153847
    ],
    "1.1": [
        0.9907312049433573
    ],
    "0.9": [
        1.0
    ],
    "0.8": [
        1.0
    ],
    "0.7": [
        1.0
    ],
    "0.6": [
        1.0
    ],
    "0.5": [
        1.0
    ],
    "0.4": [
        null
    ],
    "0.3": [
        null
    ],
    "0.2": [
        null
    ],
    "0.1": [
        null
    ]
}