{
    "inf": [
        0.9128110906965091
    ],
    "2": [
        0.9143382968044169
    ],
    "1.6": [
        0.9427552552552553
    ],
    "1.5": [
        0.9500393391030685
    ],
    "1.4": [
        0.9565128205128205
    ],
    "1.3": [
        0.9614050303555941
    ],
    "1.2": [
        0.9666056724611162
    ],
    "1.1": [
        0.9725060827250608
    ],
    "0.9": [
        0.9796870710952512
    ],
    "0.8": [
        0.9812151452891107
    ],
    "0.7": [
        0.9824393358876118
    ],
    "0.6": [
        0.9835721775602936
    ],
    "0.5": [
        0.9846331156358048
    ],
    "0.4": [
        0.9849223946784922
    ],
    "0.3": [
        0.9836325237592397
    ],
    "0.2": [
        0.98397212543554
    ],
    "0.1": [
        0.982028241335045
    ]
}