{
    "inf": [
        0.8892600634708535
    ],
    "2": [
        0.8892600634708535
    ],
    "1.6": [
        0.9549274255156608
    ],
    "1.5": [
        0.9615975422427036
    ],
    "1.4": [
        0.9671002295332823
    ],
    "1.3": [
        0.976593625498008
    ],
    "1.2": [
        0.9826629680998613
    ],
    "1.1": [
        0.9882478632478633
    ],
    "0.9": [
        1.0
    ],
    "0.8": [
        1.0
    ],
    "0.7": [
        1.0
    ],
    "0.6": [
        1.0
    ],
    "0.5": [
        null
    ],
    "0.4": [
        null
    ],
    "0.3": [
        null
    ],
    "0.2": [
        null
    ],
    "0.1": [
        null
    ]
}