{
    "inf": [
        0.8966093201937532
    ],
    "2": [
        0.8966093201937532
    ],
    "1.6": [
        0.9137152777777777
    ],
    "1.5": [
        0.9228295819935691
    ],
    "1.4": [
        0.9313201988584054
    ],
    "1.3": [
        0.9400763358778625
    ],
    "1.2": [
        0.9485805042684138
    ],
    "1.1": [
        0.9533001245330013
    ],
    "0.9": [
        0.9629544408651634
    ],
    "0.8": [
        0.9672211350293543
    ],
    "0.7": [
        0.973607812087622
    ],
    "0.6": [
        0.9784633294528522
    ],
    "0.5": [
        0.9817053250571709
    ],
    "0.4": [
        0.9848312476298824
    ],
    "0.3": [
        0.9872146118721461
    ],
    "0.2": [
        0.9885611077664058
    ],
    "0.1": [
        0.9929506545820745
    ]
}