{
    "inf": [
        0.890262234842158
    ],
    "2": [
        0.890262234842158
    ],
    "1.6": [
        0.9553191489361702
    ],
    "1.5": [
        0.9608667529107374
    ],
    "1.4": [
        0.9650122050447518
    ],
    "1.3": [
        0.973361747469366
    ],
    "1.2": [
        0.9819548872180451
    ],
    "1.1": [
        0.9903264812575574
    ],
    "0.9": [
        1.0
    ],
    "0.8": [
        1.0
    ],
    "0.7": [
        1.0
    ],
    "0.6": [
        1.0
    ],
    "0.5": [
        null
    ],
    "0.4": [
        null
    ],
    "0.3": [
        null
    ],
    "0.2": [
        null
    ],
    "0.1": [
        null
    ]
}