{
    "inf": [
        0.8952730916986805
    ],
    "2": [
        0.8952730916986805
    ],
    "1.6": [
        0.9088724901321434
    ],
    "1.5": [
        0.9169870674589304
    ],
    "1.4": [
        0.92680744452398
    ],
    "1.3": [
        0.9320175438596491
    ],
    "1.2": [
        0.9409885359894756
    ],
    "1.1": [
        0.9470005824111823
    ],
    "0.9": [
        0.9598233066891039
    ],
    "0.8": [
        0.964126559714795
    ],
    "0.7": [
        0.9695672848311936
    ],
    "0.6": [
        0.9754726622381196
    ],
    "0.5": [
        0.9786816269284713
    ],
    "0.4": [
        0.9830508474576272
    ],
    "0.3": [
        0.985080058224163
    ],
    "0.2": [
        0.9875976113918236
    ],
    "0.1": [
        0.9928520371694067
    ]
}