{
    "inf": [
        0.8915984633372307
    ],
    "2": [
        0.8915984633372307
    ],
    "1.6": [
        0.9567901234567902
    ],
    "1.5": [
        0.9625550660792952
    ],
    "1.4": [
        0.9675550405561993
    ],
    "1.3": [
        0.9747081712062257
    ],
    "1.2": [
        0.9831715210355987
    ],
    "1.1": [
        0.9833984375
    ],
    "0.9": [
        1.0
    ],
    "0.8": [
        1.0
    ],
    "0.7": [
        1.0
    ],
    "0.6": [
        1.0
    ],
    "0.5": [
        null
    ],
    "0.4": [
        null
    ],
    "0.3": [
        null
    ],
    "0.2": [
        null
    ],
    "0.1": [
        null
    ]
}