{
    "inf": [
        0.8895941205946217
    ],
    "2": [
        0.8895941205946217
    ],
    "1.6": [
        0.9555500372485721
    ],
    "1.5": [
        0.9598682240191674
    ],
    "1.4": [
        0.9669117647058824
    ],
    "1.3": [
        0.9738927738927738
    ],
    "1.2": [
        0.9845297029702971
    ],
    "1.1": [
        0.989501312335958
    ],
    "0.9": [
        1.0
    ],
    "0.8": [
        1.0
    ],
    "0.7": [
        1.0
    ],
    "0.6": [
        1.0
    ],
    "0.5": [
        1.0
    ],
    "0.4": [
        null
    ],
    "0.3": [
        null
    ],
    "0.2": [
        null
    ],
    "0.1": [
        null
    ]
}