{
    "inf": [
        0.8917654918991148
    ],
    "2": [
        0.8917654918991148
    ],
    "1.6": [
        0.960961810466761
    ],
    "1.5": [
        0.9678002894356006
    ],
    "1.4": [
        0.9776590577950461
    ],
    "1.3": [
        0.9843324250681199
    ],
    "1.2": [
        0.9936238044633369
    ],
    "1.1": [
        1.0
    ],
    "0.9": [
        1.0
    ],
    "0.8": [
        1.0
    ],
    "0.7": [
        1.0
    ],
    "0.6": [
        1.0
    ],
    "0.5": [
        null
    ],
    "0.4": [
        null
    ],
    "0.3": [
        null
    ],
    "0.2": [
        null
    ],
    "0.1": [
        null
    ]
}