{
    "inf": [
        0.8967763487556372
    ],
    "2": [
        0.8967763487556372
    ],
    "1.6": [
        0.9167988718491098
    ],
    "1.5": [
        0.9283108354615104
    ],
    "1.4": [
        0.9364510654346596
    ],
    "1.3": [
        0.9455153422501967
    ],
    "1.2": [
        0.9512497417888865
    ],
    "1.1": [
        0.9564933652381988
    ],
    "0.9": [
        0.96435546875
    ],
    "0.8": [
        0.9709195703432014
    ],
    "0.7": [
        0.9763416041546451
    ],
    "0.6": [
        0.98144
    ],
    "0.5": [
        0.9840579710144928
    ],
    "0.4": [
        0.9849397590361446
    ],
    "0.3": [
        0.9873284054910243
    ],
    "0.2": [
        0.990572878897752
    ],
    "0.1": [
        0.9946949602122016
    ]
}