{
    "inf": [
        0.8946049774511442
    ],
    "2": [
        0.8946049774511442
    ],
    "1.6": [
        0.9162864162864163
    ],
    "1.5": [
        0.9248377793799567
    ],
    "1.4": [
        0.9329619312906221
    ],
    "1.3": [
        0.9429342587237324
    ],
    "1.2": [
        0.9498401278976819
    ],
    "1.1": [
        0.9555927943024717
    ],
    "0.9": [
        0.9635223048327137
    ],
    "0.8": [
        0.9682890855457227
    ],
    "0.7": [
        0.9753381066030231
    ],
    "0.6": [
        0.9796215429403202
    ],
    "0.5": [
        0.9839537869062901
    ],
    "0.4": [
        0.9859519408502773
    ],
    "0.3": [
        0.9876434245366285
    ],
    "0.2": [
        0.9911868390129259
    ],
    "0.1": [
        0.9940298507462687
    ]
}