{
    "inf": [
        0.8915984633372307
    ],
    "2": [
        0.8915984633372307
    ],
    "1.6": [
        0.957897489539749
    ],
    "1.5": [
        0.9653512993262753
    ],
    "1.4": [
        0.9716369529983793
    ],
    "1.3": [
        0.9781914893617021
    ],
    "1.2": [
        0.9854294478527608
    ],
    "1.1": [
        0.9906432748538012
    ],
    "0.9": [
        1.0
    ],
    "0.8": [
        1.0
    ],
    "0.7": [
        1.0
    ],
    "0.6": [
        1.0
    ],
    "0.5": [
        1.0
    ],
    "0.4": [
        null
    ],
    "0.3": [
        null
    ],
    "0.2": [
        null
    ],
    "0.1": [
        null
    ]
}