{
    "inf": [
        0.890262234842158
    ],
    "2": [
        0.890262234842158
    ],
    "1.6": [
        0.9556472408457968
    ],
    "1.5": [
        0.9613814756671899
    ],
    "1.4": [
        0.9695074276778733
    ],
    "1.3": [
        0.9762396694214877
    ],
    "1.2": [
        0.9854862119013063
    ],
    "1.1": [
        0.989247311827957
    ],
    "0.9": [
        1.0
    ],
    "0.8": [
        1.0
    ],
    "0.7": [
        1.0
    ],
    "0.6": [
        1.0
    ],
    "0.5": [
        null
    ],
    "0.4": [
        null
    ],
    "0.3": [
        null
    ],
    "0.2": [
        null
    ],
    "0.1": [
        null
    ]
}