{
    "inf": [
        0.8957741773843327
    ],
    "2": [
        0.8957741773843327
    ],
    "1.6": [
        0.9109529595556327
    ],
    "1.5": [
        0.9199215266630997
    ],
    "1.4": [
        0.929346826126955
    ],
    "1.3": [
        0.9374760994263862
    ],
    "1.2": [
        0.9479125248508946
    ],
    "1.1": [
        0.9545264040234702
    ],
    "0.9": [
        0.9632920271218144
    ],
    "0.8": [
        0.9688745019920318
    ],
    "0.7": [
        0.9743104380746349
    ],
    "0.6": [
        0.9781894233642068
    ],
    "0.5": [
        0.9816727757414195
    ],
    "0.4": [
        0.9863494539781591
    ],
    "0.3": [
        0.9867486985328916
    ],
    "0.2": [
        0.9891512444160817
    ],
    "0.1": [
        0.9936507936507937
    ]
}