{
    "inf": [
        0.8956071488224486
    ],
    "2": [
        0.8956071488224486
    ],
    "1.6": [
        0.908034188034188
    ],
    "1.5": [
        0.9157381615598886
    ],
    "1.4": [
        0.9248575498575499
    ],
    "1.3": [
        0.9321448062579589
    ],
    "1.2": [
        0.9400299850074962
    ],
    "1.1": [
        0.948021722265322
    ],
    "0.9": [
        0.9598410374398662
    ],
    "0.8": [
        0.9661909989023052
    ],
    "0.7": [
        0.9706848030018762
    ],
    "0.6": [
        0.9746039728438521
    ],
    "0.5": [
        0.9790460435621726
    ],
    "0.4": [
        0.9824453341546042
    ],
    "0.3": [
        0.9851432614078528
    ],
    "0.2": [
        0.9864805931094636
    ],
    "0.1": [
        0.9911383776414451
    ]
}