{
    "inf": [
        0.890262234842158
    ],
    "2": [
        0.890262234842158
    ],
    "1.6": [
        0.9555285540704739
    ],
    "1.5": [
        0.9620619750941211
    ],
    "1.4": [
        0.9676511954992968
    ],
    "1.3": [
        0.9760506100316313
    ],
    "1.2": [
        0.9811205846528623
    ],
    "1.1": [
        0.9893143365983972
    ],
    "0.9": [
        0.9979959919839679
    ],
    "0.8": [
        1.0
    ],
    "0.7": [
        1.0
    ],
    "0.6": [
        1.0
    ],
    "0.5": [
        1.0
    ],
    "0.4": [
        null
    ],
    "0.3": [
        null
    ],
    "0.2": [
        null
    ],
    "0.1": [
        null
    ]
}