{
    "inf": [
        0.8937698346417238
    ],
    "2": [
        0.8937698346417238
    ],
    "1.6": [
        0.9098459941166291
    ],
    "1.5": [
        0.9181785841337602
    ],
    "1.4": [
        0.9263871085881706
    ],
    "1.3": [
        0.9345971563981043
    ],
    "1.2": [
        0.9438555162936788
    ],
    "1.1": [
        0.9517651888341544
    ],
    "0.9": [
        0.9613372754150558
    ],
    "0.8": [
        0.9656992084432717
    ],
    "0.7": [
        0.9727272727272728
    ],
    "0.6": [
        0.9753363228699552
    ],
    "0.5": [
        0.9809612983770287
    ],
    "0.4": [
        0.982506247768654
    ],
    "0.3": [
        0.9850363403163745
    ],
    "0.2": [
        0.9871937639198218
    ],
    "0.1": [
        0.9927140255009107
    ]
}