{
    "inf": [
        0.9121429764489728
    ],
    "2": [
        0.9127090301003344
    ],
    "1.6": [
        0.9347509996364958
    ],
    "1.5": [
        0.9404271262645185
    ],
    "1.4": [
        0.9470599726509084
    ],
    "1.3": [
        0.9518977065151207
    ],
    "1.2": [
        0.960232158211522
    ],
    "1.1": [
        0.9668620378719567
    ],
    "0.9": [
        0.9780612244897959
    ],
    "0.8": [
        0.9819622847772616
    ],
    "0.7": [
        0.9854771784232366
    ],
    "0.6": [
        0.9851373182552504
    ],
    "0.5": [
        0.985663082437276
    ],
    "0.4": [
        0.9856909239574816
    ],
    "0.3": [
        0.9877690802348337
    ],
    "0.2": [
        0.9876943005181347
    ],
    "0.1": [
        0.9823943661971831
    ]
}