{
    "inf": [
        0.892266577584767
    ],
    "2": [
        0.892266577584767
    ],
    "1.6": [
        0.9544671425055378
    ],
    "1.5": [
        0.9605882352941176
    ],
    "1.4": [
        0.966702470461869
    ],
    "1.3": [
        0.9746949841843651
    ],
    "1.2": [
        0.9854014598540146
    ],
    "1.1": [
        0.9884341637010676
    ],
    "0.9": [
        1.0
    ],
    "0.8": [
        1.0
    ],
    "0.7": [
        1.0
    ],
    "0.6": [
        1.0
    ],
    "0.5": [
        null
    ],
    "0.4": [
        null
    ],
    "0.3": [
        null
    ],
    "0.2": [
        null
    ],
    "0.1": [
        null
    ]
}