{
    "inf": [
        0.8949390345749123
    ],
    "2": [
        0.8949390345749123
    ],
    "1.6": [
        0.9065436528276097
    ],
    "1.5": [
        0.9122959360889198
    ],
    "1.4": [
        0.9223093371347113
    ],
    "1.3": [
        0.9310029282576867
    ],
    "1.2": [
        0.9412767569615458
    ],
    "1.1": [
        0.9473375097885669
    ],
    "0.9": [
        0.9607296137339055
    ],
    "0.8": [
        0.9665291150848234
    ],
    "0.7": [
        0.9735099337748344
    ],
    "0.6": [
        0.9791666666666666
    ],
    "0.5": [
        0.9824457006843201
    ],
    "0.4": [
        0.9852497485752598
    ],
    "0.3": [
        0.9870078740157481
    ],
    "0.2": [
        0.9898631525595539
    ],
    "0.1": [
        0.9934640522875817
    ]
}