{
    "inf": [
        0.8957741773843327
    ],
    "2": [
        0.8957741773843327
    ],
    "1.6": [
        0.9102564102564102
    ],
    "1.5": [
        0.9198146828225232
    ],
    "1.4": [
        0.9297954671088999
    ],
    "1.3": [
        0.9382504288164666
    ],
    "1.2": [
        0.9476199960167297
    ],
    "1.1": [
        0.9528400754558792
    ],
    "0.9": [
        0.963249063670412
    ],
    "0.8": [
        0.9673560926987291
    ],
    "0.7": [
        0.973322554567502
    ],
    "0.6": [
        0.9791604644239357
    ],
    "0.5": [
        0.9824442943956786
    ],
    "0.4": [
        0.9846517119244392
    ],
    "0.3": [
        0.9868667917448405
    ],
    "0.2": [
        0.9879288437102922
    ],
    "0.1": [
        0.9914712153518124
    ]
}