{
    "inf": [
        0.8981125772507099
    ],
    "2": [
        0.8981125772507099
    ],
    "1.6": [
        0.9113487409451535
    ],
    "1.5": [
        0.9189380530973451
    ],
    "1.4": [
        0.9268558951965066
    ],
    "1.3": [
        0.9357936358501224
    ],
    "1.2": [
        0.9447816722146074
    ],
    "1.1": [
        0.9515563801278087
    ],
    "0.9": [
        0.9621038125861276
    ],
    "0.8": [
        0.9668615984405458
    ],
    "0.7": [
        0.9720095062054397
    ],
    "0.6": [
        0.9772465437788018
    ],
    "0.5": [
        0.9805950840879689
    ],
    "0.4": [
        0.9846671652954375
    ],
    "0.3": [
        0.9847942754919499
    ],
    "0.2": [
        0.9881376037959668
    ],
    "0.1": [
        0.9931972789115646
    ]
}