{
    "inf": [
        0.8909303490896944
    ],
    "2": [
        0.8909303490896944
    ],
    "1.6": [
        0.9593562465902892
    ],
    "1.5": [
        0.9664634146341463
    ],
    "1.4": [
        0.971379011274935
    ],
    "1.3": [
        0.9822349570200573
    ],
    "1.2": [
        0.9857621440536013
    ],
    "1.1": [
        0.9947229551451188
    ],
    "0.9": [
        1.0
    ],
    "0.8": [
        1.0
    ],
    "0.7": [
        1.0
    ],
    "0.6": [
        1.0
    ],
    "0.5": [
        null
    ],
    "0.4": [
        null
    ],
    "0.3": [
        null
    ],
    "0.2": [
        null
    ],
    "0.1": [
        null
    ]
}