{
    "inf": [
        0.886086520795056
    ],
    "2": [
        0.886086520795056
    ],
    "1.6": [
        0.9498819207557072
    ],
    "1.5": [
        0.9574951330304997
    ],
    "1.4": [
        0.9660392798690671
    ],
    "1.3": [
        0.976215644820296
    ],
    "1.2": [
        0.9848046309696092
    ],
    "1.1": [
        0.9911894273127754
    ],
    "0.9": [
        1.0
    ],
    "0.8": [
        1.0
    ],
    "0.7": [
        1.0
    ],
    "0.6": [
        1.0
    ],
    "0.5": [
        null
    ],
    "0.4": [
        null
    ],
    "0.3": [
        null
    ],
    "0.2": [
        null
    ],
    "0.1": [
        null
    ]
}