{
    "inf": [
        0.916652747619843
    ],
    "2": [
        0.9162067235323633
    ],
    "1.6": [
        0.9361855114147043
    ],
    "1.5": [
        0.9410024042907342
    ],
    "1.4": [
        0.9455483377913642
    ],
    "1.3": [
        0.9497716894977168
    ],
    "1.2": [
        0.9587051255447189
    ],
    "1.1": [
        0.9631236442516269
    ],
    "0.9": [
        0.9746895893027698
    ],
    "0.8": [
        0.9777777777777777
    ],
    "0.7": [
        0.9791553871142393
    ],
    "0.6": [
        0.9812591508052708
    ],
    "0.5": [
        0.9839279974284796
    ],
    "0.4": [
        0.985278276481149
    ],
    "0.3": [
        0.985031185031185
    ],
    "0.2": [
        0.9828418230563003
    ],
    "0.1": [
        0.9813664596273292
    ]
}