{
    "inf": [
        0.8926006347085351
    ],
    "2": [
        0.8926006347085351
    ],
    "1.6": [
        0.9583551597695128
    ],
    "1.5": [
        0.965191932335719
    ],
    "1.4": [
        0.9723825226710635
    ],
    "1.3": [
        0.9794558578567463
    ],
    "1.2": [
        0.9860082304526749
    ],
    "1.1": [
        0.9920424403183024
    ],
    "0.9": [
        1.0
    ],
    "0.8": [
        1.0
    ],
    "0.7": [
        1.0
    ],
    "0.6": [
        1.0
    ],
    "0.5": [
        1.0
    ],
    "0.4": [
        null
    ],
    "0.3": [
        null
    ],
    "0.2": [
        null
    ],
    "0.1": [
        null
    ]
}