{
    "inf": [
        0.8956071488224486
    ],
    "2": [
        0.8956071488224486
    ],
    "1.6": [
        0.9126281049157547
    ],
    "1.5": [
        0.9229946524064171
    ],
    "1.4": [
        0.9312305153126719
    ],
    "1.3": [
        0.9407407407407408
    ],
    "1.2": [
        0.9488993710691824
    ],
    "1.1": [
        0.9536695366953669
    ],
    "0.9": [
        0.9635911352329263
    ],
    "0.8": [
        0.9682157476522996
    ],
    "0.7": [
        0.9742732184203756
    ],
    "0.6": [
        0.9796495195025439
    ],
    "0.5": [
        0.9822374571517607
    ],
    "0.4": [
        0.9851642529141647
    ],
    "0.3": [
        0.9869528619528619
    ],
    "0.2": [
        0.9901261656609983
    ],
    "0.1": [
        0.9944341372912802
    ]
}