{
    "inf": [
        0.8905962919659262
    ],
    "2": [
        0.8905962919659262
    ],
    "1.6": [
        0.9549085287297089
    ],
    "1.5": [
        0.9612403100775194
    ],
    "1.4": [
        0.9644746787603931
    ],
    "1.3": [
        0.9752427184466019
    ],
    "1.2": [
        0.9816873773708306
    ],
    "1.1": [
        0.9883720930232558
    ],
    "0.9": [
        1.0
    ],
    "0.8": [
        1.0
    ],
    "0.7": [
        1.0
    ],
    "0.6": [
        1.0
    ],
    "0.5": [
        1.0
    ],
    "0.4": [
        null
    ],
    "0.3": [
        null
    ],
    "0.2": [
        null
    ],
    "0.1": [
        null
    ]
}