{
    "inf": [
        0.8915984633372307
    ],
    "2": [
        0.8915984633372307
    ],
    "1.6": [
        0.9588251441119956
    ],
    "1.5": [
        0.9648344144759303
    ],
    "1.4": [
        0.9714661984196664
    ],
    "1.3": [
        0.9786096256684492
    ],
    "1.2": [
        0.9876106194690265
    ],
    "1.1": [
        0.9945205479452055
    ],
    "0.9": [
        1.0
    ],
    "0.8": [
        1.0
    ],
    "0.7": [
        1.0
    ],
    "0.6": [
        1.0
    ],
    "0.5": [
        null
    ],
    "0.4": [
        null
    ],
    "0.3": [
        null
    ],
    "0.2": [
        null
    ],
    "0.1": [
        null
    ]
}