{
    "inf": [
        0.8932687489560714
    ],
    "2": [
        0.8932687489560714
    ],
    "1.6": [
        0.9578132800798802
    ],
    "1.5": [
        0.9638956310679612
    ],
    "1.4": [
        0.9708812260536398
    ],
    "1.3": [
        0.977432296890672
    ],
    "1.2": [
        0.9869146005509641
    ],
    "1.1": [
        0.9912087912087912
    ],
    "0.9": [
        1.0
    ],
    "0.8": [
        1.0
    ],
    "0.7": [
        1.0
    ],
    "0.6": [
        1.0
    ],
    "0.5": [
        null
    ],
    "0.4": [
        null
    ],
    "0.3": [
        null
    ],
    "0.2": [
        null
    ],
    "0.1": [
        null
    ]
}