{
    "inf": [
        0.9201603474194087
    ],
    "2": [
        0.9201406328478152
    ],
    "1.6": [
        0.9453197405004634
    ],
    "1.5": [
        0.950077101002313
    ],
    "1.4": [
        0.955959595959596
    ],
    "1.3": [
        0.9629073756432247
    ],
    "1.2": [
        0.9667191364965145
    ],
    "1.1": [
        0.9739234449760765
    ],
    "0.9": [
        0.9810699588477366
    ],
    "0.8": [
        0.9822011272619401
    ],
    "0.7": [
        0.9841628959276018
    ],
    "0.6": [
        0.9853046594982079
    ],
    "0.5": [
        0.9861676159479251
    ],
    "0.4": [
        0.9862232779097387
    ],
    "0.3": [
        0.9856716417910448
    ],
    "0.2": [
        0.9856902356902357
    ],
    "0.1": [
        0.9792027729636048
    ]
}