{
    "inf": [
        0.892266577584767
    ],
    "2": [
        0.892266577584767
    ],
    "1.6": [
        0.9537237888647867
    ],
    "1.5": [
        0.9598519362186788
    ],
    "1.4": [
        0.9662650602409638
    ],
    "1.3": [
        0.9724288840262582
    ],
    "1.2": [
        0.9831493317838466
    ],
    "1.1": [
        0.9863013698630136
    ],
    "0.9": [
        0.9978586723768736
    ],
    "0.8": [
        1.0
    ],
    "0.7": [
        1.0
    ],
    "0.6": [
        1.0
    ],
    "0.5": [
        1.0
    ],
    "0.4": [
        null
    ],
    "0.3": [
        null
    ],
    "0.2": [
        null
    ],
    "0.1": [
        null
    ]
}