{
    "inf": [
        0.8979455486888258
    ],
    "2": [
        0.8979455486888258
    ],
    "1.6": [
        0.9135097733956064
    ],
    "1.5": [
        0.9225577264653642
    ],
    "1.4": [
        0.9318098720292505
    ],
    "1.3": [
        0.9406763650103911
    ],
    "1.2": [
        0.946843853820598
    ],
    "1.1": [
        0.9534598897734231
    ],
    "0.9": [
        0.9623287671232876
    ],
    "0.8": [
        0.9670781893004116
    ],
    "0.7": [
        0.9738903394255874
    ],
    "0.6": [
        0.9788650839606253
    ],
    "0.5": [
        0.9825412221144519
    ],
    "0.4": [
        0.9845864661654136
    ],
    "0.3": [
        0.9862448418156808
    ],
    "0.2": [
        0.9889366933005531
    ],
    "0.1": [
        0.9916579770594369
    ]
}