{
    "inf": [
        0.8944379488892601
    ],
    "2": [
        0.8944379488892601
    ],
    "1.6": [
        0.91393156424581
    ],
    "1.5": [
        0.9246402877697841
    ],
    "1.4": [
        0.9310921248142645
    ],
    "1.3": [
        0.9396917148362235
    ],
    "1.2": [
        0.9494280553883203
    ],
    "1.1": [
        0.9542772861356932
    ],
    "0.9": [
        0.9624413145539906
    ],
    "0.8": [
        0.9680239820134899
    ],
    "0.7": [
        0.9724844888049636
    ],
    "0.6": [
        0.9776519666269369
    ],
    "0.5": [
        0.982415394824154
    ],
    "0.4": [
        0.9857692307692307
    ],
    "0.3": [
        0.9878787878787879
    ],
    "0.2": [
        0.9893483709273183
    ],
    "0.1": [
        0.9927007299270073
    ]
}