{
    "inf": [
        0.8899281777183898
    ],
    "2": [
        0.8899281777183898
    ],
    "1.6": [
        0.957791345898593
    ],
    "1.5": [
        0.963023560209424
    ],
    "1.4": [
        0.9716516023007395
    ],
    "1.3": [
        0.97675647120972
    ],
    "1.2": [
        0.9854862119013063
    ],
    "1.1": [
        0.9900442477876106
    ],
    "0.9": [
        1.0
    ],
    "0.8": [
        1.0
    ],
    "0.7": [
        1.0
    ],
    "0.6": [
        1.0
    ],
    "0.5": [
        1.0
    ],
    "0.4": [
        null
    ],
    "0.3": [
        null
    ],
    "0.2": [
        null
    ],
    "0.1": [
        null
    ]
}