{
    "inf": [
        0.9218306330382495
    ],
    "2": [
        0.9213652333946796
    ],
    "1.6": [
        0.9462001504890896
    ],
    "1.5": [
        0.9535939968404423
    ],
    "1.4": [
        0.9592301324503312
    ],
    "1.3": [
        0.9655399473222125
    ],
    "1.2": [
        0.9686119507091374
    ],
    "1.1": [
        0.9735017335314512
    ],
    "0.9": [
        0.9813272048261994
    ],
    "0.8": [
        0.9849624060150376
    ],
    "0.7": [
        0.9852739726027397
    ],
    "0.6": [
        0.9857856319631195
    ],
    "0.5": [
        0.9866379310344827
    ],
    "0.4": [
        0.986013986013986
    ],
    "0.3": [
        0.9868421052631579
    ],
    "0.2": [
        0.985962014863749
    ],
    "0.1": [
        0.9835329341317365
    ]
}