{
    "inf": [
        0.8967763487556372
    ],
    "2": [
        0.8967763487556372
    ],
    "1.6": [
        0.9168417366946778
    ],
    "1.5": [
        0.9277566539923955
    ],
    "1.4": [
        0.9376053962900506
    ],
    "1.3": [
        0.9451255107997665
    ],
    "1.2": [
        0.9520897043832823
    ],
    "1.1": [
        0.9576526225279449
    ],
    "0.9": [
        0.9655338635815859
    ],
    "0.8": [
        0.9704968944099379
    ],
    "0.7": [
        0.975284090909091
    ],
    "0.6": [
        0.9786432160804021
    ],
    "0.5": [
        0.9839743589743589
    ],
    "0.4": [
        0.985550361240969
    ],
    "0.3": [
        0.9872746553552492
    ],
    "0.2": [
        0.9902329075882795
    ],
    "0.1": [
        0.9943820224719101
    ]
}