{
    "inf": [
        0.918824118924336
    ],
    "2": [
        0.9195786657749541
    ],
    "1.6": [
        0.9402850441998918
    ],
    "1.5": [
        0.9445890665674972
    ],
    "1.4": [
        0.9492112350904194
    ],
    "1.3": [
        0.9534235668789809
    ],
    "1.2": [
        0.9575795383655645
    ],
    "1.1": [
        0.9633644049425536
    ],
    "0.9": [
        0.9678194044188281
    ],
    "0.8": [
        0.9706482899438489
    ],
    "0.7": [
        0.9752313554708765
    ],
    "0.6": [
        0.9780444964871194
    ],
    "0.5": [
        0.980554670066943
    ],
    "0.4": [
        0.9832142857142857
    ],
    "0.3": [
        0.9836820083682009
    ],
    "0.2": [
        0.9829424307036247
    ],
    "0.1": [
        0.9821731748726655
    ]
}