{
    "inf": [
        0.8914314347753466
    ],
    "2": [
        0.8914314347753466
    ],
    "1.6": [
        0.954045954045954
    ],
    "1.5": [
        0.9611708482676224
    ],
    "1.4": [
        0.965366387167335
    ],
    "1.3": [
        0.9742388758782201
    ],
    "1.2": [
        0.9849279161205766
    ],
    "1.1": [
        0.9864583333333333
    ],
    "0.9": [
        1.0
    ],
    "0.8": [
        1.0
    ],
    "0.7": [
        1.0
    ],
    "0.6": [
        1.0
    ],
    "0.5": [
        1.0
    ],
    "0.4": [
        null
    ],
    "0.3": [
        null
    ],
    "0.2": [
        null
    ],
    "0.1": [
        null
    ]
}