{
    "inf": [
        0.8956071488224486
    ],
    "2": [
        0.8956071488224486
    ],
    "1.6": [
        0.9136466100225421
    ],
    "1.5": [
        0.923746889441877
    ],
    "1.4": [
        0.9311349972672618
    ],
    "1.3": [
        0.9383548810192992
    ],
    "1.2": [
        0.94733773804897
    ],
    "1.1": [
        0.9515836191244704
    ],
    "0.9": [
        0.9627315331399241
    ],
    "0.8": [
        0.9649787032654993
    ],
    "0.7": [
        0.972849530575996
    ],
    "0.6": [
        0.9784675615212528
    ],
    "0.5": [
        0.9813780260707635
    ],
    "0.4": [
        0.9854661467564694
    ],
    "0.3": [
        0.9865092748735245
    ],
    "0.2": [
        0.9878116343490305
    ],
    "0.1": [
        0.9943181818181818
    ]
}