{
    "inf": [
        0.8947720060130282
    ],
    "2": [
        0.8947720060130282
    ],
    "1.6": [
        0.9105018106570099
    ],
    "1.5": [
        0.9197672368189032
    ],
    "1.4": [
        0.9287785429503443
    ],
    "1.3": [
        0.9383983572895277
    ],
    "1.2": [
        0.9453636013851482
    ],
    "1.1": [
        0.9518
    ],
    "0.9": [
        0.9616732369689006
    ],
    "0.8": [
        0.9669613773848301
    ],
    "0.7": [
        0.9731075697211156
    ],
    "0.6": [
        0.978401727861771
    ],
    "0.5": [
        0.9825458922660246
    ],
    "0.4": [
        0.9860020484807102
    ],
    "0.3": [
        0.987408610885459
    ],
    "0.2": [
        0.991675338189386
    ],
    "0.1": [
        0.9929328621908127
    ]
}