{
    "inf": [
        0.890262234842158
    ],
    "2": [
        0.890262234842158
    ],
    "1.6": [
        0.9563186813186814
    ],
    "1.5": [
        0.960871044572984
    ],
    "1.4": [
        0.9671080734728749
    ],
    "1.3": [
        0.9734613212874083
    ],
    "1.2": [
        0.984689766317486
    ],
    "1.1": [
        0.9882506527415144
    ],
    "0.9": [
        1.0
    ],
    "0.8": [
        1.0
    ],
    "0.7": [
        1.0
    ],
    "0.6": [
        1.0
    ],
    "0.5": [
        1.0
    ],
    "0.4": [
        null
    ],
    "0.3": [
        null
    ],
    "0.2": [
        null
    ],
    "0.1": [
        null
    ]
}