{
    "inf": [
        0.8915984633372307
    ],
    "2": [
        0.8915984633372307
    ],
    "1.6": [
        0.9570860927152318
    ],
    "1.5": [
        0.9630477436232832
    ],
    "1.4": [
        0.9688141157160444
    ],
    "1.3": [
        0.97680690399137
    ],
    "1.2": [
        0.9841628959276018
    ],
    "1.1": [
        0.9893617021276596
    ],
    "0.9": [
        1.0
    ],
    "0.8": [
        1.0
    ],
    "0.7": [
        1.0
    ],
    "0.6": [
        1.0
    ],
    "0.5": [
        1.0
    ],
    "0.4": [
        null
    ],
    "0.3": [
        null
    ],
    "0.2": [
        null
    ],
    "0.1": [
        null
    ]
}