{
    "inf": [
        0.8920995490228829
    ],
    "2": [
        0.8920995490228829
    ],
    "1.6": [
        0.9572111754341808
    ],
    "1.5": [
        0.9620679106760477
    ],
    "1.4": [
        0.9662317728319263
    ],
    "1.3": [
        0.9753719856336582
    ],
    "1.2": [
        0.9828869047619048
    ],
    "1.1": [
        0.9897435897435898
    ],
    "0.9": [
        1.0
    ],
    "0.8": [
        1.0
    ],
    "0.7": [
        1.0
    ],
    "0.6": [
        1.0
    ],
    "0.5": [
        null
    ],
    "0.4": [
        null
    ],
    "0.3": [
        null
    ],
    "0.2": [
        null
    ],
    "0.1": [
        null
    ]
}