{
    "inf": [
        0.8919325204609988
    ],
    "2": [
        0.8919325204609988
    ],
    "1.6": [
        0.9594858899133836
    ],
    "1.5": [
        0.965323992994746
    ],
    "1.4": [
        0.9738771769019249
    ],
    "1.3": [
        0.982256020278834
    ],
    "1.2": [
        0.9903288201160542
    ],
    "1.1": [
        0.9953198127925117
    ],
    "0.9": [
        1.0
    ],
    "0.8": [
        1.0
    ],
    "0.7": [
        1.0
    ],
    "0.6": [
        1.0
    ],
    "0.5": [
        null
    ],
    "0.4": [
        null
    ],
    "0.3": [
        null
    ],
    "0.2": [
        null
    ],
    "0.1": [
        null
    ]
}