{
    "inf": [
        0.8899281777183898
    ],
    "2": [
        0.8899281777183898
    ],
    "1.6": [
        0.9523099850968704
    ],
    "1.5": [
        0.9597414046429621
    ],
    "1.4": [
        0.9657875980042766
    ],
    "1.3": [
        0.972864768683274
    ],
    "1.2": [
        0.9800228310502284
    ],
    "1.1": [
        0.9872306464485235
    ],
    "0.9": [
        0.9962962962962963
    ],
    "0.8": [
        1.0
    ],
    "0.7": [
        1.0
    ],
    "0.6": [
        1.0
    ],
    "0.5": [
        1.0
    ],
    "0.4": [
        null
    ],
    "0.3": [
        null
    ],
    "0.2": [
        null
    ],
    "0.1": [
        null
    ]
}