{
    "inf": [
        0.9169868047436112
    ],
    "2": [
        0.9184254606365159
    ],
    "1.6": [
        0.9435468895078923
    ],
    "1.5": [
        0.9502698535080956
    ],
    "1.4": [
        0.9568126520681265
    ],
    "1.3": [
        0.9615137908915972
    ],
    "1.2": [
        0.9664942657971666
    ],
    "1.1": [
        0.9728442115292997
    ],
    "0.9": [
        0.9800807537012113
    ],
    "0.8": [
        0.9833770778652668
    ],
    "0.7": [
        0.9836375078665828
    ],
    "0.6": [
        0.9844505874222529
    ],
    "0.5": [
        0.9849595063632858
    ],
    "0.4": [
        0.984526967285588
    ],
    "0.3": [
        0.9850666666666666
    ],
    "0.2": [
        0.9869470630891951
    ],
    "0.1": [
        0.9836734693877551
    ]
}