{
    "inf": [
        0.8161015533656255
    ],
    "2": [
        0.8318022381827292
    ],
    "1.6": [
        0.9091134224863794
    ],
    "1.5": [
        0.9072398190045249
    ],
    "1.4": [
        0.9159807956104252
    ],
    "1.3": [
        0.8656945510360706
    ],
    "1.2": [
        0.9302544769085768
    ],
    "1.1": [
        0.9732958538299368
    ],
    "0.9": [
        0.9858223062381852
    ],
    "0.8": [
        0.9907407407407407
    ],
    "0.7": [
        0.9905482041587902
    ],
    "0.6": [
        0.9948717948717949
    ],
    "0.5": [
        0.9743589743589743
    ],
    "0.4": [
        0.9775280898876404
    ],
    "0.3": [
        0.9931972789115646
    ],
    "0.2": [
        1.0
    ],
    "0.1": [
        1.0
    ]
}