{
    "inf": [
        0.8919325204609988
    ],
    "2": [
        0.8919325204609988
    ],
    "1.6": [
        0.9587790242629793
    ],
    "1.5": [
        0.9658395101514663
    ],
    "1.4": [
        0.9707883153261304
    ],
    "1.3": [
        0.9794132784354092
    ],
    "1.2": [
        0.9861014593467686
    ],
    "1.1": [
        0.9904153354632588
    ],
    "0.9": [
        1.0
    ],
    "0.8": [
        1.0
    ],
    "0.7": [
        1.0
    ],
    "0.6": [
        1.0
    ],
    "0.5": [
        1.0
    ],
    "0.4": [
        null
    ],
    "0.3": [
        null
    ],
    "0.2": [
        null
    ],
    "0.1": [
        null
    ]
}