{
    "inf": [
        0.8927676632704192
    ],
    "2": [
        0.8927676632704192
    ],
    "1.6": [
        0.9583109198493814
    ],
    "1.5": [
        0.9641553269166944
    ],
    "1.4": [
        0.9707750952986023
    ],
    "1.3": [
        0.9769792251544076
    ],
    "1.2": [
        0.9865612648221344
    ],
    "1.1": [
        0.992638036809816
    ],
    "0.9": [
        1.0
    ],
    "0.8": [
        1.0
    ],
    "0.7": [
        1.0
    ],
    "0.6": [
        1.0
    ],
    "0.5": [
        null
    ],
    "0.4": [
        null
    ],
    "0.3": [
        null
    ],
    "0.2": [
        null
    ],
    "0.1": [
        null
    ]
}