{
    "inf": [
        0.8931017203941874
    ],
    "2": [
        0.8931017203941874
    ],
    "1.6": [
        0.9154334038054969
    ],
    "1.5": [
        0.9262295081967213
    ],
    "1.4": [
        0.9334087907941898
    ],
    "1.3": [
        0.9426776599921476
    ],
    "1.2": [
        0.949732179645653
    ],
    "1.1": [
        0.9543191166919247
    ],
    "0.9": [
        0.962378640776699
    ],
    "0.8": [
        0.9687743950039032
    ],
    "0.7": [
        0.9747946757292552
    ],
    "0.6": [
        0.97885101010101
    ],
    "0.5": [
        0.9841612670986322
    ],
    "0.4": [
        0.9850363403163745
    ],
    "0.3": [
        0.988279168886521
    ],
    "0.2": [
        0.9884892086330935
    ],
    "0.1": [
        0.9919786096256684
    ]
}