{
    "inf": [
        0.8934357775179556
    ],
    "2": [
        0.8934357775179556
    ],
    "1.6": [
        0.962098324636089
    ],
    "1.5": [
        0.9662461643368565
    ],
    "1.4": [
        0.9744380784486558
    ],
    "1.3": [
        0.9831932773109243
    ],
    "1.2": [
        0.9883527454242929
    ],
    "1.1": [
        0.992797118847539
    ],
    "0.9": [
        1.0
    ],
    "0.8": [
        1.0
    ],
    "0.7": [
        1.0
    ],
    "0.6": [
        1.0
    ],
    "0.5": [
        1.0
    ],
    "0.4": [
        null
    ],
    "0.3": [
        null
    ],
    "0.2": [
        null
    ],
    "0.1": [
        null
    ]
}