{
    "inf": [
        0.8927676632704192
    ],
    "2": [
        0.8927676632704192
    ],
    "1.6": [
        0.95845461762371
    ],
    "1.5": [
        0.9654046997389034
    ],
    "1.4": [
        0.9728506787330317
    ],
    "1.3": [
        0.9812878370941112
    ],
    "1.2": [
        0.9903147699757869
    ],
    "1.1": [
        0.9931880108991825
    ],
    "0.9": [
        1.0
    ],
    "0.8": [
        1.0
    ],
    "0.7": [
        1.0
    ],
    "0.6": [
        1.0
    ],
    "0.5": [
        null
    ],
    "0.4": [
        null
    ],
    "0.3": [
        null
    ],
    "0.2": [
        null
    ],
    "0.1": [
        null
    ]
}