{
    "inf": [
        0.8920995490228829
    ],
    "2": [
        0.8920995490228829
    ],
    "1.6": [
        0.9570261007118376
    ],
    "1.5": [
        0.9649983644095519
    ],
    "1.4": [
        0.970869746150645
    ],
    "1.3": [
        0.9773355444997236
    ],
    "1.2": [
        0.9837000814995925
    ],
    "1.1": [
        0.989010989010989
    ],
    "0.9": [
        1.0
    ],
    "0.8": [
        1.0
    ],
    "0.7": [
        1.0
    ],
    "0.6": [
        1.0
    ],
    "0.5": [
        1.0
    ],
    "0.4": [
        null
    ],
    "0.3": [
        null
    ],
    "0.2": [
        null
    ],
    "0.1": [
        null
    ]
}