{
    "inf": [
        0.9159846333723066
    ],
    "2": [
        0.9175171490714406
    ],
    "1.6": [
        0.9423572744014733
    ],
    "1.5": [
        0.949942900647126
    ],
    "1.4": [
        0.9559497707793502
    ],
    "1.3": [
        0.9616023246160232
    ],
    "1.2": [
        0.9664987957083424
    ],
    "1.1": [
        0.9726725335803613
    ],
    "0.9": [
        0.9803312629399586
    ],
    "0.8": [
        0.9827777777777778
    ],
    "0.7": [
        0.9844497607655502
    ],
    "0.6": [
        0.9859293193717278
    ],
    "0.5": [
        0.9863603732950467
    ],
    "0.4": [
        0.9875502008032129
    ],
    "0.3": [
        0.9861641221374046
    ],
    "0.2": [
        0.9859872611464968
    ],
    "0.1": [
        0.987027027027027
    ]
}