{
    "inf": [
        0.8919325204609988
    ],
    "2": [
        0.8919325204609988
    ],
    "1.6": [
        0.9564423578508086
    ],
    "1.5": [
        0.963855421686747
    ],
    "1.4": [
        0.970102281667978
    ],
    "1.3": [
        0.9786902286902287
    ],
    "1.2": [
        0.9848265895953757
    ],
    "1.1": [
        0.992108229988726
    ],
    "0.9": [
        1.0
    ],
    "0.8": [
        1.0
    ],
    "0.7": [
        1.0
    ],
    "0.6": [
        1.0
    ],
    "0.5": [
        1.0
    ],
    "0.4": [
        null
    ],
    "0.3": [
        null
    ],
    "0.2": [
        null
    ],
    "0.1": [
        null
    ]
}