{
    "inf": [
        0.896275263069985
    ],
    "2": [
        0.896275263069985
    ],
    "1.6": [
        0.9173684210526316
    ],
    "1.5": [
        0.9259192501802451
    ],
    "1.4": [
        0.9336439888164026
    ],
    "1.3": [
        0.9414718949198377
    ],
    "1.2": [
        0.9508460918614021
    ],
    "1.1": [
        0.9556349873843566
    ],
    "0.9": [
        0.9645123384253819
    ],
    "0.8": [
        0.9697651174412794
    ],
    "0.7": [
        0.9754901960784313
    ],
    "0.6": [
        0.9800362976406534
    ],
    "0.5": [
        0.9841590832490731
    ],
    "0.4": [
        0.9867291178766588
    ],
    "0.3": [
        0.9890162368672397
    ],
    "0.2": [
        0.9928710304601426
    ],
    "0.1": [
        0.9947862356621481
    ]
}