{
    "inf": [
        0.8937698346417238
    ],
    "2": [
        0.8937698346417238
    ],
    "1.6": [
        0.9575636545182227
    ],
    "1.5": [
        0.962816214568729
    ],
    "1.4": [
        0.9688940092165899
    ],
    "1.3": [
        0.9783839423571796
    ],
    "1.2": [
        0.9856527977044476
    ],
    "1.1": [
        0.994343891402715
    ],
    "0.9": [
        1.0
    ],
    "0.8": [
        1.0
    ],
    "0.7": [
        1.0
    ],
    "0.6": [
        1.0
    ],
    "0.5": [
        1.0
    ],
    "0.4": [
        null
    ],
    "0.3": [
        null
    ],
    "0.2": [
        null
    ],
    "0.1": [
        null
    ]
}