{
    "inf": [
        0.8910973776515784
    ],
    "2": [
        0.8910973776515784
    ],
    "1.6": [
        0.9554559831312599
    ],
    "1.5": [
        0.9622093023255814
    ],
    "1.4": [
        0.9678571428571429
    ],
    "1.3": [
        0.9743326488706365
    ],
    "1.2": [
        0.9865724381625441
    ],
    "1.1": [
        0.9894291754756871
    ],
    "0.9": [
        1.0
    ],
    "0.8": [
        1.0
    ],
    "0.7": [
        1.0
    ],
    "0.6": [
        1.0
    ],
    "0.5": [
        1.0
    ],
    "0.4": [
        null
    ],
    "0.3": [
        null
    ],
    "0.2": [
        null
    ],
    "0.1": [
        null
    ]
}