{
    "inf": [
        0.9178219475530316
    ],
    "2": [
        0.9175033467202142
    ],
    "1.6": [
        0.9445697106350995
    ],
    "1.5": [
        0.9514639418353311
    ],
    "1.4": [
        0.9567287784679089
    ],
    "1.3": [
        0.9630520332313074
    ],
    "1.2": [
        0.9679501959880101
    ],
    "1.1": [
        0.9727740986019132
    ],
    "0.9": [
        0.9815864022662889
    ],
    "0.8": [
        0.9825634750688284
    ],
    "0.7": [
        0.9840319361277445
    ],
    "0.6": [
        0.9845701689933872
    ],
    "0.5": [
        0.9844517184942717
    ],
    "0.4": [
        0.9844119036372225
    ],
    "0.3": [
        0.9850402761795167
    ],
    "0.2": [
        0.9839228295819936
    ],
    "0.1": [
        0.9835575485799701
    ]
}