{
    "inf": [
        0.8982796058125939
    ],
    "2": [
        0.8982796058125939
    ],
    "1.6": [
        0.9149119779081809
    ],
    "1.5": [
        0.9246684350132626
    ],
    "1.4": [
        0.9320529081355318
    ],
    "1.3": [
        0.9397725153831811
    ],
    "1.2": [
        0.946445771527644
    ],
    "1.1": [
        0.9519824666268181
    ],
    "0.9": [
        0.9621903520208605
    ],
    "0.8": [
        0.9657803468208093
    ],
    "0.7": [
        0.9723797780517879
    ],
    "0.6": [
        0.9770972037283622
    ],
    "0.5": [
        0.9808372641509434
    ],
    "0.4": [
        0.9848634419216847
    ],
    "0.3": [
        0.9869281045751634
    ],
    "0.2": [
        0.9884225759768451
    ],
    "0.1": [
        0.9924357034795764
    ]
}