{
    "inf": [
        0.894270920327376
    ],
    "2": [
        0.894270920327376
    ],
    "1.6": [
        0.9102829537612146
    ],
    "1.5": [
        0.9204464918497519
    ],
    "1.4": [
        0.928
    ],
    "1.3": [
        0.9360747663551402
    ],
    "1.2": [
        0.9433816425120773
    ],
    "1.1": [
        0.9490407673860911
    ],
    "0.9": [
        0.9589191564147628
    ],
    "0.8": [
        0.965742251223491
    ],
    "0.7": [
        0.9721669980119284
    ],
    "0.6": [
        0.9763377251949449
    ],
    "0.5": [
        0.9822116809961459
    ],
    "0.4": [
        0.9835790884718498
    ],
    "0.3": [
        0.9869462025316456
    ],
    "0.2": [
        0.9893832153690597
    ],
    "0.1": [
        0.9950980392156863
    ]
}