{
    "inf": [
        0.888090863537665
    ],
    "2": [
        0.888090863537665
    ],
    "1.6": [
        0.9529828109201214
    ],
    "1.5": [
        0.9592592592592593
    ],
    "1.4": [
        0.9626696832579186
    ],
    "1.3": [
        0.9687351965892942
    ],
    "1.2": [
        0.9816063764561619
    ],
    "1.1": [
        0.9842931937172775
    ],
    "0.9": [
        0.9976744186046511
    ],
    "0.8": [
        1.0
    ],
    "0.7": [
        1.0
    ],
    "0.6": [
        1.0
    ],
    "0.5": [
        1.0
    ],
    "0.4": [
        null
    ],
    "0.3": [
        null
    ],
    "0.2": [
        null
    ],
    "0.1": [
        null
    ]
}