{
    "inf": [
        0.8932687489560714
    ],
    "2": [
        0.8932687489560714
    ],
    "1.6": [
        0.9576962283384302
    ],
    "1.5": [
        0.963958267467594
    ],
    "1.4": [
        0.9697208022021234
    ],
    "1.3": [
        0.9775574112734864
    ],
    "1.2": [
        0.9857571214392804
    ],
    "1.1": [
        0.98805256869773
    ],
    "0.9": [
        1.0
    ],
    "0.8": [
        1.0
    ],
    "0.7": [
        1.0
    ],
    "0.6": [
        1.0
    ],
    "0.5": [
        null
    ],
    "0.4": [
        null
    ],
    "0.3": [
        null
    ],
    "0.2": [
        null
    ],
    "0.1": [
        null
    ]
}