{
    "inf": [
        0.8957741773843327
    ],
    "2": [
        0.8957741773843327
    ],
    "1.6": [
        0.9154559775949589
    ],
    "1.5": [
        0.9242697439596105
    ],
    "1.4": [
        0.9335076578259246
    ],
    "1.3": [
        0.942292796281952
    ],
    "1.2": [
        0.9497874063575623
    ],
    "1.1": [
        0.9543417964582889
    ],
    "0.9": [
        0.962610145272684
    ],
    "0.8": [
        0.968201475451539
    ],
    "0.7": [
        0.9752227171492205
    ],
    "0.6": [
        0.9794226044226044
    ],
    "0.5": [
        0.983859649122807
    ],
    "0.4": [
        0.9856674856674856
    ],
    "0.3": [
        0.9887640449438202
    ],
    "0.2": [
        0.9915492957746479
    ],
    "0.1": [
        0.9923175416133163
    ]
}