{
    "inf": [
        0.8952730916986805
    ],
    "2": [
        0.8952730916986805
    ],
    "1.6": [
        0.918186647777581
    ],
    "1.5": [
        0.9272494044346711
    ],
    "1.4": [
        0.9376434583014537
    ],
    "1.3": [
        0.9483240223463687
    ],
    "1.2": [
        0.9549360721022846
    ],
    "1.1": [
        0.9582689335394127
    ],
    "0.9": [
        0.9658056580565806
    ],
    "0.8": [
        0.969198088157196
    ],
    "0.7": [
        0.9760875828291559
    ],
    "0.6": [
        0.9803921568627451
    ],
    "0.5": [
        0.9847770931496919
    ],
    "0.4": [
        0.9851316907391674
    ],
    "0.3": [
        0.987881981032666
    ],
    "0.2": [
        0.9935851746258019
    ],
    "0.1": [
        0.9927272727272727
    ]
}