{
    "inf": [
        0.9176549189911475
    ],
    "2": [
        0.9177692178864512
    ],
    "1.6": [
        0.9435926556880561
    ],
    "1.5": [
        0.9493822239936229
    ],
    "1.4": [
        0.9565673520772136
    ],
    "1.3": [
        0.9634987758735811
    ],
    "1.2": [
        0.9680800381133873
    ],
    "1.1": [
        0.9734355044699873
    ],
    "0.9": [
        0.9792792792792793
    ],
    "0.8": [
        0.9834327369118622
    ],
    "0.7": [
        0.9849486049926579
    ],
    "0.6": [
        0.9845897542690546
    ],
    "0.5": [
        0.9847109412326803
    ],
    "0.4": [
        0.9863013698630136
    ],
    "0.3": [
        0.9857549857549858
    ],
    "0.2": [
        0.9863680623174295
    ],
    "0.1": [
        0.9772727272727273
    ]
}