{
    "inf": [
        0.9154835476866544
    ],
    "2": [
        0.9164294088092447
    ],
    "1.6": [
        0.9445093457943925
    ],
    "1.5": [
        0.9525569932224276
    ],
    "1.4": [
        0.9594240837696335
    ],
    "1.3": [
        0.9655252737013743
    ],
    "1.2": [
        0.9711011459890384
    ],
    "1.1": [
        0.9759935982928781
    ],
    "0.9": [
        0.9818124804013797
    ],
    "0.8": [
        0.9848589125946318
    ],
    "0.7": [
        0.9851201831362075
    ],
    "0.6": [
        0.9842553191489362
    ],
    "0.5": [
        0.9854014598540146
    ],
    "0.4": [
        0.9872389791183295
    ],
    "0.3": [
        0.9886039886039886
    ],
    "0.2": [
        0.989310009718173
    ],
    "0.1": [
        0.9868421052631579
    ]
}