{
    "inf": [
        0.8917654918991148
    ],
    "2": [
        0.8917654918991148
    ],
    "1.6": [
        0.956023939630497
    ],
    "1.5": [
        0.9619168517930815
    ],
    "1.4": [
        0.9684542586750788
    ],
    "1.3": [
        0.973630831643002
    ],
    "1.2": [
        0.9839944328462074
    ],
    "1.1": [
        0.9856670341786108
    ],
    "0.9": [
        1.0
    ],
    "0.8": [
        1.0
    ],
    "0.7": [
        1.0
    ],
    "0.6": [
        1.0
    ],
    "0.5": [
        null
    ],
    "0.4": [
        null
    ],
    "0.3": [
        null
    ],
    "0.2": [
        null
    ],
    "0.1": [
        null
    ]
}