{
    "inf": [
        0.894270920327376
    ],
    "2": [
        0.894270920327376
    ],
    "1.6": [
        0.9150395778364117
    ],
    "1.5": [
        0.9262966333030027
    ],
    "1.4": [
        0.9323634989608918
    ],
    "1.3": [
        0.9454365079365079
    ],
    "1.2": [
        0.9514886529252551
    ],
    "1.1": [
        0.9558823529411765
    ],
    "0.9": [
        0.9637176938369781
    ],
    "0.8": [
        0.9695350080171031
    ],
    "0.7": [
        0.9743891669119812
    ],
    "0.6": [
        0.9785123966942149
    ],
    "0.5": [
        0.9837674594186485
    ],
    "0.4": [
        0.9851885098743267
    ],
    "0.3": [
        0.9881422924901185
    ],
    "0.2": [
        0.9918831168831169
    ],
    "0.1": [
        0.9938837920489296
    ]
}