{
    "inf": [
        0.8952730916986805
    ],
    "2": [
        0.8952730916986805
    ],
    "1.6": [
        0.9114231235916104
    ],
    "1.5": [
        0.92375
    ],
    "1.4": [
        0.9302624334740319
    ],
    "1.3": [
        0.9383184665021825
    ],
    "1.2": [
        0.9490923441199685
    ],
    "1.1": [
        0.9547325102880658
    ],
    "0.9": [
        0.9642447856979143
    ],
    "0.8": [
        0.9674520281758562
    ],
    "0.7": [
        0.9739473684210527
    ],
    "0.6": [
        0.9791726930864911
    ],
    "0.5": [
        0.98208
    ],
    "0.4": [
        0.9847494553376906
    ],
    "0.3": [
        0.9863975427819219
    ],
    "0.2": [
        0.9886104783599089
    ],
    "0.1": [
        0.9935424354243543
    ]
}