{
    "inf": [
        0.8977785201269417
    ],
    "2": [
        0.8977785201269417
    ],
    "1.6": [
        0.9224401655569552
    ],
    "1.5": [
        0.9320952916901144
    ],
    "1.4": [
        0.9432064681522382
    ],
    "1.3": [
        0.9521220991009827
    ],
    "1.2": [
        0.956982131039047
    ],
    "1.1": [
        0.9602989257356376
    ],
    "0.9": [
        0.969648133225893
    ],
    "0.8": [
        0.9743589743589743
    ],
    "0.7": [
        0.9789029535864979
    ],
    "0.6": [
        0.9844617092119867
    ],
    "0.5": [
        0.9842419080068143
    ],
    "0.4": [
        0.9877175025588536
    ],
    "0.3": [
        0.9915966386554622
    ],
    "0.2": [
        0.9946428571428572
    ],
    "0.1": [
        0.9966044142614601
    ]
}