{
    "inf": [
        0.8954401202605645
    ],
    "2": [
        0.8954401202605645
    ],
    "1.6": [
        0.9163867774438749
    ],
    "1.5": [
        0.928400515369041
    ],
    "1.4": [
        0.9383732057416267
    ],
    "1.3": [
        0.9474106784423926
    ],
    "1.2": [
        0.9539375928677564
    ],
    "1.1": [
        0.9587813620071685
    ],
    "0.9": [
        0.9663522814172827
    ],
    "0.8": [
        0.9718543046357616
    ],
    "0.7": [
        0.9761686526122824
    ],
    "0.6": [
        0.9806295399515739
    ],
    "0.5": [
        0.9848605577689243
    ],
    "0.4": [
        0.9851957975167144
    ],
    "0.3": [
        0.988622754491018
    ],
    "0.2": [
        0.992671009771987
    ],
    "0.1": [
        0.9953846153846154
    ]
}