{
    "inf": [
        0.8924336061466511
    ],
    "2": [
        0.8924336061466511
    ],
    "1.6": [
        0.9544473747302805
    ],
    "1.5": [
        0.9588218472976837
    ],
    "1.4": [
        0.9652294853963839
    ],
    "1.3": [
        0.9708222811671088
    ],
    "1.2": [
        0.9828402366863905
    ],
    "1.1": [
        0.9873987398739874
    ],
    "0.9": [
        1.0
    ],
    "0.8": [
        1.0
    ],
    "0.7": [
        1.0
    ],
    "0.6": [
        1.0
    ],
    "0.5": [
        1.0
    ],
    "0.4": [
        null
    ],
    "0.3": [
        null
    ],
    "0.2": [
        null
    ],
    "0.1": [
        null
    ]
}