{
    "inf": [
        0.9198262902956406
    ],
    "2": [
        0.9223300970873787
    ],
    "1.6": [
        0.9461353993728094
    ],
    "1.5": [
        0.9507123604158645
    ],
    "1.4": [
        0.9607843137254902
    ],
    "1.3": [
        0.9656779661016949
    ],
    "1.2": [
        0.9694469223907226
    ],
    "1.1": [
        0.9730046948356808
    ],
    "0.9": [
        0.9791889007470651
    ],
    "0.8": [
        0.98084619782733
    ],
    "0.7": [
        0.9848531684698609
    ],
    "0.6": [
        0.9851351351351352
    ],
    "0.5": [
        0.9846211552888222
    ],
    "0.4": [
        0.9850427350427351
    ],
    "0.3": [
        0.9841513292433538
    ],
    "0.2": [
        0.984743411927878
    ],
    "0.1": [
        0.982367758186398
    ]
}