{
    "inf": [
        0.8936028060798397
    ],
    "2": [
        0.8936028060798397
    ],
    "1.6": [
        0.9127540294323756
    ],
    "1.5": [
        0.9233278955954323
    ],
    "1.4": [
        0.9321811008829607
    ],
    "1.3": [
        0.9422926447574335
    ],
    "1.2": [
        0.9478653530377669
    ],
    "1.1": [
        0.9529284164859002
    ],
    "0.9": [
        0.9628460417678485
    ],
    "0.8": [
        0.9674817898022893
    ],
    "0.7": [
        0.9743589743589743
    ],
    "0.6": [
        0.9789204726924305
    ],
    "0.5": [
        0.9831994156318481
    ],
    "0.4": [
        0.9853889127632144
    ],
    "0.3": [
        0.9871726349545697
    ],
    "0.2": [
        0.9897884755652808
    ],
    "0.1": [
        0.9946164199192463
    ]
}