{
    "inf": [
        0.9123100050108569
    ],
    "2": [
        0.9137412236710131
    ],
    "1.6": [
        0.9326086956521739
    ],
    "1.5": [
        0.9389627410597267
    ],
    "1.4": [
        0.9432679230619778
    ],
    "1.3": [
        0.9498567335243553
    ],
    "1.2": [
        0.9555175363558597
    ],
    "1.1": [
        0.9648924122310306
    ],
    "0.9": [
        0.9757085020242915
    ],
    "0.8": [
        0.9788503253796096
    ],
    "0.7": [
        0.9827030196423336
    ],
    "0.6": [
        0.9830291386487352
    ],
    "0.5": [
        0.9838199085473092
    ],
    "0.4": [
        0.9845053635280095
    ],
    "0.3": [
        0.9835138954309939
    ],
    "0.2": [
        0.9844623990055935
    ],
    "0.1": [
        0.9808306709265175
    ]
}