{
    "inf": [
        0.8947720060130282
    ],
    "2": [
        0.8947720060130282
    ],
    "1.6": [
        0.9122409890301236
    ],
    "1.5": [
        0.920436259610227
    ],
    "1.4": [
        0.9296687025726448
    ],
    "1.3": [
        0.9384497018657434
    ],
    "1.2": [
        0.9468405215646941
    ],
    "1.1": [
        0.9534246575342465
    ],
    "0.9": [
        0.963032728985166
    ],
    "0.8": [
        0.9685
    ],
    "0.7": [
        0.97350450696531
    ],
    "0.6": [
        0.9768072289156626
    ],
    "0.5": [
        0.9817073170731707
    ],
    "0.4": [
        0.9854215918045706
    ],
    "0.3": [
        0.9865190178141551
    ],
    "0.2": [
        0.9896238651102465
    ],
    "0.1": [
        0.9935965848452508
    ]
}