{
    "inf": [
        0.8890930349089694
    ],
    "2": [
        0.8890930349089694
    ],
    "1.6": [
        0.9492977862413711
    ],
    "1.5": [
        0.9569591950810509
    ],
    "1.4": [
        0.9659703504043127
    ],
    "1.3": [
        0.97125
    ],
    "1.2": [
        0.9789075175770687
    ],
    "1.1": [
        0.9853054911059551
    ],
    "0.9": [
        0.9979381443298969
    ],
    "0.8": [
        1.0
    ],
    "0.7": [
        1.0
    ],
    "0.6": [
        1.0
    ],
    "0.5": [
        1.0
    ],
    "0.4": [
        null
    ],
    "0.3": [
        null
    ],
    "0.2": [
        null
    ],
    "0.1": [
        null
    ]
}