{
    "inf": [
        0.9158176048104226
    ],
    "2": [
        0.9177554438860972
    ],
    "1.6": [
        0.9480968858131488
    ],
    "1.5": [
        0.9539858728557014
    ],
    "1.4": [
        0.96008537886873
    ],
    "1.3": [
        0.9653767820773931
    ],
    "1.2": [
        0.9731221502279818
    ],
    "1.1": [
        0.9788931788931788
    ],
    "0.9": [
        0.9847076461769115
    ],
    "0.8": [
        0.9856677524429968
    ],
    "0.7": [
        0.9861061631635197
    ],
    "0.6": [
        0.9869513641755635
    ],
    "0.5": [
        0.9874551971326165
    ],
    "0.4": [
        0.9891864057672503
    ],
    "0.3": [
        0.9896278218425869
    ],
    "0.2": [
        0.9897872340425532
    ],
    "0.1": [
        0.9804270462633452
    ]
}