{
    "inf": [
        0.9201603474194087
    ],
    "2": [
        0.9212466487935657
    ],
    "1.6": [
        0.9513729977116705
    ],
    "1.5": [
        0.9561578318055002
    ],
    "1.4": [
        0.9613932018464121
    ],
    "1.3": [
        0.965609052584868
    ],
    "1.2": [
        0.970373853750294
    ],
    "1.1": [
        0.9756892230576442
    ],
    "0.9": [
        0.9819241982507289
    ],
    "0.8": [
        0.9842221520984538
    ],
    "0.7": [
        0.9860041987403779
    ],
    "0.6": [
        0.9864077669902913
    ],
    "0.5": [
        0.9868823786620026
    ],
    "0.4": [
        0.9872838250254323
    ],
    "0.3": [
        0.9877300613496932
    ],
    "0.2": [
        0.9875827814569537
    ],
    "0.1": [
        0.9847560975609756
    ]
}