{
    "inf": [
        0.8931017203941874
    ],
    "2": [
        0.8931017203941874
    ],
    "1.6": [
        0.9608706918890905
    ],
    "1.5": [
        0.9661450015969338
    ],
    "1.4": [
        0.9717285945072698
    ],
    "1.3": [
        0.9814618644067796
    ],
    "1.2": [
        0.9877344877344877
    ],
    "1.1": [
        0.9946581196581197
    ],
    "0.9": [
        1.0
    ],
    "0.8": [
        1.0
    ],
    "0.7": [
        1.0
    ],
    "0.6": [
        1.0
    ],
    "0.5": [
        1.0
    ],
    "0.4": [
        null
    ],
    "0.3": [
        null
    ],
    "0.2": [
        null
    ],
    "0.1": [
        null
    ]
}