{
    "inf": [
        0.890429263404042
    ],
    "2": [
        0.890429263404042
    ],
    "1.6": [
        0.9568430387230269
    ],
    "1.5": [
        0.9632958801498127
    ],
    "1.4": [
        0.9680638722554891
    ],
    "1.3": [
        0.9785714285714285
    ],
    "1.2": [
        0.9856972586412396
    ],
    "1.1": [
        0.9957446808510638
    ],
    "0.9": [
        1.0
    ],
    "0.8": [
        1.0
    ],
    "0.7": [
        1.0
    ],
    "0.6": [
        null
    ],
    "0.5": [
        null
    ],
    "0.4": [
        null
    ],
    "0.3": [
        null
    ],
    "0.2": [
        null
    ],
    "0.1": [
        null
    ]
}