{
    "inf": [
        0.916485719057959
    ],
    "2": [
        0.9170568561872909
    ],
    "1.6": [
        0.9398797595190381
    ],
    "1.5": [
        0.9457979225684608
    ],
    "1.4": [
        0.9519117067402444
    ],
    "1.3": [
        0.9588283490372798
    ],
    "1.2": [
        0.9626994394135403
    ],
    "1.1": [
        0.96619015203086
    ],
    "0.9": [
        0.9739570164348925
    ],
    "0.8": [
        0.9790096878363832
    ],
    "0.7": [
        0.981278801843318
    ],
    "0.6": [
        0.9836369249768447
    ],
    "0.5": [
        0.9843217450579413
    ],
    "0.4": [
        0.9842911877394636
    ],
    "0.3": [
        0.9857079053148727
    ],
    "0.2": [
        0.9854423292273237
    ],
    "0.1": [
        0.9821109123434705
    ]
}