{
    "inf": [
        0.8967763487556372
    ],
    "2": [
        0.8967763487556372
    ],
    "1.6": [
        0.9099827882960413
    ],
    "1.5": [
        0.9180587304378407
    ],
    "1.4": [
        0.9265424280803329
    ],
    "1.3": [
        0.9349200446262551
    ],
    "1.2": [
        0.9426481909160893
    ],
    "1.1": [
        0.9506098780243951
    ],
    "0.9": [
        0.9617414248021108
    ],
    "0.8": [
        0.9650837988826816
    ],
    "0.7": [
        0.971792311532701
    ],
    "0.6": [
        0.9756888168557536
    ],
    "0.5": [
        0.9812291855888586
    ],
    "0.4": [
        0.9835841313269493
    ],
    "0.3": [
        0.9859268194611982
    ],
    "0.2": [
        0.9876224858174316
    ],
    "0.1": [
        0.9914748508098892
    ]
}