{
    "inf": [
        0.892266577584767
    ],
    "2": [
        0.892266577584767
    ],
    "1.6": [
        0.9590232949761437
    ],
    "1.5": [
        0.9636109167249826
    ],
    "1.4": [
        0.9698741007194245
    ],
    "1.3": [
        0.9792302993280391
    ],
    "1.2": [
        0.9878957169459963
    ],
    "1.1": [
        0.9910313901345291
    ],
    "0.9": [
        1.0
    ],
    "0.8": [
        1.0
    ],
    "0.7": [
        1.0
    ],
    "0.6": [
        1.0
    ],
    "0.5": [
        null
    ],
    "0.4": [
        null
    ],
    "0.3": [
        null
    ],
    "0.2": [
        null
    ],
    "0.1": [
        null
    ]
}