{
    "inf": [
        0.8951060631367964
    ],
    "2": [
        0.8951060631367964
    ],
    "1.6": [
        0.9153982300884955
    ],
    "1.5": [
        0.9245179063360881
    ],
    "1.4": [
        0.935953978906999
    ],
    "1.3": [
        0.94564558496666
    ],
    "1.2": [
        0.9532351057014734
    ],
    "1.1": [
        0.9584743850146694
    ],
    "0.9": [
        0.9675689479060265
    ],
    "0.8": [
        0.9726670347874102
    ],
    "0.7": [
        0.976044226044226
    ],
    "0.6": [
        0.9809885931558935
    ],
    "0.5": [
        0.9849802371541502
    ],
    "0.4": [
        0.9871611982881597
    ],
    "0.3": [
        0.9876179245283019
    ],
    "0.2": [
        0.9901719901719902
    ],
    "0.1": [
        0.9939301972685888
    ]
}