{
    "inf": [
        0.8964422916318691
    ],
    "2": [
        0.8964422916318691
    ],
    "1.6": [
        0.913730255164034
    ],
    "1.5": [
        0.9238469789059707
    ],
    "1.4": [
        0.9335542057794957
    ],
    "1.3": [
        0.9418826219512195
    ],
    "1.2": [
        0.9492094861660079
    ],
    "1.1": [
        0.9551681195516812
    ],
    "0.9": [
        0.9644012944983819
    ],
    "0.8": [
        0.9695406534021125
    ],
    "0.7": [
        0.9754797441364605
    ],
    "0.6": [
        0.9801864801864801
    ],
    "0.5": [
        0.9849624060150376
    ],
    "0.4": [
        0.9864661654135338
    ],
    "0.3": [
        0.9887133182844243
    ],
    "0.2": [
        0.9910926365795725
    ],
    "0.1": [
        0.9950932286555446
    ]
}