{
    "inf": [
        0.9211625187907132
    ],
    "2": [
        0.9199866086374289
    ],
    "1.6": [
        0.9445983379501385
    ],
    "1.5": [
        0.9515511298353121
    ],
    "1.4": [
        0.9574724172517552
    ],
    "1.3": [
        0.962363330529857
    ],
    "1.2": [
        0.9683558309360478
    ],
    "1.1": [
        0.9723641430562007
    ],
    "0.9": [
        0.9782608695652174
    ],
    "0.8": [
        0.980865224625624
    ],
    "0.7": [
        0.9817419934151451
    ],
    "0.6": [
        0.9830618892508143
    ],
    "0.5": [
        0.9844877344877345
    ],
    "0.4": [
        0.9843814221126181
    ],
    "0.3": [
        0.9847140039447732
    ],
    "0.2": [
        0.9816633922724296
    ],
    "0.1": [
        0.9800884955752213
    ]
}