{
    "inf": [
        0.8954401202605645
    ],
    "2": [
        0.8954401202605645
    ],
    "1.6": [
        0.9114121938509641
    ],
    "1.5": [
        0.9228433648865869
    ],
    "1.4": [
        0.9306092398306645
    ],
    "1.3": [
        0.9404807325448302
    ],
    "1.2": [
        0.9483409497317703
    ],
    "1.1": [
        0.9544414395672977
    ],
    "0.9": [
        0.9629715343670446
    ],
    "0.8": [
        0.968017578125
    ],
    "0.7": [
        0.9726063829787234
    ],
    "0.6": [
        0.9782229965156795
    ],
    "0.5": [
        0.9823989569752282
    ],
    "0.4": [
        0.9854910714285714
    ],
    "0.3": [
        0.9872495446265938
    ],
    "0.2": [
        0.9891238670694864
    ],
    "0.1": [
        0.9938900203665988
    ]
}