{
    "inf": [
        0.9194922331718723
    ],
    "2": [
        0.9201005025125628
    ],
    "1.6": [
        0.9479560938682816
    ],
    "1.5": [
        0.9527871454076572
    ],
    "1.4": [
        0.9598746081504702
    ],
    "1.3": [
        0.966696074106749
    ],
    "1.2": [
        0.9697679868760253
    ],
    "1.1": [
        0.9734002509410289
    ],
    "0.9": [
        0.9803240740740741
    ],
    "0.8": [
        0.9835651074589128
    ],
    "0.7": [
        0.9854267869535045
    ],
    "0.6": [
        0.985322518346852
    ],
    "0.5": [
        0.98438855160451
    ],
    "0.4": [
        0.986125385405961
    ],
    "0.3": [
        0.986031746031746
    ],
    "0.2": [
        0.9845094664371773
    ],
    "0.1": [
        0.9817275747508306
    ]
}