{
    "inf": [
        0.8919325204609988
    ],
    "2": [
        0.8919325204609988
    ],
    "1.6": [
        0.9183378500451671
    ],
    "1.5": [
        0.9305975794251135
    ],
    "1.4": [
        0.939928628072958
    ],
    "1.3": [
        0.948577449947313
    ],
    "1.2": [
        0.9544642857142858
    ],
    "1.1": [
        0.959639126305793
    ],
    "0.9": [
        0.9670872188699945
    ],
    "0.8": [
        0.9722222222222222
    ],
    "0.7": [
        0.9771096686026648
    ],
    "0.6": [
        0.981437598736177
    ],
    "0.5": [
        0.985621521335807
    ],
    "0.4": [
        0.9885909868796349
    ],
    "0.3": [
        0.9926900584795322
    ],
    "0.2": [
        0.993485342019544
    ],
    "0.1": [
        0.9936708860759493
    ]
}