{
    "inf": [
        0.9151494905628863
    ],
    "2": [
        0.9158158995815899
    ],
    "1.6": [
        0.9369763205828779
    ],
    "1.5": [
        0.9450075075075075
    ],
    "1.4": [
        0.9496388834667188
    ],
    "1.3": [
        0.9538775510204082
    ],
    "1.2": [
        0.9617357845233006
    ],
    "1.1": [
        0.9687850887042443
    ],
    "0.9": [
        0.9767267267267268
    ],
    "0.8": [
        0.9796833773087071
    ],
    "0.7": [
        0.9826556724481091
    ],
    "0.6": [
        0.983732351135666
    ],
    "0.5": [
        0.983496126641967
    ],
    "0.4": [
        0.9840728100113766
    ],
    "0.3": [
        0.984506418769367
    ],
    "0.2": [
        0.9850083287062743
    ],
    "0.1": [
        0.9805735430157262
    ]
}