{
    "inf": [
        0.8967763487556372
    ],
    "2": [
        0.8967763487556372
    ],
    "1.6": [
        0.915635349485794
    ],
    "1.5": [
        0.9250493096646942
    ],
    "1.4": [
        0.9323725055432373
    ],
    "1.3": [
        0.9407932554129144
    ],
    "1.2": [
        0.9491661643560377
    ],
    "1.1": [
        0.9530921329406815
    ],
    "0.9": [
        0.9609870740305523
    ],
    "0.8": [
        0.9657242932199149
    ],
    "0.7": [
        0.9722599945607833
    ],
    "0.6": [
        0.9780649038461539
    ],
    "0.5": [
        0.9812925170068028
    ],
    "0.4": [
        0.9842457660496259
    ],
    "0.3": [
        0.9858949416342413
    ],
    "0.2": [
        0.9883268482490273
    ],
    "0.1": [
        0.9940476190476191
    ]
}