{
    "inf": [
        0.8941038917654919
    ],
    "2": [
        0.8941038917654919
    ],
    "1.6": [
        0.9125740160222919
    ],
    "1.5": [
        0.9239325439540724
    ],
    "1.4": [
        0.9325323475046211
    ],
    "1.3": [
        0.9399273005548116
    ],
    "1.2": [
        0.949452736318408
    ],
    "1.1": [
        0.9546688949237518
    ],
    "0.9": [
        0.9617080529125087
    ],
    "0.8": [
        0.9674475955610358
    ],
    "0.7": [
        0.9750199309061919
    ],
    "0.6": [
        0.9772063120981882
    ],
    "0.5": [
        0.9820496083550914
    ],
    "0.4": [
        0.9845980465815176
    ],
    "0.3": [
        0.9846867749419954
    ],
    "0.2": [
        0.9877149877149877
    ],
    "0.1": [
        0.9922135706340378
    ]
}