{
    "inf": [
        0.8986136629363621
    ],
    "2": [
        0.8986136629363621
    ],
    "1.6": [
        0.9158829676071055
    ],
    "1.5": [
        0.9253543872241162
    ],
    "1.4": [
        0.9331363132619136
    ],
    "1.3": [
        0.9424736337488016
    ],
    "1.2": [
        0.9515675241157556
    ],
    "1.1": [
        0.9563392107472712
    ],
    "0.9": [
        0.9656542056074766
    ],
    "0.8": [
        0.9696139476961395
    ],
    "0.7": [
        0.9742198100407056
    ],
    "0.6": [
        0.9782024484920872
    ],
    "0.5": [
        0.9818852733981885
    ],
    "0.4": [
        0.9853349187475228
    ],
    "0.3": [
        0.9866603144354454
    ],
    "0.2": [
        0.9885496183206107
    ],
    "0.1": [
        0.9925133689839573
    ]
}