{
    "inf": [
        0.8910973776515784
    ],
    "2": [
        0.8910973776515784
    ],
    "1.6": [
        0.9557251908396946
    ],
    "1.5": [
        0.9626454378444581
    ],
    "1.4": [
        0.9670953101361573
    ],
    "1.3": [
        0.9754420432220039
    ],
    "1.2": [
        0.9851652056641942
    ],
    "1.1": [
        0.9864158829676071
    ],
    "0.9": [
        1.0
    ],
    "0.8": [
        1.0
    ],
    "0.7": [
        1.0
    ],
    "0.6": [
        1.0
    ],
    "0.5": [
        null
    ],
    "0.4": [
        null
    ],
    "0.3": [
        null
    ],
    "0.2": [
        null
    ],
    "0.1": [
        null
    ]
}