{
    "inf": [
        0.8952730916986805
    ],
    "2": [
        0.8952730916986805
    ],
    "1.6": [
        0.9144207210360518
    ],
    "1.5": [
        0.9246131702051098
    ],
    "1.4": [
        0.9324525493114998
    ],
    "1.3": [
        0.9412900733874082
    ],
    "1.2": [
        0.9488006450312437
    ],
    "1.1": [
        0.9539014590822584
    ],
    "0.9": [
        0.963855421686747
    ],
    "0.8": [
        0.968015992003998
    ],
    "0.7": [
        0.9722599945607833
    ],
    "0.6": [
        0.9787297783103655
    ],
    "0.5": [
        0.9831819710729902
    ],
    "0.4": [
        0.985580670303975
    ],
    "0.3": [
        0.9876777251184834
    ],
    "0.2": [
        0.9902849740932642
    ],
    "0.1": [
        0.9944506104328524
    ]
}