{
    "inf": [
        0.8932687489560714
    ],
    "2": [
        0.8932687489560714
    ],
    "1.6": [
        0.9099162011173184
    ],
    "1.5": [
        0.9227708446373666
    ],
    "1.4": [
        0.9309376754632229
    ],
    "1.3": [
        0.9388867263526665
    ],
    "1.2": [
        0.947787069141342
    ],
    "1.1": [
        0.953443467067153
    ],
    "0.9": [
        0.9627749576988156
    ],
    "0.8": [
        0.9687095940005171
    ],
    "0.7": [
        0.9745258986696859
    ],
    "0.6": [
        0.9803735359290915
    ],
    "0.5": [
        0.9843122947829259
    ],
    "0.4": [
        0.9871134020618557
    ],
    "0.3": [
        0.9887760555852485
    ],
    "0.2": [
        0.9914651493598862
    ],
    "0.1": [
        0.9942129629629629
    ]
}