{
    "inf": [
        0.9199933188575247
    ],
    "2": [
        0.920120320855615
    ],
    "1.6": [
        0.9418499000545157
    ],
    "1.5": [
        0.9466517440775974
    ],
    "1.4": [
        0.9539473684210527
    ],
    "1.3": [
        0.9590927501012556
    ],
    "1.2": [
        0.9612041551833793
    ],
    "1.1": [
        0.967921586099354
    ],
    "0.9": [
        0.976652740231015
    ],
    "0.8": [
        0.9787345760042006
    ],
    "0.7": [
        0.9824660633484162
    ],
    "0.6": [
        0.9845726627584079
    ],
    "0.5": [
        0.9860163710777626
    ],
    "0.4": [
        0.9858724704085529
    ],
    "0.3": [
        0.9851685393258427
    ],
    "0.2": [
        0.9856897538637664
    ],
    "0.1": [
        0.9839167455061495
    ]
}