{
    "inf": [
        0.896275263069985
    ],
    "2": [
        0.896275263069985
    ],
    "1.6": [
        0.9364331959976456
    ],
    "1.5": [
        0.9489253032560119
    ],
    "1.4": [
        0.9559298569450854
    ],
    "1.3": [
        0.9605923694779116
    ],
    "1.2": [
        0.9647155361050328
    ],
    "1.1": [
        0.9665863937387116
    ],
    "0.9": [
        0.9767441860465116
    ],
    "0.8": [
        0.9815384615384616
    ],
    "0.7": [
        0.9832317073170732
    ],
    "0.6": [
        0.9868184541641701
    ],
    "0.5": [
        0.9898033503277495
    ],
    "0.4": [
        0.9932950191570882
    ],
    "0.3": [
        0.9945945945945946
    ],
    "0.2": [
        0.9939148073022313
    ],
    "0.1": [
        1.0
    ]
}