{
    "inf": [
        0.8927676632704192
    ],
    "2": [
        0.8927676632704192
    ],
    "1.6": [
        0.9609188544152745
    ],
    "1.5": [
        0.9689298043728424
    ],
    "1.4": [
        0.9779033915724563
    ],
    "1.3": [
        0.9855907780979827
    ],
    "1.2": [
        0.992797118847539
    ],
    "1.1": [
        0.9961612284069098
    ],
    "0.9": [
        1.0
    ],
    "0.8": [
        1.0
    ],
    "0.7": [
        1.0
    ],
    "0.6": [
        null
    ],
    "0.5": [
        null
    ],
    "0.4": [
        null
    ],
    "0.3": [
        null
    ],
    "0.2": [
        null
    ],
    "0.1": [
        null
    ]
}