{
    "inf": [
        0.892266577584767
    ],
    "2": [
        0.892266577584767
    ],
    "1.6": [
        0.9546109510086456
    ],
    "1.5": [
        0.9618966977138018
    ],
    "1.4": [
        0.9688569472963724
    ],
    "1.3": [
        0.9780412823891085
    ],
    "1.2": [
        0.9840801886792453
    ],
    "1.1": [
        0.9903083700440528
    ],
    "0.9": [
        1.0
    ],
    "0.8": [
        1.0
    ],
    "0.7": [
        1.0
    ],
    "0.6": [
        1.0
    ],
    "0.5": [
        1.0
    ],
    "0.4": [
        null
    ],
    "0.3": [
        null
    ],
    "0.2": [
        null
    ],
    "0.1": [
        null
    ]
}