{
    "inf": [
        0.8931017203941874
    ],
    "2": [
        0.8931017203941874
    ],
    "1.6": [
        0.9580025608194622
    ],
    "1.5": [
        0.9642072213500785
    ],
    "1.4": [
        0.9712732919254659
    ],
    "1.3": [
        0.9783169850283944
    ],
    "1.2": [
        0.9868995633187773
    ],
    "1.1": [
        0.9919632606199771
    ],
    "0.9": [
        1.0
    ],
    "0.8": [
        1.0
    ],
    "0.7": [
        1.0
    ],
    "0.6": [
        1.0
    ],
    "0.5": [
        null
    ],
    "0.4": [
        null
    ],
    "0.3": [
        null
    ],
    "0.2": [
        null
    ],
    "0.1": [
        null
    ]
}