{
    "inf": [
        0.8959412059462168
    ],
    "2": [
        0.8959412059462168
    ],
    "1.6": [
        0.9100620261888352
    ],
    "1.5": [
        0.920084492166872
    ],
    "1.4": [
        0.9279393173198482
    ],
    "1.3": [
        0.9366288793904479
    ],
    "1.2": [
        0.9437727883323739
    ],
    "1.1": [
        0.9516417910447761
    ],
    "0.9": [
        0.9620749782040104
    ],
    "0.8": [
        0.9662633783154956
    ],
    "0.7": [
        0.9728315054835494
    ],
    "0.6": [
        0.9777536625067824
    ],
    "0.5": [
        0.9810526315789474
    ],
    "0.4": [
        0.9850594227504245
    ],
    "0.3": [
        0.9867947178871549
    ],
    "0.2": [
        0.9887005649717514
    ],
    "0.1": [
        0.9941715237302248
    ]
}