{
    "inf": [
        0.8964422916318691
    ],
    "2": [
        0.8964422916318691
    ],
    "1.6": [
        0.9111419645956265
    ],
    "1.5": [
        0.920722977809592
    ],
    "1.4": [
        0.9295878765477731
    ],
    "1.3": [
        0.9396269948086906
    ],
    "1.2": [
        0.9480467176802255
    ],
    "1.1": [
        0.9530059271803556
    ],
    "0.9": [
        0.9629453681710214
    ],
    "0.8": [
        0.9689345314505776
    ],
    "0.7": [
        0.9749929755549311
    ],
    "0.6": [
        0.9803186504217432
    ],
    "0.5": [
        0.9836240655037379
    ],
    "0.4": [
        0.9860228716645489
    ],
    "0.3": [
        0.9880643487285937
    ],
    "0.2": [
        0.99002849002849
    ],
    "0.1": [
        0.9926650366748166
    ]
}