{
    "inf": [
        0.9128110906965091
    ],
    "2": [
        0.9139460907416709
    ],
    "1.6": [
        0.9390380313199105
    ],
    "1.5": [
        0.9454297407912687
    ],
    "1.4": [
        0.9547138740222314
    ],
    "1.3": [
        0.9609713790112749
    ],
    "1.2": [
        0.9676085458304617
    ],
    "1.1": [
        0.9747020189734857
    ],
    "0.9": [
        0.982367758186398
    ],
    "0.8": [
        0.9838316046369737
    ],
    "0.7": [
        0.9859202145491116
    ],
    "0.6": [
        0.9863367799113737
    ],
    "0.5": [
        0.9865602687946241
    ],
    "0.4": [
        0.986764705882353
    ],
    "0.3": [
        0.9868184541641701
    ],
    "0.2": [
        0.9862459546925566
    ],
    "0.1": [
        0.9833080424886191
    ]
}