{
    "inf": [
        0.8899281777183898
    ],
    "2": [
        0.8899281777183898
    ],
    "1.6": [
        0.9588546010564359
    ],
    "1.5": [
        0.9645316804407713
    ],
    "1.4": [
        0.9717937417364477
    ],
    "1.3": [
        0.9779837775202781
    ],
    "1.2": [
        0.9865433137089992
    ],
    "1.1": [
        0.9921671018276762
    ],
    "0.9": [
        1.0
    ],
    "0.8": [
        1.0
    ],
    "0.7": [
        1.0
    ],
    "0.6": [
        1.0
    ],
    "0.5": [
        null
    ],
    "0.4": [
        null
    ],
    "0.3": [
        null
    ],
    "0.2": [
        null
    ],
    "0.1": [
        null
    ]
}