{
    "inf": [
        0.8912644062134625
    ],
    "2": [
        0.8912644062134625
    ],
    "1.6": [
        0.9589929924733973
    ],
    "1.5": [
        0.9644765796919208
    ],
    "1.4": [
        0.9697327044025157
    ],
    "1.3": [
        0.9808686659772492
    ],
    "1.2": [
        0.9888190076869322
    ],
    "1.1": [
        0.9958027282266527
    ],
    "0.9": [
        1.0
    ],
    "0.8": [
        1.0
    ],
    "0.7": [
        1.0
    ],
    "0.6": [
        1.0
    ],
    "0.5": [
        null
    ],
    "0.4": [
        null
    ],
    "0.3": [
        null
    ],
    "0.2": [
        null
    ],
    "0.1": [
        null
    ]
}