{
    "inf": [
        0.8914314347753466
    ],
    "2": [
        0.8914314347753466
    ],
    "1.6": [
        0.9614823460752845
    ],
    "1.5": [
        0.9659558548447438
    ],
    "1.4": [
        0.974739970282318
    ],
    "1.3": [
        0.9849418206707734
    ],
    "1.2": [
        0.9913793103448276
    ],
    "1.1": [
        1.0
    ],
    "0.9": [
        1.0
    ],
    "0.8": [
        1.0
    ],
    "0.7": [
        1.0
    ],
    "0.6": [
        1.0
    ],
    "0.5": [
        null
    ],
    "0.4": [
        null
    ],
    "0.3": [
        null
    ],
    "0.2": [
        null
    ],
    "0.1": [
        null
    ]
}