{
    "inf": [
        0.8961082345081008
    ],
    "2": [
        0.8961082345081008
    ],
    "1.6": [
        0.9138714185883997
    ],
    "1.5": [
        0.9259460438167663
    ],
    "1.4": [
        0.9338579726438074
    ],
    "1.3": [
        0.9441634241245136
    ],
    "1.2": [
        0.952283849918434
    ],
    "1.1": [
        0.9581732821169441
    ],
    "0.9": [
        0.9661582459485224
    ],
    "0.8": [
        0.9711392405063292
    ],
    "0.7": [
        0.9760594386351128
    ],
    "0.6": [
        0.9823170731707317
    ],
    "0.5": [
        0.9847094801223242
    ],
    "0.4": [
        0.9870790916209867
    ],
    "0.3": [
        0.9876718824087245
    ],
    "0.2": [
        0.9915032679738562
    ],
    "0.1": [
        0.9935275080906149
    ]
}