{
    "inf": [
        0.8920995490228829
    ],
    "2": [
        0.8920995490228829
    ],
    "1.6": [
        0.9575874414761774
    ],
    "1.5": [
        0.9659958362248439
    ],
    "1.4": [
        0.9742431089019431
    ],
    "1.3": [
        0.9807930607187113
    ],
    "1.2": [
        0.9882583170254403
    ],
    "1.1": [
        0.9919871794871795
    ],
    "0.9": [
        1.0
    ],
    "0.8": [
        1.0
    ],
    "0.7": [
        1.0
    ],
    "0.6": [
        1.0
    ],
    "0.5": [
        null
    ],
    "0.4": [
        null
    ],
    "0.3": [
        null
    ],
    "0.2": [
        null
    ],
    "0.1": [
        null
    ]
}