{
    "inf": [
        0.912644062134625
    ],
    "2": [
        0.9135451505016723
    ],
    "1.6": [
        0.9370107409430184
    ],
    "1.5": [
        0.9429857464366092
    ],
    "1.4": [
        0.949093036863663
    ],
    "1.3": [
        0.9545083639330886
    ],
    "1.2": [
        0.9614065180102916
    ],
    "1.1": [
        0.9692480359147025
    ],
    "0.9": [
        0.976720901126408
    ],
    "0.8": [
        0.9788826516974071
    ],
    "0.7": [
        0.9812518027112778
    ],
    "0.6": [
        0.9826771653543307
    ],
    "0.5": [
        0.9836748871135811
    ],
    "0.4": [
        0.9844418514196811
    ],
    "0.3": [
        0.9843245735361917
    ],
    "0.2": [
        0.9839381320642475
    ],
    "0.1": [
        0.9814624098867147
    ]
}