{
    "inf": [
        0.9104726908301319
    ],
    "2": [
        0.9120254223114234
    ],
    "1.6": [
        0.9329568227363818
    ],
    "1.5": [
        0.9378870332144867
    ],
    "1.4": [
        0.9427510746385307
    ],
    "1.3": [
        0.949048496009822
    ],
    "1.2": [
        0.9546814878153057
    ],
    "1.1": [
        0.960422756914774
    ],
    "0.9": [
        0.9755351681957186
    ],
    "0.8": [
        0.9789502460360853
    ],
    "0.7": [
        0.9836016696481813
    ],
    "0.6": [
        0.9846905537459283
    ],
    "0.5": [
        0.9849029475197699
    ],
    "0.4": [
        0.9843363561417972
    ],
    "0.3": [
        0.984015984015984
    ],
    "0.2": [
        0.9837728194726166
    ],
    "0.1": [
        0.9809976247030879
    ]
}