{
    "inf": [
        0.8946049774511442
    ],
    "2": [
        0.8946049774511442
    ],
    "1.6": [
        0.9088712461166725
    ],
    "1.5": [
        0.916799433528058
    ],
    "1.4": [
        0.9288444040036397
    ],
    "1.3": [
        0.9351747463359639
    ],
    "1.2": [
        0.9464250925384765
    ],
    "1.1": [
        0.9514681892332789
    ],
    "0.9": [
        0.9621915327145121
    ],
    "0.8": [
        0.9667949951876804
    ],
    "0.7": [
        0.9726989079563183
    ],
    "0.6": [
        0.978353745371689
    ],
    "0.5": [
        0.9819848293299621
    ],
    "0.4": [
        0.985480943738657
    ],
    "0.3": [
        0.9861231569817867
    ],
    "0.2": [
        0.9881956155143339
    ],
    "0.1": [
        0.9927140255009107
    ]
}