{
    "inf": [
        0.8917654918991148
    ],
    "2": [
        0.8917654918991148
    ],
    "1.6": [
        0.9573571992629639
    ],
    "1.5": [
        0.9646712463199215
    ],
    "1.4": [
        0.9720338983050848
    ],
    "1.3": [
        0.983129726585224
    ],
    "1.2": [
        0.9867491166077739
    ],
    "1.1": [
        0.9954887218045113
    ],
    "0.9": [
        1.0
    ],
    "0.8": [
        1.0
    ],
    "0.7": [
        1.0
    ],
    "0.6": [
        null
    ],
    "0.5": [
        null
    ],
    "0.4": [
        null
    ],
    "0.3": [
        null
    ],
    "0.2": [
        null
    ],
    "0.1": [
        null
    ]
}