{
    "inf": [
        0.8961082345081008
    ],
    "2": [
        0.8961082345081008
    ],
    "1.6": [
        0.9175766114829165
    ],
    "1.5": [
        0.9262220606941668
    ],
    "1.4": [
        0.933383515242755
    ],
    "1.3": [
        0.9437916177046611
    ],
    "1.2": [
        0.9509783728115345
    ],
    "1.1": [
        0.9551754006063231
    ],
    "0.9": [
        0.9643463497453311
    ],
    "0.8": [
        0.970381917381138
    ],
    "0.7": [
        0.9749644381223329
    ],
    "0.6": [
        0.98005698005698
    ],
    "0.5": [
        0.9842010771992818
    ],
    "0.4": [
        0.9867634500426985
    ],
    "0.3": [
        0.9887820512820513
    ],
    "0.2": [
        0.9918938835666913
    ],
    "0.1": [
        0.9945652173913043
    ]
}