{
    "inf": [
        0.8976114915650576
    ],
    "2": [
        0.8976114915650576
    ],
    "1.6": [
        0.9091221439615187
    ],
    "1.5": [
        0.9175891758917589
    ],
    "1.4": [
        0.9264413518886679
    ],
    "1.3": [
        0.9355559694542745
    ],
    "1.2": [
        0.944122196442382
    ],
    "1.1": [
        0.9517975497087768
    ],
    "0.9": [
        0.9634255129348795
    ],
    "0.8": [
        0.9682690030783803
    ],
    "0.7": [
        0.9732620320855615
    ],
    "0.6": [
        0.9779391231499581
    ],
    "0.5": [
        0.9806629834254144
    ],
    "0.4": [
        0.9847750865051903
    ],
    "0.3": [
        0.9855729596042869
    ],
    "0.2": [
        0.9878435517970402
    ],
    "0.1": [
        0.9940119760479041
    ]
}