{
    "inf": [
        0.8895941205946217
    ],
    "2": [
        0.8895941205946217
    ],
    "1.6": [
        0.9534087917873124
    ],
    "1.5": [
        0.9606324620845434
    ],
    "1.4": [
        0.9649330181245075
    ],
    "1.3": [
        0.9739130434782609
    ],
    "1.2": [
        0.9840388619014573
    ],
    "1.1": [
        0.9904458598726115
    ],
    "0.9": [
        1.0
    ],
    "0.8": [
        1.0
    ],
    "0.7": [
        1.0
    ],
    "0.6": [
        1.0
    ],
    "0.5": [
        null
    ],
    "0.4": [
        null
    ],
    "0.3": [
        null
    ],
    "0.2": [
        null
    ],
    "0.1": [
        null
    ]
}