{
    "inf": [
        0.8959412059462168
    ],
    "2": [
        0.8959412059462168
    ],
    "1.6": [
        0.9101609832092782
    ],
    "1.5": [
        0.9211559043881555
    ],
    "1.4": [
        0.9290049659738826
    ],
    "1.3": [
        0.9396716303932798
    ],
    "1.2": [
        0.948101014118115
    ],
    "1.1": [
        0.9544980171154247
    ],
    "0.9": [
        0.9625058220773172
    ],
    "0.8": [
        0.966864490603363
    ],
    "0.7": [
        0.9737194958433897
    ],
    "0.6": [
        0.9775943396226415
    ],
    "0.5": [
        0.9820717131474104
    ],
    "0.4": [
        0.9845261121856866
    ],
    "0.3": [
        0.9864675688287448
    ],
    "0.2": [
        0.9875233936369308
    ],
    "0.1": [
        0.9917948717948718
    ]
}