{
    "inf": [
        0.8961082345081008
    ],
    "2": [
        0.8961082345081008
    ],
    "1.6": [
        0.9088564058469476
    ],
    "1.5": [
        0.9176678445229682
    ],
    "1.4": [
        0.9271933017837641
    ],
    "1.3": [
        0.9363345262761349
    ],
    "1.2": [
        0.9464563862928349
    ],
    "1.1": [
        0.9514464899858386
    ],
    "0.9": [
        0.9637178051511758
    ],
    "0.8": [
        0.9672718585762065
    ],
    "0.7": [
        0.9741555783009211
    ],
    "0.6": [
        0.9794828555368185
    ],
    "0.5": [
        0.9824780976220275
    ],
    "0.4": [
        0.9862218999274837
    ],
    "0.3": [
        0.9880085653104925
    ],
    "0.2": [
        0.9886813808715337
    ],
    "0.1": [
        0.9910233393177738
    ]
}