{
    "inf": [
        0.8959412059462168
    ],
    "2": [
        0.8959412059462168
    ],
    "1.6": [
        0.9129305868097628
    ],
    "1.5": [
        0.9225577264653642
    ],
    "1.4": [
        0.9312991046957793
    ],
    "1.3": [
        0.9383742911153119
    ],
    "1.2": [
        0.9469578783151326
    ],
    "1.1": [
        0.9526519000203211
    ],
    "0.9": [
        0.9626630679262258
    ],
    "0.8": [
        0.9674251497005988
    ],
    "0.7": [
        0.9739623614333591
    ],
    "0.6": [
        0.9789413773477519
    ],
    "0.5": [
        0.9838505383153895
    ],
    "0.4": [
        0.9870456998920475
    ],
    "0.3": [
        0.9891587163920208
    ],
    "0.2": [
        0.9908623643632211
    ],
    "0.1": [
        0.9952696310312205
    ]
}