{
    "inf": [
        0.8932687489560714
    ],
    "2": [
        0.8932687489560714
    ],
    "1.6": [
        0.9139502278303541
    ],
    "1.5": [
        0.9233543733092876
    ],
    "1.4": [
        0.9329598506069094
    ],
    "1.3": [
        0.9416892677256877
    ],
    "1.2": [
        0.9481886257842542
    ],
    "1.1": [
        0.9548070773822213
    ],
    "0.9": [
        0.9636971578695964
    ],
    "0.8": [
        0.968550242904628
    ],
    "0.7": [
        0.9743303571428571
    ],
    "0.6": [
        0.9781538461538462
    ],
    "0.5": [
        0.9824929971988795
    ],
    "0.4": [
        0.984653670676068
    ],
    "0.3": [
        0.9886831275720165
    ],
    "0.2": [
        0.9894366197183099
    ],
    "0.1": [
        0.9922380336351876
    ]
}