{
    "inf": [
        0.8932687489560714
    ],
    "2": [
        0.8932687489560714
    ],
    "1.6": [
        0.9602364320257926
    ],
    "1.5": [
        0.9656552184061353
    ],
    "1.4": [
        0.9728813559322034
    ],
    "1.3": [
        0.979706877113867
    ],
    "1.2": [
        0.987012987012987
    ],
    "1.1": [
        0.9924812030075187
    ],
    "0.9": [
        1.0
    ],
    "0.8": [
        1.0
    ],
    "0.7": [
        1.0
    ],
    "0.6": [
        1.0
    ],
    "0.5": [
        null
    ],
    "0.4": [
        null
    ],
    "0.3": [
        null
    ],
    "0.2": [
        null
    ],
    "0.1": [
        null
    ]
}