{
    "inf": [
        0.8892600634708535
    ],
    "2": [
        0.8892600634708535
    ],
    "1.6": [
        0.9510805034433626
    ],
    "1.5": [
        0.9569922308546059
    ],
    "1.4": [
        0.9638312123241795
    ],
    "1.3": [
        0.9705521472392638
    ],
    "1.2": [
        0.9761904761904762
    ],
    "1.1": [
        0.9832727272727273
    ],
    "0.9": [
        0.9925233644859813
    ],
    "0.8": [
        1.0
    ],
    "0.7": [
        1.0
    ],
    "0.6": [
        1.0
    ],
    "0.5": [
        1.0
    ],
    "0.4": [
        null
    ],
    "0.3": [
        null
    ],
    "0.2": [
        null
    ],
    "0.1": [
        null
    ]
}