{
    "inf": [
        0.9159846333723066
    ],
    "2": [
        0.9176706827309237
    ],
    "1.6": [
        0.9386491898780266
    ],
    "1.5": [
        0.9447679879767049
    ],
    "1.4": [
        0.9493670886075949
    ],
    "1.3": [
        0.954360228198859
    ],
    "1.2": [
        0.9600341953408849
    ],
    "1.1": [
        0.9644704295030357
    ],
    "0.9": [
        0.9750692520775623
    ],
    "0.8": [
        0.9794149512459371
    ],
    "0.7": [
        0.982853821563499
    ],
    "0.6": [
        0.9838607594936709
    ],
    "0.5": [
        0.9828371278458844
    ],
    "0.4": [
        0.9841709537000396
    ],
    "0.3": [
        0.9847836424155968
    ],
    "0.2": [
        0.9850467289719627
    ],
    "0.1": [
        0.9825897714907508
    ]
}