{
    "inf": [
        0.8961082345081008
    ],
    "2": [
        0.8961082345081008
    ],
    "1.6": [
        0.9106493506493506
    ],
    "1.5": [
        0.9192745376955903
    ],
    "1.4": [
        0.9275229357798165
    ],
    "1.3": [
        0.9359727221064595
    ],
    "1.2": [
        0.9453217528622188
    ],
    "1.1": [
        0.9520463001240181
    ],
    "0.9": [
        0.9628347183748845
    ],
    "0.8": [
        0.967529296875
    ],
    "0.7": [
        0.9721857780110207
    ],
    "0.6": [
        0.9767308244757253
    ],
    "0.5": [
        0.9802986971719098
    ],
    "0.4": [
        0.9843693202471828
    ],
    "0.3": [
        0.9865916955017301
    ],
    "0.2": [
        0.9882154882154882
    ],
    "0.1": [
        0.9929824561403509
    ]
}