{
    "inf": [
        0.890262234842158
    ],
    "2": [
        0.890262234842158
    ],
    "1.6": [
        0.9518843327802797
    ],
    "1.5": [
        0.9597765363128492
    ],
    "1.4": [
        0.9674880219028063
    ],
    "1.3": [
        0.9751742160278746
    ],
    "1.2": [
        0.982068141063957
    ],
    "1.1": [
        0.9878844361602982
    ],
    "0.9": [
        1.0
    ],
    "0.8": [
        1.0
    ],
    "0.7": [
        1.0
    ],
    "0.6": [
        1.0
    ],
    "0.5": [
        null
    ],
    "0.4": [
        null
    ],
    "0.3": [
        null
    ],
    "0.2": [
        null
    ],
    "0.1": [
        null
    ]
}