{
    "inf": [
        0.890429263404042
    ],
    "2": [
        0.890429263404042
    ],
    "1.6": [
        0.9524381455680999
    ],
    "1.5": [
        0.9595441595441595
    ],
    "1.4": [
        0.966401108417042
    ],
    "1.3": [
        0.9708188153310104
    ],
    "1.2": [
        0.9777777777777777
    ],
    "1.1": [
        0.985738255033557
    ],
    "0.9": [
        1.0
    ],
    "0.8": [
        1.0
    ],
    "0.7": [
        1.0
    ],
    "0.6": [
        1.0
    ],
    "0.5": [
        1.0
    ],
    "0.4": [
        null
    ],
    "0.3": [
        null
    ],
    "0.2": [
        null
    ],
    "0.1": [
        null
    ]
}