{
    "inf": [
        0.8894270920327376
    ],
    "2": [
        0.8894270920327376
    ],
    "1.6": [
        0.9547159699892819
    ],
    "1.5": [
        0.9613223140495868
    ],
    "1.4": [
        0.967795210569777
    ],
    "1.3": [
        0.975328947368421
    ],
    "1.2": [
        0.9845440494590417
    ],
    "1.1": [
        0.9871630295250321
    ],
    "0.9": [
        1.0
    ],
    "0.8": [
        1.0
    ],
    "0.7": [
        1.0
    ],
    "0.6": [
        1.0
    ],
    "0.5": [
        null
    ],
    "0.4": [
        null
    ],
    "0.3": [
        null
    ],
    "0.2": [
        null
    ],
    "0.1": [
        null
    ]
}