{
    "inf": [
        0.8972774344412895
    ],
    "2": [
        0.8972774344412895
    ],
    "1.6": [
        0.9143510376362997
    ],
    "1.5": [
        0.9239328712148851
    ],
    "1.4": [
        0.9329291398256916
    ],
    "1.3": [
        0.9460970253543621
    ],
    "1.2": [
        0.9538753159224936
    ],
    "1.1": [
        0.9590254706533776
    ],
    "0.9": [
        0.96575
    ],
    "0.8": [
        0.9712288249529444
    ],
    "0.7": [
        0.9760355029585799
    ],
    "0.6": [
        0.9806279225116901
    ],
    "0.5": [
        0.9824024483550114
    ],
    "0.4": [
        0.9856887298747764
    ],
    "0.3": [
        0.9873208379272327
    ],
    "0.2": [
        0.9918276374442794
    ],
    "0.1": [
        0.9921875
    ]
}