{
    "inf": [
        0.8964422916318691
    ],
    "2": [
        0.8964422916318691
    ],
    "1.6": [
        0.9122533748701973
    ],
    "1.5": [
        0.9201277955271565
    ],
    "1.4": [
        0.9292358198066751
    ],
    "1.3": [
        0.9371579543310059
    ],
    "1.2": [
        0.9463654223968566
    ],
    "1.1": [
        0.9539921600990303
    ],
    "0.9": [
        0.9632521819016996
    ],
    "0.8": [
        0.9680019540791402
    ],
    "0.7": [
        0.9738302934179223
    ],
    "0.6": [
        0.9790331974373908
    ],
    "0.5": [
        0.9833876221498371
    ],
    "0.4": [
        0.9849793466015772
    ],
    "0.3": [
        0.9872611464968153
    ],
    "0.2": [
        0.9887839433293979
    ],
    "0.1": [
        0.9943449575871819
    ]
}