{
    "inf": [
        0.8952730916986805
    ],
    "2": [
        0.8952730916986805
    ],
    "1.6": [
        0.9116936874784408
    ],
    "1.5": [
        0.9210665724880805
    ],
    "1.4": [
        0.9285455861070911
    ],
    "1.3": [
        0.9363009871484448
    ],
    "1.2": [
        0.9463837994214079
    ],
    "1.1": [
        0.9517420905086104
    ],
    "0.9": [
        0.9622227103009005
    ],
    "0.8": [
        0.9670868347338936
    ],
    "0.7": [
        0.9733698357391737
    ],
    "0.6": [
        0.9775615031089484
    ],
    "0.5": [
        0.9825563909774436
    ],
    "0.4": [
        0.9844489519945909
    ],
    "0.3": [
        0.9868316041500399
    ],
    "0.2": [
        0.9893075356415478
    ],
    "0.1": [
        0.9949579831932773
    ]
}