{
    "inf": [
        0.8899281777183898
    ],
    "2": [
        0.8899281777183898
    ],
    "1.6": [
        0.9589482157231017
    ],
    "1.5": [
        0.9663494221617946
    ],
    "1.4": [
        0.9716437749224635
    ],
    "1.3": [
        0.9826302729528535
    ],
    "1.2": [
        0.9869346733668342
    ],
    "1.1": [
        0.9982547993019197
    ],
    "0.9": [
        1.0
    ],
    "0.8": [
        1.0
    ],
    "0.7": [
        1.0
    ],
    "0.6": [
        1.0
    ],
    "0.5": [
        null
    ],
    "0.4": [
        null
    ],
    "0.3": [
        null
    ],
    "0.2": [
        null
    ],
    "0.1": [
        null
    ]
}