{
    "inf": [
        0.8924336061466511
    ],
    "2": [
        0.8924336061466511
    ],
    "1.6": [
        0.9652307692307692
    ],
    "1.5": [
        0.9685483870967742
    ],
    "1.4": [
        0.9762036524626453
    ],
    "1.3": [
        0.9852459016393442
    ],
    "1.2": [
        0.992
    ],
    "1.1": [
        1.0
    ],
    "0.9": [
        1.0
    ],
    "0.8": [
        1.0
    ],
    "0.7": [
        1.0
    ],
    "0.6": [
        1.0
    ],
    "0.5": [
        null
    ],
    "0.4": [
        null
    ],
    "0.3": [
        null
    ],
    "0.2": [
        null
    ],
    "0.1": [
        null
    ]
}