{
    "inf": [
        0.8959412059462168
    ],
    "2": [
        0.8959412059462168
    ],
    "1.6": [
        0.916100957354221
    ],
    "1.5": [
        0.9257735646574853
    ],
    "1.4": [
        0.9340316060271959
    ],
    "1.3": [
        0.9416335038847831
    ],
    "1.2": [
        0.9484111416241663
    ],
    "1.1": [
        0.9532882606023356
    ],
    "0.9": [
        0.9625595643294759
    ],
    "0.8": [
        0.9672368104071308
    ],
    "0.7": [
        0.9733022291342665
    ],
    "0.6": [
        0.979107040641099
    ],
    "0.5": [
        0.9833918875758544
    ],
    "0.4": [
        0.9867354458364038
    ],
    "0.3": [
        0.9875996457041629
    ],
    "0.2": [
        0.9899705014749263
    ],
    "0.1": [
        0.9941118743866536
    ]
}