{
    "inf": [
        0.5784199098045766
    ],
    "2": [
        0.5754133956906631
    ],
    "1.6": [
        0.5831244778613199
    ],
    "1.5": [
        0.6045068582625734
    ],
    "1.4": [
        0.6202821197102555
    ],
    "1.3": [
        0.7518837459634015
    ],
    "1.2": [
        0.7914072229140723
    ],
    "1.1": [
        0.7601941747572816
    ],
    "0.9": [
        0.841168996188056
    ],
    "0.8": [
        0.9171270718232044
    ],
    "0.7": [
        0.967391304347826
    ],
    "0.6": [
        0.979381443298969
    ],
    "0.5": [
        1.0
    ],
    "0.4": [
        0.8909090909090909
    ],
    "0.3": [
        1.0
    ],
    "0.2": [
        1.0
    ],
    "0.1": [
        null
    ]
}