{
    "inf": [
        0.8974444630031736
    ],
    "2": [
        0.8974444630031736
    ],
    "1.6": [
        0.9130060292850991
    ],
    "1.5": [
        0.9221673138016238
    ],
    "1.4": [
        0.9301650643932523
    ],
    "1.3": [
        0.9386537385791535
    ],
    "1.2": [
        0.9453530883201847
    ],
    "1.1": [
        0.9513902780556112
    ],
    "0.9": [
        0.9624043715846995
    ],
    "0.8": [
        0.9661488523069789
    ],
    "0.7": [
        0.9725179499876206
    ],
    "0.6": [
        0.9777596962299973
    ],
    "0.5": [
        0.9803102625298329
    ],
    "0.4": [
        0.984516997643891
    ],
    "0.3": [
        0.98586017282011
    ],
    "0.2": [
        0.9879093198992444
    ],
    "0.1": [
        0.992918961447679
    ]
}