{
    "inf": [
        0.8967763487556372
    ],
    "2": [
        0.8967763487556372
    ],
    "1.6": [
        0.9112875388332758
    ],
    "1.5": [
        0.9200496365892572
    ],
    "1.4": [
        0.929394549112859
    ],
    "1.3": [
        0.9370391378332388
    ],
    "1.2": [
        0.9480134413915794
    ],
    "1.1": [
        0.9533485382541986
    ],
    "0.9": [
        0.9632539865957939
    ],
    "0.8": [
        0.9684418145956607
    ],
    "0.7": [
        0.9730018711574445
    ],
    "0.6": [
        0.9788297559541311
    ],
    "0.5": [
        0.9814814814814815
    ],
    "0.4": [
        0.9845738526802931
    ],
    "0.3": [
        0.9881908360888049
    ],
    "0.2": [
        0.9881026925485284
    ],
    "0.1": [
        0.9926238145416227
    ]
}