{
    "inf": [
        0.8952730916986805
    ],
    "2": [
        0.8952730916986805
    ],
    "1.6": [
        0.9151142355008788
    ],
    "1.5": [
        0.9252506836827712
    ],
    "1.4": [
        0.9360973754279194
    ],
    "1.3": [
        0.9445994420087684
    ],
    "1.2": [
        0.9516877637130802
    ],
    "1.1": [
        0.955842997323818
    ],
    "0.9": [
        0.9663779928680591
    ],
    "0.8": [
        0.9711671749376213
    ],
    "0.7": [
        0.9751398384089497
    ],
    "0.6": [
        0.9800420168067226
    ],
    "0.5": [
        0.9825061025223759
    ],
    "0.4": [
        0.9857001972386588
    ],
    "0.3": [
        0.988686360779384
    ],
    "0.2": [
        0.9891304347826086
    ],
    "0.1": [
        0.9893048128342246
    ]
}