{
    "inf": [
        0.8976114915650576
    ],
    "2": [
        0.8976114915650576
    ],
    "1.6": [
        0.9137363589121774
    ],
    "1.5": [
        0.9222143111427554
    ],
    "1.4": [
        0.9312305153126719
    ],
    "1.3": [
        0.9389990557129367
    ],
    "1.2": [
        0.9463796477495108
    ],
    "1.1": [
        0.952693016588163
    ],
    "0.9": [
        0.962212610972001
    ],
    "0.8": [
        0.9668109668109668
    ],
    "0.7": [
        0.9724173822534479
    ],
    "0.6": [
        0.9783923941227312
    ],
    "0.5": [
        0.9819179851469164
    ],
    "0.4": [
        0.9858683525474154
    ],
    "0.3": [
        0.9866131191432396
    ],
    "0.2": [
        0.9894613583138173
    ],
    "0.1": [
        0.9952153110047847
    ]
}