{
    "inf": [
        0.8927676632704192
    ],
    "2": [
        0.8927676632704192
    ],
    "1.6": [
        0.9582140812821981
    ],
    "1.5": [
        0.9642470205850487
    ],
    "1.4": [
        0.9695835283107159
    ],
    "1.3": [
        0.9750479846449136
    ],
    "1.2": [
        0.985985985985986
    ],
    "1.1": [
        0.9914383561643836
    ],
    "0.9": [
        1.0
    ],
    "0.8": [
        1.0
    ],
    "0.7": [
        1.0
    ],
    "0.6": [
        1.0
    ],
    "0.5": [
        null
    ],
    "0.4": [
        null
    ],
    "0.3": [
        null
    ],
    "0.2": [
        null
    ],
    "0.1": [
        null
    ]
}