{
    "inf": [
        0.8914314347753466
    ],
    "2": [
        0.8914314347753466
    ],
    "1.6": [
        0.9573863636363636
    ],
    "1.5": [
        0.9653465346534653
    ],
    "1.4": [
        0.9714811407543699
    ],
    "1.3": [
        0.9803680981595092
    ],
    "1.2": [
        0.9863636363636363
    ],
    "1.1": [
        0.9941348973607038
    ],
    "0.9": [
        1.0
    ],
    "0.8": [
        1.0
    ],
    "0.7": [
        1.0
    ],
    "0.6": [
        1.0
    ],
    "0.5": [
        null
    ],
    "0.4": [
        null
    ],
    "0.3": [
        null
    ],
    "0.2": [
        null
    ],
    "0.1": [
        null
    ]
}