{
    "inf": [
        0.8964422916318691
    ],
    "2": [
        0.8964422916318691
    ],
    "1.6": [
        0.9125238177723887
    ],
    "1.5": [
        0.9228032728566347
    ],
    "1.4": [
        0.9316474253252703
    ],
    "1.3": [
        0.9401401780640273
    ],
    "1.2": [
        0.9480110279637652
    ],
    "1.1": [
        0.9539378984166152
    ],
    "0.9": [
        0.9633006610439936
    ],
    "0.8": [
        0.966457528957529
    ],
    "0.7": [
        0.9719698935894109
    ],
    "0.6": [
        0.9773306885803343
    ],
    "0.5": [
        0.9822485207100592
    ],
    "0.4": [
        0.9851694915254238
    ],
    "0.3": [
        0.9857022708158116
    ],
    "0.2": [
        0.9891363389462249
    ],
    "0.1": [
        0.9927206551410374
    ]
}