{
    "inf": [
        0.892266577584767
    ],
    "2": [
        0.892266577584767
    ],
    "1.6": [
        0.9554156171284635
    ],
    "1.5": [
        0.9622013909888116
    ],
    "1.4": [
        0.9693801344286781
    ],
    "1.3": [
        0.9772837119381343
    ],
    "1.2": [
        0.9819759679572764
    ],
    "1.1": [
        0.9886010362694301
    ],
    "0.9": [
        0.9971830985915493
    ],
    "0.8": [
        1.0
    ],
    "0.7": [
        1.0
    ],
    "0.6": [
        1.0
    ],
    "0.5": [
        null
    ],
    "0.4": [
        null
    ],
    "0.3": [
        null
    ],
    "0.2": [
        null
    ],
    "0.1": [
        null
    ]
}