{
    "inf": [
        0.8936028060798397
    ],
    "2": [
        0.8936028060798397
    ],
    "1.6": [
        0.9154062609919099
    ],
    "1.5": [
        0.9275309541150765
    ],
    "1.4": [
        0.9346516007532957
    ],
    "1.3": [
        0.944564152791381
    ],
    "1.2": [
        0.9510847318870241
    ],
    "1.1": [
        0.9572631124541334
    ],
    "0.9": [
        0.9657666345226615
    ],
    "0.8": [
        0.9714138552665464
    ],
    "0.7": [
        0.9766197183098592
    ],
    "0.6": [
        0.9813490829965806
    ],
    "0.5": [
        0.9851904090267983
    ],
    "0.4": [
        0.9862728785357737
    ],
    "0.3": [
        0.9878110716099543
    ],
    "0.2": [
        0.9923928077455049
    ],
    "0.1": [
        0.9939246658566221
    ]
}