{
    "inf": [
        0.8949390345749123
    ],
    "2": [
        0.8949390345749123
    ],
    "1.6": [
        0.9077134986225895
    ],
    "1.5": [
        0.914732770745429
    ],
    "1.4": [
        0.9240643644910504
    ],
    "1.3": [
        0.9327997021593447
    ],
    "1.2": [
        0.9415521579252951
    ],
    "1.1": [
        0.9494563028594443
    ],
    "0.9": [
        0.9601328903654485
    ],
    "0.8": [
        0.9652989449003517
    ],
    "0.7": [
        0.9717955175018886
    ],
    "0.6": [
        0.975883803781858
    ],
    "0.5": [
        0.9805352798053528
    ],
    "0.4": [
        0.984916009598903
    ],
    "0.3": [
        0.9857896873731222
    ],
    "0.2": [
        0.9871134020618557
    ],
    "0.1": [
        0.9933774834437086
    ]
}