{
    "inf": [
        0.8972774344412895
    ],
    "2": [
        0.8972774344412895
    ],
    "1.6": [
        0.9198802606092622
    ],
    "1.5": [
        0.9305833181900781
    ],
    "1.4": [
        0.9386792452830188
    ],
    "1.3": [
        0.9461358313817331
    ],
    "1.2": [
        0.952808988764045
    ],
    "1.1": [
        0.9586919104991394
    ],
    "0.9": [
        0.9679980750721848
    ],
    "0.8": [
        0.973097617217525
    ],
    "0.7": [
        0.9786995515695067
    ],
    "0.6": [
        0.9823420074349443
    ],
    "0.5": [
        0.9850642584230636
    ],
    "0.4": [
        0.9863289103337354
    ],
    "0.3": [
        0.9881188118811881
    ],
    "0.2": [
        0.991930060524546
    ],
    "0.1": [
        0.9927184466019418
    ]
}