{
    "inf": [
        0.8961082345081008
    ],
    "2": [
        0.8961082345081008
    ],
    "1.6": [
        0.9155798378568911
    ],
    "1.5": [
        0.925764192139738
    ],
    "1.4": [
        0.9363153904473086
    ],
    "1.3": [
        0.9466454310173203
    ],
    "1.2": [
        0.9509906152241918
    ],
    "1.1": [
        0.9584254754533392
    ],
    "0.9": [
        0.9661270236612702
    ],
    "0.8": [
        0.9718196457326892
    ],
    "0.7": [
        0.9764108689160944
    ],
    "0.6": [
        0.979305740987984
    ],
    "0.5": [
        0.9831932773109243
    ],
    "0.4": [
        0.9846084200995926
    ],
    "0.3": [
        0.9870786516853932
    ],
    "0.2": [
        0.98989898989899
    ],
    "0.1": [
        0.9929873772791024
    ]
}