{
    "inf": [
        0.8919325204609988
    ],
    "2": [
        0.8919325204609988
    ],
    "1.6": [
        0.9550875412331895
    ],
    "1.5": [
        0.9615502922177791
    ],
    "1.4": [
        0.9677786201667931
    ],
    "1.3": [
        0.9753086419753086
    ],
    "1.2": [
        0.9841706813489333
    ],
    "1.1": [
        0.9910514541387024
    ],
    "0.9": [
        1.0
    ],
    "0.8": [
        1.0
    ],
    "0.7": [
        1.0
    ],
    "0.6": [
        1.0
    ],
    "0.5": [
        null
    ],
    "0.4": [
        null
    ],
    "0.3": [
        null
    ],
    "0.2": [
        null
    ],
    "0.1": [
        null
    ]
}