{
    "inf": [
        0.8957741773843327
    ],
    "2": [
        0.8957741773843327
    ],
    "1.6": [
        0.9111456176673568
    ],
    "1.5": [
        0.9209500177242113
    ],
    "1.4": [
        0.9287795992714025
    ],
    "1.3": [
        0.9364454443194601
    ],
    "1.2": [
        0.9459354336833917
    ],
    "1.1": [
        0.9515605999189298
    ],
    "0.9": [
        0.96138302649304
    ],
    "0.8": [
        0.9675029868578255
    ],
    "0.7": [
        0.9728344438749359
    ],
    "0.6": [
        0.977771525042206
    ],
    "0.5": [
        0.9809255784865542
    ],
    "0.4": [
        0.9846098783106657
    ],
    "0.3": [
        0.9865974924340684
    ],
    "0.2": [
        0.988182329769274
    ],
    "0.1": [
        0.9935543278084714
    ]
}