{
    "inf": [
        0.9204944045431769
    ],
    "2": [
        0.92123745819398
    ],
    "1.6": [
        0.9443325398278704
    ],
    "1.5": [
        0.9498296099962136
    ],
    "1.4": [
        0.9537436299490396
    ],
    "1.3": [
        0.9599587203302373
    ],
    "1.2": [
        0.9636363636363636
    ],
    "1.1": [
        0.9676758479399044
    ],
    "0.9": [
        0.9779317423659225
    ],
    "0.8": [
        0.9812465526751241
    ],
    "0.7": [
        0.9839189994044074
    ],
    "0.6": [
        0.9850455136540962
    ],
    "0.5": [
        0.9852038975099242
    ],
    "0.4": [
        0.9861111111111112
    ],
    "0.3": [
        0.9856648541769649
    ],
    "0.2": [
        0.9853820598006644
    ],
    "0.1": [
        0.9849884526558892
    ]
}