{
    "inf": [
        0.8915984633372307
    ],
    "2": [
        0.8915984633372307
    ],
    "1.6": [
        0.9558390578999019
    ],
    "1.5": [
        0.9631159634110357
    ],
    "1.4": [
        0.9688302163549688
    ],
    "1.3": [
        0.9758803666184274
    ],
    "1.2": [
        0.9842788790157211
    ],
    "1.1": [
        0.9908256880733946
    ],
    "0.9": [
        1.0
    ],
    "0.8": [
        1.0
    ],
    "0.7": [
        1.0
    ],
    "0.6": [
        1.0
    ],
    "0.5": [
        null
    ],
    "0.4": [
        null
    ],
    "0.3": [
        null
    ],
    "0.2": [
        null
    ],
    "0.1": [
        null
    ]
}