{
    "inf": [
        0.8915984633372307
    ],
    "2": [
        0.8915984633372307
    ],
    "1.6": [
        0.9538576035723145
    ],
    "1.5": [
        0.9607549430796885
    ],
    "1.4": [
        0.9649575802286979
    ],
    "1.3": [
        0.9722222222222222
    ],
    "1.2": [
        0.9827476038338658
    ],
    "1.1": [
        0.985279685966634
    ],
    "0.9": [
        1.0
    ],
    "0.8": [
        1.0
    ],
    "0.7": [
        1.0
    ],
    "0.6": [
        1.0
    ],
    "0.5": [
        1.0
    ],
    "0.4": [
        null
    ],
    "0.3": [
        null
    ],
    "0.2": [
        null
    ],
    "0.1": [
        null
    ]
}