{
    "inf": [
        0.8956071488224486
    ],
    "2": [
        0.8956071488224486
    ],
    "1.6": [
        0.9198282032927703
    ],
    "1.5": [
        0.9300855336556341
    ],
    "1.4": [
        0.9396051103368177
    ],
    "1.3": [
        0.9475403143498673
    ],
    "1.2": [
        0.9539857420609202
    ],
    "1.1": [
        0.9587323301413588
    ],
    "0.9": [
        0.9666753449622494
    ],
    "0.8": [
        0.9727350184606646
    ],
    "0.7": [
        0.9780464524339803
    ],
    "0.6": [
        0.9821947674418605
    ],
    "0.5": [
        0.9844537815126051
    ],
    "0.4": [
        0.9868220983274202
    ],
    "0.3": [
        0.990427568602425
    ],
    "0.2": [
        0.991869918699187
    ],
    "0.1": [
        0.9928443649373881
    ]
}