{
    "inf": [
        0.8977785201269417
    ],
    "2": [
        0.8977785201269417
    ],
    "1.6": [
        0.9148490664805444
    ],
    "1.5": [
        0.9235209235209235
    ],
    "1.4": [
        0.9321148825065274
    ],
    "1.3": [
        0.9421103581800581
    ],
    "1.2": [
        0.9520422678317415
    ],
    "1.1": [
        0.9559923093356121
    ],
    "0.9": [
        0.9642514395393474
    ],
    "0.8": [
        0.9697823303457106
    ],
    "0.7": [
        0.9752808988764045
    ],
    "0.6": [
        0.979426433915212
    ],
    "0.5": [
        0.9830028328611898
    ],
    "0.4": [
        0.9862728785357737
    ],
    "0.3": [
        0.9881504379185987
    ],
    "0.2": [
        0.9902642559109874
    ],
    "0.1": [
        0.9916167664670659
    ]
}