{
    "inf": [
        0.9143143477534659
    ],
    "2": [
        0.9161085063630274
    ],
    "1.6": [
        0.9399852724594993
    ],
    "1.5": [
        0.9462283868516056
    ],
    "1.4": [
        0.9532338308457712
    ],
    "1.3": [
        0.9587607284906845
    ],
    "1.2": [
        0.9645048203330412
    ],
    "1.1": [
        0.9728360957642725
    ],
    "0.9": [
        0.9786522633744856
    ],
    "0.8": [
        0.9815630159603742
    ],
    "0.7": [
        0.9837085308056872
    ],
    "0.6": [
        0.9843953185955787
    ],
    "0.5": [
        0.9853099247581512
    ],
    "0.4": [
        0.9858127280097284
    ],
    "0.3": [
        0.9854156538648517
    ],
    "0.2": [
        0.9843953185955787
    ],
    "0.1": [
        0.9838150289017341
    ]
}