{
    "inf": [
        0.8936028060798397
    ],
    "2": [
        0.8936028060798397
    ],
    "1.6": [
        0.9624178712220762
    ],
    "1.5": [
        0.966898378020523
    ],
    "1.4": [
        0.9731800766283525
    ],
    "1.3": [
        0.981903093987157
    ],
    "1.2": [
        0.9868536371603857
    ],
    "1.1": [
        0.9986149584487535
    ],
    "0.9": [
        1.0
    ],
    "0.8": [
        1.0
    ],
    "0.7": [
        1.0
    ],
    "0.6": [
        1.0
    ],
    "0.5": [
        null
    ],
    "0.4": [
        null
    ],
    "0.3": [
        null
    ],
    "0.2": [
        null
    ],
    "0.1": [
        null
    ]
}