{
    "inf": [
        0.8994488057457826
    ],
    "2": [
        0.8994488057457826
    ],
    "1.6": [
        0.9115166121535548
    ],
    "1.5": [
        0.9200635256749603
    ],
    "1.4": [
        0.9298658934396521
    ],
    "1.3": [
        0.9390768080732573
    ],
    "1.2": [
        0.94712376525276
    ],
    "1.1": [
        0.9513622603430878
    ],
    "0.9": [
        0.962045099352534
    ],
    "0.8": [
        0.9661137440758294
    ],
    "0.7": [
        0.9713408393039918
    ],
    "0.6": [
        0.977158774373259
    ],
    "0.5": [
        0.9810911345319281
    ],
    "0.4": [
        0.9845179451090781
    ],
    "0.3": [
        0.9852817493692179
    ],
    "0.2": [
        0.986870897155361
    ],
    "0.1": [
        0.9902912621359223
    ]
}