{
    "inf": [
        0.896275263069985
    ],
    "2": [
        0.896275263069985
    ],
    "1.6": [
        0.9121070001737016
    ],
    "1.5": [
        0.9229938826916156
    ],
    "1.4": [
        0.9332960685671697
    ],
    "1.3": [
        0.942132765628024
    ],
    "1.2": [
        0.9502437043054427
    ],
    "1.1": [
        0.9557597777302842
    ],
    "0.9": [
        0.9646039007946063
    ],
    "0.8": [
        0.9707405489383739
    ],
    "0.7": [
        0.9761227970437749
    ],
    "0.6": [
        0.98
    ],
    "0.5": [
        0.9835007173601148
    ],
    "0.4": [
        0.9849183074989527
    ],
    "0.3": [
        0.9856996935648621
    ],
    "0.2": [
        0.9883401920438958
    ],
    "0.1": [
        0.9938271604938271
    ]
}