{
    "inf": [
        0.8954401202605645
    ],
    "2": [
        0.8954401202605645
    ],
    "1.6": [
        0.9147935180345008
    ],
    "1.5": [
        0.9253275893017412
    ],
    "1.4": [
        0.9343200740055504
    ],
    "1.3": [
        0.9415260736196319
    ],
    "1.2": [
        0.947808764940239
    ],
    "1.1": [
        0.9520733486142946
    ],
    "0.9": [
        0.9629543875897199
    ],
    "0.8": [
        0.9670275590551181
    ],
    "0.7": [
        0.9726063829787234
    ],
    "0.6": [
        0.9791483113069016
    ],
    "0.5": [
        0.9829787234042553
    ],
    "0.4": [
        0.9848542218856494
    ],
    "0.3": [
        0.9876712328767123
    ],
    "0.2": [
        0.9904076738609112
    ],
    "0.1": [
        0.994269340974212
    ]
}