{
    "inf": [
        0.916819776181727
    ],
    "2": [
        0.9173083361232005
    ],
    "1.6": [
        0.9418476260581524
    ],
    "1.5": [
        0.9466743119266054
    ],
    "1.4": [
        0.9548374146928944
    ],
    "1.3": [
        0.9585175826489787
    ],
    "1.2": [
        0.9637649138311976
    ],
    "1.1": [
        0.9700139470013946
    ],
    "0.9": [
        0.9780736100234926
    ],
    "0.8": [
        0.9793006993006993
    ],
    "0.7": [
        0.9827481840193705
    ],
    "0.6": [
        0.9840954274353877
    ],
    "0.5": [
        0.9845871559633027
    ],
    "0.4": [
        0.9836888331242158
    ],
    "0.3": [
        0.9831599801882119
    ],
    "0.2": [
        0.9831824062095731
    ],
    "0.1": [
        0.9809630459126539
    ]
}