{
    "inf": [
        0.8476699515617171
    ],
    "2": [
        0.8039084683480875
    ],
    "1.6": [
        0.8678784590341834
    ],
    "1.5": [
        0.8749282845668388
    ],
    "1.4": [
        0.9489443378119002
    ],
    "1.3": [
        0.9313380281690141
    ],
    "1.2": [
        0.9442786069651742
    ],
    "1.1": [
        0.9334098737083811
    ],
    "0.9": [
        0.9618320610687023
    ],
    "0.8": [
        0.9858490566037735
    ],
    "0.7": [
        0.9864864864864865
    ],
    "0.6": [
        1.0
    ],
    "0.5": [
        0.9833333333333333
    ],
    "0.4": [
        0.9791666666666666
    ],
    "0.3": [
        0.9736842105263158
    ],
    "0.2": [
        1.0
    ],
    "0.1": [
        1.0
    ]
}