{
    "inf": [
        0.8912644062134625
    ],
    "2": [
        0.8912644062134625
    ],
    "1.6": [
        0.9557091653865848
    ],
    "1.5": [
        0.9616834170854272
    ],
    "1.4": [
        0.9680127948820472
    ],
    "1.3": [
        0.9810606060606061
    ],
    "1.2": [
        0.9878326996197718
    ],
    "1.1": [
        0.9927360774818402
    ],
    "0.9": [
        1.0
    ],
    "0.8": [
        1.0
    ],
    "0.7": [
        1.0
    ],
    "0.6": [
        1.0
    ],
    "0.5": [
        1.0
    ],
    "0.4": [
        null
    ],
    "0.3": [
        null
    ],
    "0.2": [
        null
    ],
    "0.1": [
        null
    ]
}