{
    "inf": [
        0.8974444630031736
    ],
    "2": [
        0.8974444630031736
    ],
    "1.6": [
        0.9170313320497112
    ],
    "1.5": [
        0.9267280274318715
    ],
    "1.4": [
        0.9338412934398811
    ],
    "1.3": [
        0.9432760949257187
    ],
    "1.2": [
        0.9502527805864509
    ],
    "1.1": [
        0.9547281573936958
    ],
    "0.9": [
        0.9635243960208432
    ],
    "0.8": [
        0.9685613682092555
    ],
    "0.7": [
        0.9728841413311422
    ],
    "0.6": [
        0.9772250524423135
    ],
    "0.5": [
        0.9821848739495799
    ],
    "0.4": [
        0.9855355746677091
    ],
    "0.3": [
        0.9863977485928705
    ],
    "0.2": [
        0.989240506329114
    ],
    "0.1": [
        0.9937694704049844
    ]
}