{
    "inf": [
        0.9183230332386838
    ],
    "2": [
        0.919163179916318
    ],
    "1.6": [
        0.9428360685967176
    ],
    "1.5": [
        0.9500096135358584
    ],
    "1.4": [
        0.9580826313678299
    ],
    "1.3": [
        0.9631578947368421
    ],
    "1.2": [
        0.9678349600709849
    ],
    "1.1": [
        0.9733208518605195
    ],
    "0.9": [
        0.9815400843881856
    ],
    "0.8": [
        0.9827342202094537
    ],
    "0.7": [
        0.9840490797546012
    ],
    "0.6": [
        0.9859437751004017
    ],
    "0.5": [
        0.9856765925367509
    ],
    "0.4": [
        0.9867521367521368
    ],
    "0.3": [
        0.9866461222393426
    ],
    "0.2": [
        0.9848589125946318
    ],
    "0.1": [
        0.9821002386634845
    ]
}