{
    "inf": [
        0.8949390345749123
    ],
    "2": [
        0.8949390345749123
    ],
    "1.6": [
        0.905932932072227
    ],
    "1.5": [
        0.9143058243885271
    ],
    "1.4": [
        0.9232861806311208
    ],
    "1.3": [
        0.9322828737572688
    ],
    "1.2": [
        0.9424839149931761
    ],
    "1.1": [
        0.951579811243332
    ],
    "0.9": [
        0.962259835315645
    ],
    "0.8": [
        0.9674836204804659
    ],
    "0.7": [
        0.9744198312236287
    ],
    "0.6": [
        0.977913397268236
    ],
    "0.5": [
        0.9830949284785435
    ],
    "0.4": [
        0.9849962490622656
    ],
    "0.3": [
        0.9872321021431828
    ],
    "0.2": [
        0.9892601431980907
    ],
    "0.1": [
        0.992798353909465
    ]
}