{
    "inf": [
        0.8920995490228829
    ],
    "2": [
        0.8920995490228829
    ],
    "1.6": [
        0.9566246056782335
    ],
    "1.5": [
        0.962012987012987
    ],
    "1.4": [
        0.9681762545899633
    ],
    "1.3": [
        0.9773584905660377
    ],
    "1.2": [
        0.9841029523088569
    ],
    "1.1": [
        0.9896313364055299
    ],
    "0.9": [
        1.0
    ],
    "0.8": [
        1.0
    ],
    "0.7": [
        1.0
    ],
    "0.6": [
        1.0
    ],
    "0.5": [
        null
    ],
    "0.4": [
        null
    ],
    "0.3": [
        null
    ],
    "0.2": [
        null
    ],
    "0.1": [
        null
    ]
}