{
    "inf": [
        0.8952730916986805
    ],
    "2": [
        0.8952730916986805
    ],
    "1.6": [
        0.9097822329761494
    ],
    "1.5": [
        0.9175658942154609
    ],
    "1.4": [
        0.9275150629906883
    ],
    "1.3": [
        0.935392729327557
    ],
    "1.2": [
        0.946236559139785
    ],
    "1.1": [
        0.9516393442622951
    ],
    "0.9": [
        0.961996336996337
    ],
    "0.8": [
        0.9671931956257594
    ],
    "0.7": [
        0.9738648363252376
    ],
    "0.6": [
        0.9793664632374309
    ],
    "0.5": [
        0.9837820304897826
    ],
    "0.4": [
        0.985708913125235
    ],
    "0.3": [
        0.9886363636363636
    ],
    "0.2": [
        0.9891172914147521
    ],
    "0.1": [
        0.9940298507462687
    ]
}