{
    "inf": [
        0.8900952062802739
    ],
    "2": [
        0.8900952062802739
    ],
    "1.6": [
        0.9543122404104569
    ],
    "1.5": [
        0.9619738751814223
    ],
    "1.4": [
        0.9678331565924355
    ],
    "1.3": [
        0.9764065335753176
    ],
    "1.2": [
        0.9853747714808044
    ],
    "1.1": [
        0.9870609981515711
    ],
    "0.9": [
        1.0
    ],
    "0.8": [
        1.0
    ],
    "0.7": [
        1.0
    ],
    "0.6": [
        1.0
    ],
    "0.5": [
        1.0
    ],
    "0.4": [
        null
    ],
    "0.3": [
        null
    ],
    "0.2": [
        null
    ],
    "0.1": [
        null
    ]
}