{
    "inf": [
        0.8924336061466511
    ],
    "2": [
        0.8924336061466511
    ],
    "1.6": [
        0.9586148648648649
    ],
    "1.5": [
        0.9650716032134125
    ],
    "1.4": [
        0.9707470747074708
    ],
    "1.3": [
        0.9790167865707434
    ],
    "1.2": [
        0.9858532272325375
    ],
    "1.1": [
        0.9958620689655172
    ],
    "0.9": [
        1.0
    ],
    "0.8": [
        1.0
    ],
    "0.7": [
        1.0
    ],
    "0.6": [
        1.0
    ],
    "0.5": [
        null
    ],
    "0.4": [
        null
    ],
    "0.3": [
        null
    ],
    "0.2": [
        null
    ],
    "0.1": [
        null
    ]
}