{
    "inf": [
        0.8972774344412895
    ],
    "2": [
        0.8972774344412895
    ],
    "1.6": [
        0.9120179063360881
    ],
    "1.5": [
        0.9214613483939287
    ],
    "1.4": [
        0.9294650951949229
    ],
    "1.3": [
        0.9358448340171578
    ],
    "1.2": [
        0.9447663190421012
    ],
    "1.1": [
        0.951853344077357
    ],
    "0.9": [
        0.9626334519572953
    ],
    "0.8": [
        0.9663053722902922
    ],
    "0.7": [
        0.9717741935483871
    ],
    "0.6": [
        0.9773855488141202
    ],
    "0.5": [
        0.980422147445702
    ],
    "0.4": [
        0.9850953206239168
    ],
    "0.3": [
        0.986469864698647
    ],
    "0.2": [
        0.988045738045738
    ],
    "0.1": [
        0.9942291838417148
    ]
}