{
    "inf": [
        0.8909303490896944
    ],
    "2": [
        0.8909303490896944
    ],
    "1.6": [
        0.9566951566951567
    ],
    "1.5": [
        0.9633060206626292
    ],
    "1.4": [
        0.9671600370027752
    ],
    "1.3": [
        0.9736334405144694
    ],
    "1.2": [
        0.9817813765182186
    ],
    "1.1": [
        0.988155668358714
    ],
    "0.9": [
        1.0
    ],
    "0.8": [
        1.0
    ],
    "0.7": [
        1.0
    ],
    "0.6": [
        1.0
    ],
    "0.5": [
        null
    ],
    "0.4": [
        null
    ],
    "0.3": [
        null
    ],
    "0.2": [
        null
    ],
    "0.1": [
        null
    ]
}