{
    "inf": [
        0.8977785201269417
    ],
    "2": [
        0.8977785201269417
    ],
    "1.6": [
        0.9165648455227788
    ],
    "1.5": [
        0.9272367948257276
    ],
    "1.4": [
        0.935173180218559
    ],
    "1.3": [
        0.9434180138568129
    ],
    "1.2": [
        0.949779911964786
    ],
    "1.1": [
        0.9552896725440806
    ],
    "0.9": [
        0.9635173058933583
    ],
    "0.8": [
        0.9679980153807988
    ],
    "0.7": [
        0.9745739789018123
    ],
    "0.6": [
        0.9786096256684492
    ],
    "0.5": [
        0.9827070169604257
    ],
    "0.4": [
        0.9860519178612941
    ],
    "0.3": [
        0.9873654656059897
    ],
    "0.2": [
        0.9887147335423198
    ],
    "0.1": [
        0.9937434827945777
    ]
}