{
    "inf": [
        0.8920995490228829
    ],
    "2": [
        0.8920995490228829
    ],
    "1.6": [
        0.9576943416181914
    ],
    "1.5": [
        0.9653121902874133
    ],
    "1.4": [
        0.9716701902748415
    ],
    "1.3": [
        0.9781483611270846
    ],
    "1.2": [
        0.987794245858762
    ],
    "1.1": [
        0.9926362297496318
    ],
    "0.9": [
        1.0
    ],
    "0.8": [
        1.0
    ],
    "0.7": [
        1.0
    ],
    "0.6": [
        1.0
    ],
    "0.5": [
        null
    ],
    "0.4": [
        null
    ],
    "0.3": [
        null
    ],
    "0.2": [
        null
    ],
    "0.1": [
        null
    ]
}