{
    "inf": [
        0.9163186904960748
    ],
    "2": [
        0.9189733266230499
    ],
    "1.6": [
        0.9465721945614707
    ],
    "1.5": [
        0.9530591775325978
    ],
    "1.4": [
        0.9591054313099041
    ],
    "1.3": [
        0.9655328798185941
    ],
    "1.2": [
        0.9697624190064795
    ],
    "1.1": [
        0.9760986892829607
    ],
    "0.9": [
        0.9843042559613643
    ],
    "0.8": [
        0.9861751152073732
    ],
    "0.7": [
        0.9861968761351253
    ],
    "0.6": [
        0.9857665717771452
    ],
    "0.5": [
        0.9864232209737828
    ],
    "0.4": [
        0.9863238512035011
    ],
    "0.3": [
        0.9897750511247444
    ],
    "0.2": [
        0.9882468168462292
    ],
    "0.1": [
        0.9759825327510917
    ]
}