{
    "inf": [
        0.8949390345749123
    ],
    "2": [
        0.8949390345749123
    ],
    "1.6": [
        0.912369337979094
    ],
    "1.5": [
        0.9229390681003584
    ],
    "1.4": [
        0.9315954889998151
    ],
    "1.3": [
        0.9404442742244351
    ],
    "1.2": [
        0.947746310331073
    ],
    "1.1": [
        0.9525997076633953
    ],
    "0.9": [
        0.9627300256231074
    ],
    "0.8": [
        0.9668398911160604
    ],
    "0.7": [
        0.9723860589812332
    ],
    "0.6": [
        0.9770182675309369
    ],
    "0.5": [
        0.9817275747508306
    ],
    "0.4": [
        0.9845679012345679
    ],
    "0.3": [
        0.9860205032618826
    ],
    "0.2": [
        0.9875853507138423
    ],
    "0.1": [
        0.9924078091106291
    ]
}