{
    "inf": [
        0.8961082345081008
    ],
    "2": [
        0.8961082345081008
    ],
    "1.6": [
        0.9136490250696379
    ],
    "1.5": [
        0.9248160775165979
    ],
    "1.4": [
        0.9320907916589777
    ],
    "1.3": [
        0.9408396946564885
    ],
    "1.2": [
        0.9499900378561467
    ],
    "1.1": [
        0.9548010831076859
    ],
    "0.9": [
        0.964517625231911
    ],
    "0.8": [
        0.9693025540275049
    ],
    "0.7": [
        0.9745290527991509
    ],
    "0.6": [
        0.979538146740719
    ],
    "0.5": [
        0.9821602335387609
    ],
    "0.4": [
        0.9857624578493818
    ],
    "0.3": [
        0.9874213836477987
    ],
    "0.2": [
        0.9904761904761905
    ],
    "0.1": [
        0.9943074003795066
    ]
}