{
    "inf": [
        0.894270920327376
    ],
    "2": [
        0.894270920327376
    ],
    "1.6": [
        0.9151801329136061
    ],
    "1.5": [
        0.9245724572457246
    ],
    "1.4": [
        0.9327496274217586
    ],
    "1.3": [
        0.9416875844757675
    ],
    "1.2": [
        0.9492519207440356
    ],
    "1.1": [
        0.9558480152833794
    ],
    "0.9": [
        0.9644549763033176
    ],
    "0.8": [
        0.9683784467493043
    ],
    "0.7": [
        0.974801424267324
    ],
    "0.6": [
        0.9793375873594652
    ],
    "0.5": [
        0.9836512261580381
    ],
    "0.4": [
        0.9857707509881423
    ],
    "0.3": [
        0.9873540856031129
    ],
    "0.2": [
        0.9902407286922577
    ],
    "0.1": [
        0.9942196531791907
    ]
}