{
    "inf": [
        0.9176549189911475
    ],
    "2": [
        0.9171548117154812
    ],
    "1.6": [
        0.9433746425166826
    ],
    "1.5": [
        0.9515224358974359
    ],
    "1.4": [
        0.9577077606259251
    ],
    "1.3": [
        0.9614954107902395
    ],
    "1.2": [
        0.9681710213776722
    ],
    "1.1": [
        0.9752298263534218
    ],
    "0.9": [
        0.9819205690574985
    ],
    "0.8": [
        0.9844810863239574
    ],
    "0.7": [
        0.9850958126330731
    ],
    "0.6": [
        0.9846456692913386
    ],
    "0.5": [
        0.9851752021563343
    ],
    "0.4": [
        0.9852863899106674
    ],
    "0.3": [
        0.9864341085271318
    ],
    "0.2": [
        0.9875776397515528
    ],
    "0.1": [
        0.9796672828096118
    ]
}