{
    "inf": [
        0.9159846333723066
    ],
    "2": [
        0.9174342656171496
    ],
    "1.6": [
        0.9436567164179105
    ],
    "1.5": [
        0.9495814677827525
    ],
    "1.4": [
        0.9564771094231164
    ],
    "1.3": [
        0.9637931034482758
    ],
    "1.2": [
        0.9661671207992734
    ],
    "1.1": [
        0.9693486590038314
    ],
    "0.9": [
        0.9768958956238109
    ],
    "0.8": [
        0.9791544333529066
    ],
    "0.7": [
        0.9821485495696526
    ],
    "0.6": [
        0.9828311142256482
    ],
    "0.5": [
        0.9837019790454016
    ],
    "0.4": [
        0.9840354767184035
    ],
    "0.3": [
        0.9812834224598931
    ],
    "0.2": [
        0.9822090437361009
    ],
    "0.1": [
        0.9805825242718447
    ]
}