{
    "inf": [
        0.9114748622014365
    ],
    "2": [
        0.9128179384203481
    ],
    "1.6": [
        0.9365615615615616
    ],
    "1.5": [
        0.9424022016905839
    ],
    "1.4": [
        0.9496894409937888
    ],
    "1.3": [
        0.9569116360454943
    ],
    "1.2": [
        0.9658060013956734
    ],
    "1.1": [
        0.9719463753723933
    ],
    "0.9": [
        0.9804934021801491
    ],
    "0.8": [
        0.983375156838143
    ],
    "0.7": [
        0.9850538755648245
    ],
    "0.6": [
        0.9849304482225657
    ],
    "0.5": [
        0.9846827133479212
    ],
    "0.4": [
        0.9846704138988247
    ],
    "0.3": [
        0.9851517107811492
    ],
    "0.2": [
        0.9865107913669064
    ],
    "0.1": [
        0.9792843691148776
    ]
}