{
    "inf": [
        0.8920995490228829
    ],
    "2": [
        0.8920995490228829
    ],
    "1.6": [
        0.9575962539021852
    ],
    "1.5": [
        0.9645275717510481
    ],
    "1.4": [
        0.9706242350061199
    ],
    "1.3": [
        0.9788846778559827
    ],
    "1.2": [
        0.9867807153965785
    ],
    "1.1": [
        0.9925925925925926
    ],
    "0.9": [
        1.0
    ],
    "0.8": [
        1.0
    ],
    "0.7": [
        1.0
    ],
    "0.6": [
        1.0
    ],
    "0.5": [
        1.0
    ],
    "0.4": [
        null
    ],
    "0.3": [
        null
    ],
    "0.2": [
        null
    ],
    "0.1": [
        null
    ]
}