{
    "inf": [
        0.8964422916318691
    ],
    "2": [
        0.8964422916318691
    ],
    "1.6": [
        0.9088550674507091
    ],
    "1.5": [
        0.9177619893428064
    ],
    "1.4": [
        0.9261904761904762
    ],
    "1.3": [
        0.9327507598784195
    ],
    "1.2": [
        0.9434635984923626
    ],
    "1.1": [
        0.9516129032258065
    ],
    "0.9": [
        0.9625730994152046
    ],
    "0.8": [
        0.9674291397314769
    ],
    "0.7": [
        0.9737483085250338
    ],
    "0.6": [
        0.9778110944527736
    ],
    "0.5": [
        0.98107468739439
    ],
    "0.4": [
        0.9850570192685805
    ],
    "0.3": [
        0.9867549668874173
    ],
    "0.2": [
        0.9873176918199112
    ],
    "0.1": [
        0.992798353909465
    ]
}