{
    "inf": [
        0.8920995490228829
    ],
    "2": [
        0.8920995490228829
    ],
    "1.6": [
        0.9576
    ],
    "1.5": [
        0.9637391882900865
    ],
    "1.4": [
        0.9700548291859975
    ],
    "1.3": [
        0.9774647887323944
    ],
    "1.2": [
        0.9825726141078838
    ],
    "1.1": [
        0.9901685393258427
    ],
    "0.9": [
        1.0
    ],
    "0.8": [
        1.0
    ],
    "0.7": [
        1.0
    ],
    "0.6": [
        1.0
    ],
    "0.5": [
        1.0
    ],
    "0.4": [
        null
    ],
    "0.3": [
        null
    ],
    "0.2": [
        null
    ],
    "0.1": [
        null
    ]
}