{
    "inf": [
        0.9159846333723066
    ],
    "2": [
        0.9162198391420912
    ],
    "1.6": [
        0.9464870067372474
    ],
    "1.5": [
        0.9528455284552846
    ],
    "1.4": [
        0.959552495697074
    ],
    "1.3": [
        0.9643019554342883
    ],
    "1.2": [
        0.970106075216972
    ],
    "1.1": [
        0.9751809720785936
    ],
    "0.9": [
        0.9840361445783132
    ],
    "0.8": [
        0.9857851239669422
    ],
    "0.7": [
        0.9866858582223822
    ],
    "0.6": [
        0.9856402074192262
    ],
    "0.5": [
        0.9859282796187018
    ],
    "0.4": [
        0.9872476089266737
    ],
    "0.3": [
        0.9877340219496449
    ],
    "0.2": [
        0.990063233965673
    ],
    "0.1": [
        0.9846743295019157
    ]
}