{
    "inf": [
        0.914648404877234
    ],
    "2": [
        0.9166806370494551
    ],
    "1.6": [
        0.9453445246925629
    ],
    "1.5": [
        0.9533828382838284
    ],
    "1.4": [
        0.9598331870061457
    ],
    "1.3": [
        0.9652761594034025
    ],
    "1.2": [
        0.9705515348140754
    ],
    "1.1": [
        0.9749596122778675
    ],
    "0.9": [
        0.9844155844155844
    ],
    "0.8": [
        0.9858557284299858
    ],
    "0.7": [
        0.9865229110512129
    ],
    "0.6": [
        0.9873583260680034
    ],
    "0.5": [
        0.988780487804878
    ],
    "0.4": [
        0.9892167990919409
    ],
    "0.3": [
        0.9902097902097902
    ],
    "0.2": [
        0.9886246122026887
    ],
    "0.1": [
        0.9832935560859188
    ]
}