{
    "inf": [
        0.896275263069985
    ],
    "2": [
        0.896275263069985
    ],
    "1.6": [
        0.9170637021351685
    ],
    "1.5": [
        0.9280878316559927
    ],
    "1.4": [
        0.9364656648278485
    ],
    "1.3": [
        0.9468637634838194
    ],
    "1.2": [
        0.9524010109519798
    ],
    "1.1": [
        0.9564347632807291
    ],
    "0.9": [
        0.9640161046804228
    ],
    "0.8": [
        0.9693766937669377
    ],
    "0.7": [
        0.9742051589682064
    ],
    "0.6": [
        0.9800675675675675
    ],
    "0.5": [
        0.9833976833976834
    ],
    "0.4": [
        0.9841491841491842
    ],
    "0.3": [
        0.9890489913544669
    ],
    "0.2": [
        0.9903069466882067
    ],
    "0.1": [
        0.9923430321592649
    ]
}