{
    "inf": [
        0.8926006347085351
    ],
    "2": [
        0.8926006347085351
    ],
    "1.6": [
        0.9606951871657754
    ],
    "1.5": [
        0.9650582362728786
    ],
    "1.4": [
        0.9722222222222222
    ],
    "1.3": [
        0.9772985244040863
    ],
    "1.2": [
        0.9879324215607401
    ],
    "1.1": [
        0.9937027707808564
    ],
    "0.9": [
        1.0
    ],
    "0.8": [
        1.0
    ],
    "0.7": [
        1.0
    ],
    "0.6": [
        1.0
    ],
    "0.5": [
        null
    ],
    "0.4": [
        null
    ],
    "0.3": [
        null
    ],
    "0.2": [
        null
    ],
    "0.1": [
        null
    ]
}