{
    "inf": [
        0.7988384816092922
    ],
    "2": [
        0.804520358868185
    ],
    "1.6": [
        0.8468259234682592
    ],
    "1.5": [
        0.8584007615421227
    ],
    "1.4": [
        0.8693977141389495
    ],
    "1.3": [
        0.8797670226043545
    ],
    "1.2": [
        0.8901925391095066
    ],
    "1.1": [
        0.8997186827734569
    ],
    "0.9": [
        0.9167699297810822
    ],
    "0.8": [
        0.9266509433962264
    ],
    "0.7": [
        0.9563994374120957
    ],
    "0.6": [
        0.9709515859766277
    ],
    "0.5": [
        0.9747899159663865
    ],
    "0.4": [
        0.9785915492957746
    ],
    "0.3": [
        0.9767628205128205
    ],
    "0.2": [
        0.980319803198032
    ],
    "0.1": [
        0.9805013927576601
    ]
}