{
    "inf": [
        0.7984176416126588
    ],
    "2": [
        0.8079590775099705
    ],
    "1.6": [
        0.8508676789587852
    ],
    "1.5": [
        0.8619450562188478
    ],
    "1.4": [
        0.8700432365657813
    ],
    "1.3": [
        0.8808414325655705
    ],
    "1.2": [
        0.8900750144258511
    ],
    "1.1": [
        0.8968216690151871
    ],
    "0.9": [
        0.9125336409073433
    ],
    "0.8": [
        0.9239791485664639
    ],
    "0.7": [
        0.949922158796056
    ],
    "0.6": [
        0.9659758738014228
    ],
    "0.5": [
        0.9742633345766505
    ],
    "0.4": [
        0.977501196744854
    ],
    "0.3": [
        0.9811320754716981
    ],
    "0.2": [
        0.983739837398374
    ],
    "0.1": [
        0.9820359281437125
    ]
}