{
    "inf": [
        0.7853716017170271
    ],
    "2": [
        0.8693977141389495
    ],
    "1.6": [
        0.9158805031446541
    ],
    "1.5": [
        0.9280245022970903
    ],
    "1.4": [
        0.9355828220858896
    ],
    "1.3": [
        0.951048951048951
    ],
    "1.2": [
        0.9423076923076923
    ],
    "1.1": [
        0.9
    ],
    "0.9": [
        null
    ],
    "0.8": [
        null
    ],
    "0.7": [
        null
    ],
    "0.6": [
        null
    ],
    "0.5": [
        null
    ],
    "0.4": [
        null
    ],
    "0.3": [
        null
    ],
    "0.2": [
        null
    ],
    "0.1": [
        null
    ]
}