{
    "inf": [
        0.7896641696826866
    ],
    "2": [
        0.7967647564963001
    ],
    "1.6": [
        0.8381166377285262
    ],
    "1.5": [
        0.8485770149902238
    ],
    "1.4": [
        0.8588574725908829
    ],
    "1.3": [
        0.8662014934508507
    ],
    "1.2": [
        0.8762519768054824
    ],
    "1.1": [
        0.8862249964533977
    ],
    "0.9": [
        0.9026063100137174
    ],
    "0.8": [
        0.9117478510028654
    ],
    "0.7": [
        0.9439400817067635
    ],
    "0.6": [
        0.9620763851533082
    ],
    "0.5": [
        0.9739884393063584
    ],
    "0.4": [
        0.9766034691407826
    ],
    "0.3": [
        0.979498861047836
    ],
    "0.2": [
        0.980909090909091
    ],
    "0.1": [
        0.9833024118738405
    ]
}