{
    "inf": [
        0.786886625704907
    ],
    "2": [
        0.8526584742669424
    ],
    "1.6": [
        0.8838120104438643
    ],
    "1.5": [
        0.8783987915407855
    ],
    "1.4": [
        0.8888888888888888
    ],
    "1.3": [
        0.8984771573604061
    ],
    "1.2": [
        0.9186991869918699
    ],
    "1.1": [
        0.9495798319327731
    ],
    "0.9": [
        0.9230769230769231
    ],
    "0.8": [
        1.0
    ],
    "0.7": [
        1.0
    ],
    "0.6": [
        null
    ],
    "0.5": [
        null
    ],
    "0.4": [
        null
    ],
    "0.3": [
        null
    ],
    "0.2": [
        null
    ],
    "0.1": [
        null
    ]
}