{
    "inf": [
        0.7916000336671998
    ],
    "2": [
        0.8001211911357341
    ],
    "1.6": [
        0.8471505435379378
    ],
    "1.5": [
        0.8566908835247247
    ],
    "1.4": [
        0.8648716658278812
    ],
    "1.3": [
        0.8755434782608695
    ],
    "1.2": [
        0.8848888888888888
    ],
    "1.1": [
        0.8926773826919955
    ],
    "0.9": [
        0.9087605974969721
    ],
    "0.8": [
        0.920451925293982
    ],
    "0.7": [
        0.9543175487465181
    ],
    "0.6": [
        0.9720067453625633
    ],
    "0.5": [
        0.9751996637242539
    ],
    "0.4": [
        0.9792147806004619
    ],
    "0.3": [
        0.9831649831649831
    ],
    "0.2": [
        0.9828269484808454
    ],
    "0.1": [
        0.9854545454545455
    ]
}