{
    "inf": [
        0.7905058496759532
    ],
    "2": [
        0.8240107827091556
    ],
    "1.6": [
        0.8902214022140221
    ],
    "1.5": [
        0.8980649619903248
    ],
    "1.4": [
        0.9059213089209194
    ],
    "1.3": [
        0.910157114405842
    ],
    "1.2": [
        0.9156352614296539
    ],
    "1.1": [
        0.9188009313154831
    ],
    "0.9": [
        0.9298794104510942
    ],
    "0.8": [
        0.9459459459459459
    ],
    "0.7": [
        0.9596448748991122
    ],
    "0.6": [
        0.9657387580299786
    ],
    "0.5": [
        0.9719495091164095
    ],
    "0.4": [
        0.968503937007874
    ],
    "0.3": [
        0.9726962457337884
    ],
    "0.2": [
        0.9791666666666666
    ],
    "0.1": [
        0.9487179487179487
    ]
}