{
    "inf": [
        0.7867182897062537
    ],
    "2": [
        0.8703355704697987
    ],
    "1.6": [
        0.8759856630824373
    ],
    "1.5": [
        0.8868421052631579
    ],
    "1.4": [
        0.9268867924528302
    ],
    "1.3": [
        0.9124423963133641
    ],
    "1.2": [
        0.9487179487179487
    ],
    "1.1": [
        0.8928571428571429
    ],
    "0.9": [
        1.0
    ],
    "0.8": [
        1.0
    ],
    "0.7": [
        null
    ],
    "0.6": [
        null
    ],
    "0.5": [
        null
    ],
    "0.4": [
        null
    ],
    "0.3": [
        null
    ],
    "0.2": [
        null
    ],
    "0.1": [
        null
    ]
}