{
    "inf": [
        0.7831832337345341
    ],
    "2": [
        0.8777120315581854
    ],
    "1.6": [
        0.8751677852348994
    ],
    "1.5": [
        0.8907766990291263
    ],
    "1.4": [
        0.908675799086758
    ],
    "1.3": [
        0.9247311827956989
    ],
    "1.2": [
        0.9090909090909091
    ],
    "1.1": [
        0.9
    ],
    "0.9": [
        null
    ],
    "0.8": [
        null
    ],
    "0.7": [
        null
    ],
    "0.6": [
        null
    ],
    "0.5": [
        null
    ],
    "0.4": [
        null
    ],
    "0.3": [
        null
    ],
    "0.2": [
        null
    ],
    "0.1": [
        null
    ]
}