{
    "inf": [
        0.7871391297028869
    ],
    "2": [
        0.7912190963341859
    ],
    "1.6": [
        0.8276841692789969
    ],
    "1.5": [
        0.8382246936463804
    ],
    "1.4": [
        0.8479947546716206
    ],
    "1.3": [
        0.857852193995381
    ],
    "1.2": [
        0.8662747979426892
    ],
    "1.1": [
        0.8774387848631662
    ],
    "0.9": [
        0.8964291235121348
    ],
    "0.8": [
        0.9094190443451358
    ],
    "0.7": [
        0.9361404909199761
    ],
    "0.6": [
        0.9633888758507393
    ],
    "0.5": [
        0.9719054242002781
    ],
    "0.4": [
        0.9774011299435028
    ],
    "0.3": [
        0.9794256322331761
    ],
    "0.2": [
        0.9819034852546917
    ],
    "0.1": [
        0.9819819819819819
    ]
}