{
    "inf": [
        0.3696658530426732
    ],
    "2": [
        0.37372708757637474
    ],
    "1.6": [
        0.44021739130434784
    ],
    "1.5": [
        0.4570552147239264
    ],
    "1.4": [
        0.4716981132075472
    ],
    "1.3": [
        0.4744186046511628
    ],
    "1.2": [
        0.4918032786885246
    ],
    "1.1": [
        0.5192307692307693
    ],
    "0.9": [
        0.5
    ],
    "0.8": [
        0.5
    ],
    "0.7": [
        0.4810126582278481
    ],
    "0.6": [
        0.47540983606557374
    ],
    "0.5": [
        0.4523809523809524
    ],
    "0.4": [
        0.45454545454545453
    ],
    "0.3": [
        0.2857142857142857
    ],
    "0.2": [
        0.2727272727272727
    ],
    "0.1": [
        0.4
    ]
}