{
    "inf": [
        0.7883174816934602
    ],
    "2": [
        0.8779650436953808
    ],
    "1.6": [
        0.9224704336399474
    ],
    "1.5": [
        0.9288888888888889
    ],
    "1.4": [
        0.9386281588447654
    ],
    "1.3": [
        0.9390243902439024
    ],
    "1.2": [
        0.9552238805970149
    ],
    "1.1": [
        0.9642857142857143
    ],
    "0.9": [
        1.0
    ],
    "0.8": [
        null
    ],
    "0.7": [
        null
    ],
    "0.6": [
        null
    ],
    "0.5": [
        null
    ],
    "0.4": [
        null
    ],
    "0.3": [
        null
    ],
    "0.2": [
        null
    ],
    "0.1": [
        null
    ]
}