{
    "inf": [
        0.7902533456779732
    ],
    "2": [
        0.877742946708464
    ],
    "1.6": [
        0.8879310344827587
    ],
    "1.5": [
        0.9236641221374046
    ],
    "1.4": [
        0.9264705882352942
    ],
    "1.3": [
        0.9240506329113924
    ],
    "1.2": [
        0.9032258064516129
    ],
    "1.1": [
        1.0
    ],
    "0.9": [
        1.0
    ],
    "0.8": [
        null
    ],
    "0.7": [
        null
    ],
    "0.6": [
        null
    ],
    "0.5": [
        null
    ],
    "0.4": [
        null
    ],
    "0.3": [
        null
    ],
    "0.2": [
        null
    ],
    "0.1": [
        null
    ]
}