{
    "inf": [
        0.7937042336503661
    ],
    "2": [
        0.797630210553235
    ],
    "1.6": [
        0.8300614713464208
    ],
    "1.5": [
        0.8401132312853847
    ],
    "1.4": [
        0.8507760532150777
    ],
    "1.3": [
        0.8589323343479279
    ],
    "1.2": [
        0.8668157535097528
    ],
    "1.1": [
        0.8741704273958056
    ],
    "0.9": [
        0.89262269459206
    ],
    "0.8": [
        0.9041500260461885
    ],
    "0.7": [
        0.9327983951855566
    ],
    "0.6": [
        0.9584799437016186
    ],
    "0.5": [
        0.9702139182236664
    ],
    "0.4": [
        0.9762210796915167
    ],
    "0.3": [
        0.9770066889632107
    ],
    "0.2": [
        0.9799247176913425
    ],
    "0.1": [
        0.9829683698296837
    ]
}