{
    "inf": [
        0.7958926016328592
    ],
    "2": [
        0.8017440369325468
    ],
    "1.6": [
        0.8420468308437626
    ],
    "1.5": [
        0.8518083857889683
    ],
    "1.4": [
        0.8613369467028004
    ],
    "1.3": [
        0.8705629257798494
    ],
    "1.2": [
        0.8818123803446075
    ],
    "1.1": [
        0.890197152245345
    ],
    "0.9": [
        0.9057152082660639
    ],
    "0.8": [
        0.9154121863799283
    ],
    "0.7": [
        0.9429824561403509
    ],
    "0.6": [
        0.9643728648121035
    ],
    "0.5": [
        0.9733786462758426
    ],
    "0.4": [
        0.9788634788634789
    ],
    "0.3": [
        0.9792452830188679
    ],
    "0.2": [
        0.9816311535635562
    ],
    "0.1": [
        0.986822840409956
    ]
}