{
    "inf": [
        0.7967342816261257
    ],
    "2": [
        0.8482092736050297
    ],
    "1.6": [
        0.8854742427592306
    ],
    "1.5": [
        0.8860198226395409
    ],
    "1.4": [
        0.8874296435272045
    ],
    "1.3": [
        0.8832335329341318
    ],
    "1.2": [
        0.885921231326392
    ],
    "1.1": [
        0.8824582338902148
    ],
    "0.9": [
        0.9128586609989373
    ],
    "0.8": [
        0.946376811594203
    ],
    "0.7": [
        0.9606741573033708
    ],
    "0.6": [
        0.9761904761904762
    ],
    "0.5": [
        0.9727626459143969
    ],
    "0.4": [
        0.9575757575757575
    ],
    "0.3": [
        0.9423076923076923
    ],
    "0.2": [
        0.9464285714285714
    ],
    "0.1": [
        0.9230769230769231
    ]
}