{
    "inf": [
        0.7930308896557529
    ],
    "2": [
        0.8899841577187115
    ],
    "1.6": [
        0.9094387755102041
    ],
    "1.5": [
        0.9264069264069265
    ],
    "1.4": [
        0.9322709163346613
    ],
    "1.3": [
        0.9528301886792453
    ],
    "1.2": [
        0.918918918918919
    ],
    "1.1": [
        1.0
    ],
    "0.9": [
        1.0
    ],
    "0.8": [
        null
    ],
    "0.7": [
        null
    ],
    "0.6": [
        null
    ],
    "0.5": [
        null
    ],
    "0.4": [
        null
    ],
    "0.3": [
        null
    ],
    "0.2": [
        null
    ],
    "0.1": [
        null
    ]
}