{
    "inf": [
        0.7929467216564262
    ],
    "2": [
        0.8676993397663789
    ],
    "1.6": [
        0.8904191616766467
    ],
    "1.5": [
        0.9057017543859649
    ],
    "1.4": [
        0.937037037037037
    ],
    "1.3": [
        0.9465408805031447
    ],
    "1.2": [
        0.9364161849710982
    ],
    "1.1": [
        0.94
    ],
    "0.9": [
        1.0
    ],
    "0.8": [
        1.0
    ],
    "0.7": [
        null
    ],
    "0.6": [
        null
    ],
    "0.5": [
        null
    ],
    "0.4": [
        null
    ],
    "0.3": [
        null
    ],
    "0.2": [
        null
    ],
    "0.1": [
        null
    ]
}