{
    "inf": [
        0.7910950256712398
    ],
    "2": [
        0.8437757141177854
    ],
    "1.6": [
        0.8772785622593068
    ],
    "1.5": [
        0.8763016724518775
    ],
    "1.4": [
        0.8758673862760216
    ],
    "1.3": [
        0.8739895387541607
    ],
    "1.2": [
        0.8735202492211838
    ],
    "1.1": [
        0.8821034775233249
    ],
    "0.9": [
        0.9131075110456554
    ],
    "0.8": [
        0.9320754716981132
    ],
    "0.7": [
        0.9420289855072463
    ],
    "0.6": [
        0.949685534591195
    ],
    "0.5": [
        0.9473684210526315
    ],
    "0.4": [
        0.9515151515151515
    ],
    "0.3": [
        0.9411764705882353
    ],
    "0.2": [
        0.9019607843137255
    ],
    "0.1": [
        0.8571428571428571
    ]
}