{
    "inf": [
        0.7854557697163539
    ],
    "2": [
        0.8527497194163861
    ],
    "1.6": [
        0.900953778429934
    ],
    "1.5": [
        0.9094622191967324
    ],
    "1.4": [
        0.9157232704402516
    ],
    "1.3": [
        0.9472527472527472
    ],
    "1.2": [
        0.9463414634146341
    ],
    "1.1": [
        0.9545454545454546
    ],
    "0.9": [
        1.0
    ],
    "0.8": [
        1.0
    ],
    "0.7": [
        null
    ],
    "0.6": [
        null
    ],
    "0.5": [
        null
    ],
    "0.4": [
        null
    ],
    "0.3": [
        null
    ],
    "0.2": [
        null
    ],
    "0.1": [
        null
    ]
}