{
    "inf": [
        0.7930308896557529
    ],
    "2": [
        0.8452784768574242
    ],
    "1.6": [
        0.8871569703622393
    ],
    "1.5": [
        0.8925512587594082
    ],
    "1.4": [
        0.8975774302361239
    ],
    "1.3": [
        0.9021818181818182
    ],
    "1.2": [
        0.902224281742354
    ],
    "1.1": [
        0.911619283065513
    ],
    "0.9": [
        0.9341383095499451
    ],
    "0.8": [
        0.9521044992743106
    ],
    "0.7": [
        0.9565217391304348
    ],
    "0.6": [
        0.9573934837092731
    ],
    "0.5": [
        0.9518900343642611
    ],
    "0.4": [
        0.9744897959183674
    ],
    "0.3": [
        0.9629629629629629
    ],
    "0.2": [
        0.9411764705882353
    ],
    "0.1": [
        0.9285714285714286
    ]
}