{
    "inf": [
        0.7975759616193923
    ],
    "2": [
        0.7996099050203528
    ],
    "1.6": [
        0.8260418630963605
    ],
    "1.5": [
        0.8358518518518518
    ],
    "1.4": [
        0.8454025974025974
    ],
    "1.3": [
        0.8547522694957891
    ],
    "1.2": [
        0.8615066605420303
    ],
    "1.1": [
        0.868296242247355
    ],
    "0.9": [
        0.88943454468921
    ],
    "0.8": [
        0.9029411764705882
    ],
    "0.7": [
        0.9279007971656333
    ],
    "0.6": [
        0.9578214578214578
    ],
    "0.5": [
        0.9674396814242211
    ],
    "0.4": [
        0.9753627155762387
    ],
    "0.3": [
        0.9777327935222672
    ],
    "0.2": [
        0.9809290953545232
    ],
    "0.1": [
        0.983274647887324
    ]
}