{
    "inf": [
        0.7972392896220857
    ],
    "2": [
        0.8729387702927266
    ],
    "1.6": [
        0.8943421949556919
    ],
    "1.5": [
        0.9119496855345912
    ],
    "1.4": [
        0.9365384615384615
    ],
    "1.3": [
        0.952076677316294
    ],
    "1.2": [
        0.9622641509433962
    ],
    "1.1": [
        0.9565217391304348
    ],
    "0.9": [
        1.0
    ],
    "0.8": [
        1.0
    ],
    "0.7": [
        null
    ],
    "0.6": [
        null
    ],
    "0.5": [
        null
    ],
    "0.4": [
        null
    ],
    "0.3": [
        null
    ],
    "0.2": [
        null
    ],
    "0.1": [
        null
    ]
}