{
    "inf": [
        0.791515865667873
    ],
    "2": [
        0.8619969848080714
    ],
    "1.6": [
        0.9131446297014346
    ],
    "1.5": [
        0.9268471104608632
    ],
    "1.4": [
        0.9506849315068493
    ],
    "1.3": [
        0.95
    ],
    "1.2": [
        0.9534883720930233
    ],
    "1.1": [
        0.9117647058823529
    ],
    "0.9": [
        1.0
    ],
    "0.8": [
        1.0
    ],
    "0.7": [
        null
    ],
    "0.6": [
        null
    ],
    "0.5": [
        null
    ],
    "0.4": [
        null
    ],
    "0.3": [
        null
    ],
    "0.2": [
        null
    ],
    "0.1": [
        null
    ]
}