{
    "inf": [
        0.8086861375305109
    ],
    "2": [
        0.8996539792387543
    ],
    "1.6": [
        0.9211956521739131
    ],
    "1.5": [
        0.9258373205741627
    ],
    "1.4": [
        0.9446808510638298
    ],
    "1.3": [
        0.9411764705882353
    ],
    "1.2": [
        0.9743589743589743
    ],
    "1.1": [
        0.9375
    ],
    "0.9": [
        1.0
    ],
    "0.8": [
        null
    ],
    "0.7": [
        null
    ],
    "0.6": [
        null
    ],
    "0.5": [
        null
    ],
    "0.4": [
        null
    ],
    "0.3": [
        null
    ],
    "0.2": [
        null
    ],
    "0.1": [
        null
    ]
}