{
    "inf": [
        0.7950509216395927
    ],
    "2": [
        0.873644578313253
    ],
    "1.6": [
        0.8639798488664987
    ],
    "1.5": [
        0.8707280832095097
    ],
    "1.4": [
        0.8958333333333334
    ],
    "1.3": [
        0.9205607476635514
    ],
    "1.2": [
        0.9318181818181818
    ],
    "1.1": [
        0.918918918918919
    ],
    "0.9": [
        1.0
    ],
    "0.8": [
        1.0
    ],
    "0.7": [
        1.0
    ],
    "0.6": [
        null
    ],
    "0.5": [
        null
    ],
    "0.4": [
        null
    ],
    "0.3": [
        null
    ],
    "0.2": [
        null
    ],
    "0.1": [
        null
    ]
}