{
    "inf": [
        0.7811632017506944
    ],
    "2": [
        0.8382588774341352
    ],
    "1.6": [
        0.8852927177534508
    ],
    "1.5": [
        0.8892395982783358
    ],
    "1.4": [
        0.889385091034009
    ],
    "1.3": [
        0.8903821923561529
    ],
    "1.2": [
        0.8889493739793141
    ],
    "1.1": [
        0.884981684981685
    ],
    "0.9": [
        0.9083665338645418
    ],
    "0.8": [
        0.9355992844364938
    ],
    "0.7": [
        0.9435294117647058
    ],
    "0.6": [
        0.9506172839506173
    ],
    "0.5": [
        0.9505703422053232
    ],
    "0.4": [
        0.9421052631578948
    ],
    "0.3": [
        0.9487179487179487
    ],
    "0.2": [
        0.9322033898305084
    ],
    "0.1": [
        0.8421052631578947
    ]
}