{
    "inf": [
        0.7927783856577729
    ],
    "2": [
        0.8567735871225473
    ],
    "1.6": [
        0.8957345971563981
    ],
    "1.5": [
        0.8899789768745621
    ],
    "1.4": [
        0.9095295536791315
    ],
    "1.3": [
        0.9408396946564885
    ],
    "1.2": [
        0.9358108108108109
    ],
    "1.1": [
        0.9545454545454546
    ],
    "0.9": [
        1.0
    ],
    "0.8": [
        1.0
    ],
    "0.7": [
        1.0
    ],
    "0.6": [
        null
    ],
    "0.5": [
        null
    ],
    "0.4": [
        null
    ],
    "0.3": [
        null
    ],
    "0.2": [
        null
    ],
    "0.1": [
        null
    ]
}