{
    "inf": [
        0.7910950256712398
    ],
    "2": [
        0.8252737668378719
    ],
    "1.6": [
        0.8857970082033135
    ],
    "1.5": [
        0.8904683798068161
    ],
    "1.4": [
        0.8935684647302905
    ],
    "1.3": [
        0.8986551392891451
    ],
    "1.2": [
        0.8995850622406639
    ],
    "1.1": [
        0.9008425145819832
    ],
    "0.9": [
        0.9051404345521993
    ],
    "0.8": [
        0.9263233190271817
    ],
    "0.7": [
        0.9492682926829268
    ],
    "0.6": [
        0.9634300126103404
    ],
    "0.5": [
        0.9648829431438127
    ],
    "0.4": [
        0.9611872146118722
    ],
    "0.3": [
        0.9623287671232876
    ],
    "0.2": [
        0.9790209790209791
    ],
    "0.1": [
        0.9333333333333333
    ]
}