{
    "inf": [
        0.7943775776449794
    ],
    "2": [
        0.8015784507163078
    ],
    "1.6": [
        0.8407863909544667
    ],
    "1.5": [
        0.8506816706340619
    ],
    "1.4": [
        0.8591049559345313
    ],
    "1.3": [
        0.8681305349993934
    ],
    "1.2": [
        0.8804827407215157
    ],
    "1.1": [
        0.8896493923732365
    ],
    "0.9": [
        0.9060212907518297
    ],
    "0.8": [
        0.9168668021429891
    ],
    "0.7": [
        0.942249892657793
    ],
    "0.6": [
        0.9656555527701178
    ],
    "0.5": [
        0.9744418331374853
    ],
    "0.4": [
        0.9781305114638448
    ],
    "0.3": [
        0.9797421731123389
    ],
    "0.2": [
        0.9831378299120235
    ],
    "0.1": [
        0.984251968503937
    ]
}