{
    "inf": [
        0.7941250736469994
    ],
    "2": [
        0.8548015711770283
    ],
    "1.6": [
        0.8951210142143681
    ],
    "1.5": [
        0.8974763406940063
    ],
    "1.4": [
        0.9050822122571002
    ],
    "1.3": [
        0.9084210526315789
    ],
    "1.2": [
        0.9144927536231884
    ],
    "1.1": [
        0.927536231884058
    ],
    "0.9": [
        0.9395161290322581
    ],
    "0.8": [
        0.9473684210526315
    ],
    "0.7": [
        0.9217391304347826
    ],
    "0.6": [
        0.8918918918918919
    ],
    "0.5": [
        0.851063829787234
    ],
    "0.4": [
        0.875
    ],
    "0.3": [
        0.8695652173913043
    ],
    "0.2": [
        0.7857142857142857
    ],
    "0.1": [
        0.6666666666666666
    ]
}