{
    "inf": [
        0.8054035855567713
    ],
    "2": [
        0.8604651162790697
    ],
    "1.6": [
        0.8956677774929506
    ],
    "1.5": [
        0.8945556946182729
    ],
    "1.4": [
        0.8857818038597873
    ],
    "1.3": [
        0.8763144717075614
    ],
    "1.2": [
        0.8713304184884447
    ],
    "1.1": [
        0.8698738170347003
    ],
    "0.9": [
        0.9028169014084507
    ],
    "0.8": [
        0.9325626204238922
    ],
    "0.7": [
        0.9468085106382979
    ],
    "0.6": [
        0.9479553903345725
    ],
    "0.5": [
        0.9647058823529412
    ],
    "0.4": [
        0.9484536082474226
    ],
    "0.3": [
        0.9298245614035088
    ],
    "0.2": [
        0.88
    ],
    "0.1": [
        0.9166666666666666
    ]
}