{
    "inf": [
        0.8011110175911118
    ],
    "2": [
        0.8400228050171038
    ],
    "1.6": [
        0.869877286408891
    ],
    "1.5": [
        0.8687620623104494
    ],
    "1.4": [
        0.8697813121272365
    ],
    "1.3": [
        0.8658536585365854
    ],
    "1.2": [
        0.8703349282296651
    ],
    "1.1": [
        0.867163252638113
    ],
    "0.9": [
        0.8874856486796785
    ],
    "0.8": [
        0.9088050314465409
    ],
    "0.7": [
        0.9404255319148936
    ],
    "0.6": [
        0.9565217391304348
    ],
    "0.5": [
        0.9587155963302753
    ],
    "0.4": [
        0.9545454545454546
    ],
    "0.3": [
        0.9318181818181818
    ],
    "0.2": [
        0.9069767441860465
    ],
    "0.1": [
        0.8636363636363636
    ]
}