{
    "inf": [
        0.7978284656173723
    ],
    "2": [
        0.8448944420508402
    ],
    "1.6": [
        0.8885484488701647
    ],
    "1.5": [
        0.8931163404442489
    ],
    "1.4": [
        0.8964376590330789
    ],
    "1.3": [
        0.9004431314623338
    ],
    "1.2": [
        0.8989194841408156
    ],
    "1.1": [
        0.893362831858407
    ],
    "0.9": [
        0.9130787977254264
    ],
    "0.8": [
        0.9395973154362416
    ],
    "0.7": [
        0.9615952732644018
    ],
    "0.6": [
        0.9716446124763705
    ],
    "0.5": [
        0.9748110831234257
    ],
    "0.4": [
        0.97165991902834
    ],
    "0.3": [
        0.9551282051282052
    ],
    "0.2": [
        0.9438202247191011
    ],
    "0.1": [
        0.9032258064516129
    ]
}