{
    "inf": [
        0.7864657857082737
    ],
    "2": [
        0.7937887130075706
    ],
    "1.6": [
        0.8355179704016913
    ],
    "1.5": [
        0.848225352112676
    ],
    "1.4": [
        0.8582260199783367
    ],
    "1.3": [
        0.8686816720257234
    ],
    "1.2": [
        0.8803774632250903
    ],
    "1.1": [
        0.8887882903274483
    ],
    "0.9": [
        0.9062385321100918
    ],
    "0.8": [
        0.9184352892218061
    ],
    "0.7": [
        0.9487877288471054
    ],
    "0.6": [
        0.969991173874669
    ],
    "0.5": [
        0.9735356386732533
    ],
    "0.4": [
        0.9773960216998192
    ],
    "0.3": [
        0.978905735003296
    ],
    "0.2": [
        0.9821802935010482
    ],
    "0.1": [
        0.9852216748768473
    ]
}