{
    "inf": [
        0.7959767696321859
    ],
    "2": [
        0.822781310478297
    ],
    "1.6": [
        0.8816641410662626
    ],
    "1.5": [
        0.8884522370012092
    ],
    "1.4": [
        0.8950442182546304
    ],
    "1.3": [
        0.8998879342547628
    ],
    "1.2": [
        0.9064132024232295
    ],
    "1.1": [
        0.9093497864261983
    ],
    "0.9": [
        0.9233427584040214
    ],
    "0.8": [
        0.9409722222222222
    ],
    "0.7": [
        0.959718026183283
    ],
    "0.6": [
        0.9709851551956815
    ],
    "0.5": [
        0.9751111111111112
    ],
    "0.4": [
        0.9736526946107784
    ],
    "0.3": [
        0.9726962457337884
    ],
    "0.2": [
        0.960960960960961
    ],
    "0.1": [
        0.9736842105263158
    ]
}