{
    "inf": [
        0.7836040737311674
    ],
    "2": [
        0.8733552631578947
    ],
    "1.6": [
        0.8296146044624746
    ],
    "1.5": [
        0.8797250859106529
    ],
    "1.4": [
        0.9081081081081082
    ],
    "1.3": [
        0.9217391304347826
    ],
    "1.2": [
        0.9534883720930233
    ],
    "1.1": [
        0.9411764705882353
    ],
    "0.9": [
        1.0
    ],
    "0.8": [
        1.0
    ],
    "0.7": [
        null
    ],
    "0.6": [
        null
    ],
    "0.5": [
        null
    ],
    "0.4": [
        null
    ],
    "0.3": [
        null
    ],
    "0.2": [
        null
    ],
    "0.1": [
        null
    ]
}