{
    "inf": [
        0.7985859776113122
    ],
    "2": [
        0.8847227762265656
    ],
    "1.6": [
        0.9066666666666666
    ],
    "1.5": [
        0.9182156133828996
    ],
    "1.4": [
        0.9261744966442953
    ],
    "1.3": [
        0.9253731343283582
    ],
    "1.2": [
        0.9615384615384616
    ],
    "1.1": [
        0.875
    ],
    "0.9": [
        1.0
    ],
    "0.8": [
        null
    ],
    "0.7": [
        null
    ],
    "0.6": [
        null
    ],
    "0.5": [
        null
    ],
    "0.4": [
        null
    ],
    "0.3": [
        null
    ],
    "0.2": [
        null
    ],
    "0.1": [
        null
    ]
}