{
    "inf": [
        0.7939567376483461
    ],
    "2": [
        0.8733850129198967
    ],
    "1.6": [
        0.888663967611336
    ],
    "1.5": [
        0.891500904159132
    ],
    "1.4": [
        0.9093655589123867
    ],
    "1.3": [
        0.9281767955801105
    ],
    "1.2": [
        0.9294117647058824
    ],
    "1.1": [
        0.8974358974358975
    ],
    "0.9": [
        1.0
    ],
    "0.8": [
        1.0
    ],
    "0.7": [
        null
    ],
    "0.6": [
        null
    ],
    "0.5": [
        null
    ],
    "0.4": [
        null
    ],
    "0.3": [
        null
    ],
    "0.2": [
        null
    ],
    "0.1": [
        null
    ]
}