{
    "inf": [
        0.780994865752041
    ],
    "2": [
        0.8550320939808648
    ],
    "1.6": [
        0.8909883720930233
    ],
    "1.5": [
        0.909704641350211
    ],
    "1.4": [
        0.9204204204204204
    ],
    "1.3": [
        0.9316939890710383
    ],
    "1.2": [
        0.9367816091954023
    ],
    "1.1": [
        0.9473684210526315
    ],
    "0.9": [
        1.0
    ],
    "0.8": [
        1.0
    ],
    "0.7": [
        null
    ],
    "0.6": [
        null
    ],
    "0.5": [
        null
    ],
    "0.4": [
        null
    ],
    "0.3": [
        null
    ],
    "0.2": [
        null
    ],
    "0.1": [
        null
    ]
}