{
    "inf": [
        0.7884858176921135
    ],
    "2": [
        0.8698788621205934
    ],
    "1.6": [
        0.860650298606503
    ],
    "1.5": [
        0.8763127187864644
    ],
    "1.4": [
        0.8876190476190476
    ],
    "1.3": [
        0.9099378881987578
    ],
    "1.2": [
        0.9259259259259259
    ],
    "1.1": [
        0.9354838709677419
    ],
    "0.9": [
        0.9230769230769231
    ],
    "0.8": [
        1.0
    ],
    "0.7": [
        1.0
    ],
    "0.6": [
        null
    ],
    "0.5": [
        null
    ],
    "0.4": [
        null
    ],
    "0.3": [
        null
    ],
    "0.2": [
        null
    ],
    "0.1": [
        null
    ]
}