{
    "inf": [
        0.78983250568134
    ],
    "2": [
        0.8220330691713139
    ],
    "1.6": [
        0.879640419510571
    ],
    "1.5": [
        0.8874409820585458
    ],
    "1.4": [
        0.8921461387005032
    ],
    "1.3": [
        0.8962887646161668
    ],
    "1.2": [
        0.8969465648854962
    ],
    "1.1": [
        0.8967468175388967
    ],
    "0.9": [
        0.9136939010356732
    ],
    "0.8": [
        0.9327286470143613
    ],
    "0.7": [
        0.9621513944223108
    ],
    "0.6": [
        0.9712418300653595
    ],
    "0.5": [
        0.9738219895287958
    ],
    "0.4": [
        0.964735516372796
    ],
    "0.3": [
        0.9691629955947136
    ],
    "0.2": [
        0.9716981132075472
    ],
    "0.1": [
        0.9285714285714286
    ]
}