{
    "inf": [
        0.7858766097129871
    ],
    "2": [
        0.8619997490904528
    ],
    "1.6": [
        0.8812625250501002
    ],
    "1.5": [
        0.8946902654867257
    ],
    "1.4": [
        0.9010819165378671
    ],
    "1.3": [
        0.9301675977653632
    ],
    "1.2": [
        0.9473684210526315
    ],
    "1.1": [
        0.8979591836734694
    ],
    "0.9": [
        1.0
    ],
    "0.8": [
        1.0
    ],
    "0.7": [
        null
    ],
    "0.6": [
        null
    ],
    "0.5": [
        null
    ],
    "0.4": [
        null
    ],
    "0.3": [
        null
    ],
    "0.2": [
        null
    ],
    "0.1": [
        null
    ]
}