{
    "inf": [
        0.7824257217405942
    ],
    "2": [
        0.7857870606214977
    ],
    "1.6": [
        0.8190843373493976
    ],
    "1.5": [
        0.8271692028620377
    ],
    "1.4": [
        0.8360029701920016
    ],
    "1.3": [
        0.8473967684021544
    ],
    "1.2": [
        0.8548100816471423
    ],
    "1.1": [
        0.8634932628132477
    ],
    "0.9": [
        0.8849142354493476
    ],
    "0.8": [
        0.8982912937347437
    ],
    "0.7": [
        0.9272828714896783
    ],
    "0.6": [
        0.9553072625698324
    ],
    "0.5": [
        0.9666172106824926
    ],
    "0.4": [
        0.9720259128386337
    ],
    "0.3": [
        0.9778611632270169
    ],
    "0.2": [
        0.9795338260375214
    ],
    "0.1": [
        0.9868131868131869
    ]
}