{
    "inf": [
        0.7890749936874001
    ],
    "2": [
        0.792988456605387
    ],
    "1.6": [
        0.8297725024727992
    ],
    "1.5": [
        0.8422594142259414
    ],
    "1.4": [
        0.8505810736026563
    ],
    "1.3": [
        0.8595958416072889
    ],
    "1.2": [
        0.8715938783128033
    ],
    "1.1": [
        0.8819693945442448
    ],
    "0.9": [
        0.8988639949510887
    ],
    "0.8": [
        0.9095548125989794
    ],
    "0.7": [
        0.934672347332116
    ],
    "0.6": [
        0.9604290822407628
    ],
    "0.5": [
        0.9717245240761478
    ],
    "0.4": [
        0.9773895169578622
    ],
    "0.3": [
        0.9798627002288329
    ],
    "0.2": [
        0.9806590257879656
    ],
    "0.1": [
        0.9825072886297376
    ]
}