{
    "inf": [
        0.7969867856241057
    ],
    "2": [
        0.8711072664359861
    ],
    "1.6": [
        0.8588516746411483
    ],
    "1.5": [
        0.9032258064516129
    ],
    "1.4": [
        0.9111111111111111
    ],
    "1.3": [
        0.9142857142857143
    ],
    "1.2": [
        0.9285714285714286
    ],
    "1.1": [
        1.0
    ],
    "0.9": [
        null
    ],
    "0.8": [
        null
    ],
    "0.7": [
        null
    ],
    "0.6": [
        null
    ],
    "0.5": [
        null
    ],
    "0.4": [
        null
    ],
    "0.3": [
        null
    ],
    "0.2": [
        null
    ],
    "0.1": [
        null
    ]
}