{
    "inf": [
        0.7914316976685464
    ],
    "2": [
        0.8674355319424647
    ],
    "1.6": [
        0.8851508120649652
    ],
    "1.5": [
        0.8988529718456726
    ],
    "1.4": [
        0.9281961471103327
    ],
    "1.3": [
        0.9272727272727272
    ],
    "1.2": [
        0.95
    ],
    "1.1": [
        0.9315068493150684
    ],
    "0.9": [
        1.0
    ],
    "0.8": [
        1.0
    ],
    "0.7": [
        null
    ],
    "0.6": [
        null
    ],
    "0.5": [
        null
    ],
    "0.4": [
        null
    ],
    "0.3": [
        null
    ],
    "0.2": [
        null
    ],
    "0.1": [
        null
    ]
}