{
    "inf": [
        0.8080127935358976
    ],
    "2": [
        0.853963342061414
    ],
    "1.6": [
        0.8869659275283938
    ],
    "1.5": [
        0.8890003343363424
    ],
    "1.4": [
        0.8820814099874108
    ],
    "1.3": [
        0.8710762331838565
    ],
    "1.2": [
        0.8684416601409554
    ],
    "1.1": [
        0.8712984054669703
    ],
    "0.9": [
        0.8973747016706444
    ],
    "0.8": [
        0.9195402298850575
    ],
    "0.7": [
        0.9207317073170732
    ],
    "0.6": [
        0.9259259259259259
    ],
    "0.5": [
        0.9324324324324325
    ],
    "0.4": [
        0.9285714285714286
    ],
    "0.3": [
        0.9090909090909091
    ],
    "0.2": [
        0.8636363636363636
    ],
    "0.1": [
        0.75
    ]
}