{
    "inf": [
        0.7943775776449794
    ],
    "2": [
        0.8495023515257574
    ],
    "1.6": [
        0.9070842968257306
    ],
    "1.5": [
        0.9142786561264822
    ],
    "1.4": [
        0.9207721117833477
    ],
    "1.3": [
        0.9244459368703828
    ],
    "1.2": [
        0.9284546197874081
    ],
    "1.1": [
        0.9377289377289377
    ],
    "0.9": [
        0.9570494864612512
    ],
    "0.8": [
        0.9628297362110312
    ],
    "0.7": [
        0.9660493827160493
    ],
    "0.6": [
        0.9655172413793104
    ],
    "0.5": [
        0.9613259668508287
    ],
    "0.4": [
        0.9541984732824428
    ],
    "0.3": [
        0.9745222929936306
    ],
    "0.2": [
        0.9577464788732394
    ],
    "0.1": [
        0.9230769230769231
    ]
}