{
    "inf": [
        0.7990068176079455
    ],
    "2": [
        0.8613834788448623
    ],
    "1.6": [
        0.8935513730330145
    ],
    "1.5": [
        0.8928707586732749
    ],
    "1.4": [
        0.8902439024390244
    ],
    "1.3": [
        0.8840104849279161
    ],
    "1.2": [
        0.8927304964539007
    ],
    "1.1": [
        0.9008168028004667
    ],
    "0.9": [
        0.937888198757764
    ],
    "0.8": [
        0.9534883720930233
    ],
    "0.7": [
        0.9649122807017544
    ],
    "0.6": [
        0.9644970414201184
    ],
    "0.5": [
        0.9487179487179487
    ],
    "0.4": [
        0.927536231884058
    ],
    "0.3": [
        0.8974358974358975
    ],
    "0.2": [
        0.88
    ],
    "0.1": [
        0.8181818181818182
    ]
}