{
    "inf": [
        0.7996801616025587
    ],
    "2": [
        0.8741258741258742
    ],
    "1.6": [
        0.8746397694524496
    ],
    "1.5": [
        0.8903940886699507
    ],
    "1.4": [
        0.9045643153526971
    ],
    "1.3": [
        0.911864406779661
    ],
    "1.2": [
        0.92
    ],
    "1.1": [
        0.9076923076923077
    ],
    "0.9": [
        1.0
    ],
    "0.8": [
        1.0
    ],
    "0.7": [
        null
    ],
    "0.6": [
        null
    ],
    "0.5": [
        null
    ],
    "0.4": [
        null
    ],
    "0.3": [
        null
    ],
    "0.2": [
        null
    ],
    "0.1": [
        null
    ]
}