{
    "inf": [
        0.7805740257554078
    ],
    "2": [
        0.8352730528200537
    ],
    "1.6": [
        0.893621816542709
    ],
    "1.5": [
        0.8960236432025792
    ],
    "1.4": [
        0.8992346938775511
    ],
    "1.3": [
        0.9015384615384615
    ],
    "1.2": [
        0.8946845504222554
    ],
    "1.1": [
        0.9009126466753585
    ],
    "0.9": [
        0.9214463840399002
    ],
    "0.8": [
        0.9457092819614711
    ],
    "0.7": [
        0.955
    ],
    "0.6": [
        0.959409594095941
    ],
    "0.5": [
        0.967391304347826
    ],
    "0.4": [
        0.9622641509433962
    ],
    "0.3": [
        0.9433962264150944
    ],
    "0.2": [
        0.9259259259259259
    ],
    "0.1": [
        1.0
    ]
}