{
    "inf": [
        0.3707600370339197
    ],
    "2": [
        0.4666666666666667
    ],
    "1.6": [
        0.5287356321839081
    ],
    "1.5": [
        0.5362318840579711
    ],
    "1.4": [
        0.5087719298245614
    ],
    "1.3": [
        0.5681818181818182
    ],
    "1.2": [
        0.6428571428571429
    ],
    "1.1": [
        0.5789473684210527
    ],
    "0.9": [
        0.5
    ],
    "0.8": [
        0.6
    ],
    "0.7": [
        0.6666666666666666
    ],
    "0.6": [
        null
    ],
    "0.5": [
        null
    ],
    "0.4": [
        null
    ],
    "0.3": [
        null
    ],
    "0.2": [
        null
    ],
    "0.1": [
        null
    ]
}