{
    "inf": [
        0.7877283056981735
    ],
    "2": [
        0.878311499272198
    ],
    "1.6": [
        0.8934707903780069
    ],
    "1.5": [
        0.8964705882352941
    ],
    "1.4": [
        0.9126984126984127
    ],
    "1.3": [
        0.9385964912280702
    ],
    "1.2": [
        0.9111111111111111
    ],
    "1.1": [
        0.9090909090909091
    ],
    "0.9": [
        1.0
    ],
    "0.8": [
        null
    ],
    "0.7": [
        null
    ],
    "0.6": [
        null
    ],
    "0.5": [
        null
    ],
    "0.4": [
        null
    ],
    "0.3": [
        null
    ],
    "0.2": [
        null
    ],
    "0.1": [
        null
    ]
}