{
    "inf": [
        0.784698257722414
    ],
    "2": [
        0.7904631686891129
    ],
    "1.6": [
        0.8323164531218222
    ],
    "1.5": [
        0.8428494333513222
    ],
    "1.4": [
        0.8529479502533395
    ],
    "1.3": [
        0.8645705896745779
    ],
    "1.2": [
        0.8747548699176363
    ],
    "1.1": [
        0.8858228917358862
    ],
    "0.9": [
        0.9031607262945528
    ],
    "0.8": [
        0.9152035861038476
    ],
    "0.7": [
        0.9422783707253322
    ],
    "0.6": [
        0.9665132924335378
    ],
    "0.5": [
        0.9754931261207412
    ],
    "0.4": [
        0.9769452449567724
    ],
    "0.3": [
        0.9795140543115769
    ],
    "0.2": [
        0.9821826280623608
    ],
    "0.1": [
        0.9858044164037855
    ]
}