{
    "inf": [
        0.7997643296018854
    ],
    "2": [
        0.8437782919223418
    ],
    "1.6": [
        0.902803738317757
    ],
    "1.5": [
        0.9087732919254659
    ],
    "1.4": [
        0.9129953508966128
    ],
    "1.3": [
        0.917790786459659
    ],
    "1.2": [
        0.9222123632061521
    ],
    "1.1": [
        0.9236505681818182
    ],
    "0.9": [
        0.9436363636363636
    ],
    "0.8": [
        0.9551386623164764
    ],
    "0.7": [
        0.9659211927582535
    ],
    "0.6": [
        0.9684065934065934
    ],
    "0.5": [
        0.9689655172413794
    ],
    "0.4": [
        0.9692307692307692
    ],
    "0.3": [
        0.967741935483871
    ],
    "0.2": [
        0.9781021897810219
    ],
    "0.1": [
        0.926829268292683
    ]
}