{
    "inf": [
        0.7740930898072553
    ],
    "2": [
        0.8587220275006741
    ],
    "1.6": [
        0.8539638386648123
    ],
    "1.5": [
        0.8602272727272727
    ],
    "1.4": [
        0.8809946714031972
    ],
    "1.3": [
        0.923728813559322
    ],
    "1.2": [
        0.9289099526066351
    ],
    "1.1": [
        0.9578947368421052
    ],
    "0.9": [
        0.9375
    ],
    "0.8": [
        1.0
    ],
    "0.7": [
        1.0
    ],
    "0.6": [
        null
    ],
    "0.5": [
        null
    ],
    "0.4": [
        null
    ],
    "0.3": [
        null
    ],
    "0.2": [
        null
    ],
    "0.1": [
        null
    ]
}