{
    "inf": [
        0.7840249137278007
    ],
    "2": [
        0.7891868880374627
    ],
    "1.6": [
        0.830802818299097
    ],
    "1.5": [
        0.8415748031496063
    ],
    "1.4": [
        0.8531874511555209
    ],
    "1.3": [
        0.86124911284599
    ],
    "1.2": [
        0.8727709624383457
    ],
    "1.1": [
        0.8855315094596434
    ],
    "0.9": [
        0.9020742884708153
    ],
    "0.8": [
        0.9128719971315884
    ],
    "0.7": [
        0.9426685914621571
    ],
    "0.6": [
        0.9653846153846154
    ],
    "0.5": [
        0.9741063889670701
    ],
    "0.4": [
        0.9778911564625851
    ],
    "0.3": [
        0.9790623577605826
    ],
    "0.2": [
        0.9786476868327402
    ],
    "0.1": [
        0.9854862119013063
    ]
}