{
    "inf": [
        0.7890749936874001
    ],
    "2": [
        0.8575319753671246
    ],
    "1.6": [
        0.8815848716794237
    ],
    "1.5": [
        0.8755760368663594
    ],
    "1.4": [
        0.8937931034482759
    ],
    "1.3": [
        0.9179487179487179
    ],
    "1.2": [
        0.9134615384615384
    ],
    "1.1": [
        0.9253731343283582
    ],
    "0.9": [
        1.0
    ],
    "0.8": [
        1.0
    ],
    "0.7": [
        1.0
    ],
    "0.6": [
        null
    ],
    "0.5": [
        null
    ],
    "0.4": [
        null
    ],
    "0.3": [
        null
    ],
    "0.2": [
        null
    ],
    "0.1": [
        null
    ]
}