{
    "inf": [
        0.7834357377325141
    ],
    "2": [
        0.8430212717552041
    ],
    "1.6": [
        0.8900889453621347
    ],
    "1.5": [
        0.8748137108792846
    ],
    "1.4": [
        0.8774509803921569
    ],
    "1.3": [
        0.8975741239892183
    ],
    "1.2": [
        0.9342915811088296
    ],
    "1.1": [
        0.9547038327526133
    ],
    "0.9": [
        0.9791666666666666
    ],
    "0.8": [
        0.9473684210526315
    ],
    "0.7": [
        1.0
    ],
    "0.6": [
        1.0
    ],
    "0.5": [
        null
    ],
    "0.4": [
        null
    ],
    "0.3": [
        null
    ],
    "0.2": [
        null
    ],
    "0.1": [
        null
    ]
}