{
    "inf": [
        0.7883174816934602
    ],
    "2": [
        0.8685460880582831
    ],
    "1.6": [
        0.8442064264849075
    ],
    "1.5": [
        0.8469565217391304
    ],
    "1.4": [
        0.8950819672131147
    ],
    "1.3": [
        0.9185185185185185
    ],
    "1.2": [
        0.8928571428571429
    ],
    "1.1": [
        0.8666666666666667
    ],
    "0.9": [
        1.0
    ],
    "0.8": [
        null
    ],
    "0.7": [
        null
    ],
    "0.6": [
        null
    ],
    "0.5": [
        null
    ],
    "0.4": [
        null
    ],
    "0.3": [
        null
    ],
    "0.2": [
        null
    ],
    "0.1": [
        null
    ]
}