{
    "inf": [
        0.795219257638246
    ],
    "2": [
        0.8776978417266187
    ],
    "1.6": [
        0.882295719844358
    ],
    "1.5": [
        0.8890675241157556
    ],
    "1.4": [
        0.9159891598915989
    ],
    "1.3": [
        0.9438775510204082
    ],
    "1.2": [
        0.9259259259259259
    ],
    "1.1": [
        0.9333333333333333
    ],
    "0.9": [
        1.0
    ],
    "0.8": [
        1.0
    ],
    "0.7": [
        null
    ],
    "0.6": [
        null
    ],
    "0.5": [
        null
    ],
    "0.4": [
        null
    ],
    "0.3": [
        null
    ],
    "0.2": [
        null
    ],
    "0.1": [
        null
    ]
}