{
    "inf": [
        0.7960609376315125
    ],
    "2": [
        0.8719133925313223
    ],
    "1.6": [
        0.9140205178309722
    ],
    "1.5": [
        0.9281867145421903
    ],
    "1.4": [
        0.9466248037676609
    ],
    "1.3": [
        0.9398280802292264
    ],
    "1.2": [
        0.9578313253012049
    ],
    "1.1": [
        0.9152542372881356
    ],
    "0.9": [
        1.0
    ],
    "0.8": [
        1.0
    ],
    "0.7": [
        null
    ],
    "0.6": [
        null
    ],
    "0.5": [
        null
    ],
    "0.4": [
        null
    ],
    "0.3": [
        null
    ],
    "0.2": [
        null
    ],
    "0.1": [
        null
    ]
}