{
    "inf": [
        0.7924417136604663
    ],
    "2": [
        0.8406426400347373
    ],
    "1.6": [
        0.8940023752969121
    ],
    "1.5": [
        0.8979591836734694
    ],
    "1.4": [
        0.8980842911877395
    ],
    "1.3": [
        0.9153846153846154
    ],
    "1.2": [
        0.93125
    ],
    "1.1": [
        0.9372822299651568
    ],
    "0.9": [
        0.9038461538461539
    ],
    "0.8": [
        0.9285714285714286
    ],
    "0.7": [
        1.0
    ],
    "0.6": [
        1.0
    ],
    "0.5": [
        null
    ],
    "0.4": [
        null
    ],
    "0.3": [
        null
    ],
    "0.2": [
        null
    ],
    "0.1": [
        null
    ]
}