{
    "inf": [
        0.7934517296523862
    ],
    "2": [
        0.7957884011208287
    ],
    "1.6": [
        0.8245994344957587
    ],
    "1.5": [
        0.8357220519916971
    ],
    "1.4": [
        0.8457958423828731
    ],
    "1.3": [
        0.8549918166939443
    ],
    "1.2": [
        0.8632969557725445
    ],
    "1.1": [
        0.8736303871439006
    ],
    "0.9": [
        0.8958391903289289
    ],
    "0.8": [
        0.9047619047619048
    ],
    "0.7": [
        0.9311498503257616
    ],
    "0.6": [
        0.960299777192627
    ],
    "0.5": [
        0.9702740362285184
    ],
    "0.4": [
        0.9758771929824561
    ],
    "0.3": [
        0.9798152582962709
    ],
    "0.2": [
        0.979381443298969
    ],
    "0.1": [
        0.9853085210577864
    ]
}