{
    "inf": [
        0.8029627135762983
    ],
    "2": [
        0.877587634556997
    ],
    "1.6": [
        0.9079497907949791
    ],
    "1.5": [
        0.9422066549912435
    ],
    "1.4": [
        0.9434523809523809
    ],
    "1.3": [
        0.9428571428571428
    ],
    "1.2": [
        0.9552238805970149
    ],
    "1.1": [
        0.896551724137931
    ],
    "0.9": [
        1.0
    ],
    "0.8": [
        1.0
    ],
    "0.7": [
        null
    ],
    "0.6": [
        null
    ],
    "0.5": [
        null
    ],
    "0.4": [
        null
    ],
    "0.3": [
        null
    ],
    "0.2": [
        null
    ],
    "0.1": [
        null
    ]
}