{
    "inf": [
        0.7799006817607945
    ],
    "2": [
        0.8388258402444347
    ],
    "1.6": [
        0.8977469670710572
    ],
    "1.5": [
        0.9050353356890459
    ],
    "1.4": [
        0.917741935483871
    ],
    "1.3": [
        0.937584803256445
    ],
    "1.2": [
        0.9435665914221218
    ],
    "1.1": [
        0.9494163424124513
    ],
    "0.9": [
        0.9705882352941176
    ],
    "0.8": [
        0.9090909090909091
    ],
    "0.7": [
        1.0
    ],
    "0.6": [
        null
    ],
    "0.5": [
        null
    ],
    "0.4": [
        null
    ],
    "0.3": [
        null
    ],
    "0.2": [
        null
    ],
    "0.1": [
        null
    ]
}