{
    "inf": [
        0.7809106977527144
    ],
    "2": [
        0.8599217029606068
    ],
    "1.6": [
        0.9018887722980063
    ],
    "1.5": [
        0.9166666666666666
    ],
    "1.4": [
        0.9275092936802974
    ],
    "1.3": [
        0.9302325581395349
    ],
    "1.2": [
        0.9256756756756757
    ],
    "1.1": [
        0.9245283018867925
    ],
    "0.9": [
        1.0
    ],
    "0.8": [
        1.0
    ],
    "0.7": [
        null
    ],
    "0.6": [
        null
    ],
    "0.5": [
        null
    ],
    "0.4": [
        null
    ],
    "0.3": [
        null
    ],
    "0.2": [
        null
    ],
    "0.1": [
        null
    ]
}