{
    "inf": [
        0.797912633616699
    ],
    "2": [
        0.8028809054274201
    ],
    "1.6": [
        0.8385309807139926
    ],
    "1.5": [
        0.8507953922106418
    ],
    "1.4": [
        0.8602574510031311
    ],
    "1.3": [
        0.8699987689277361
    ],
    "1.2": [
        0.8793421052631579
    ],
    "1.1": [
        0.889709013484741
    ],
    "0.9": [
        0.9095537077889021
    ],
    "0.8": [
        0.9222915484968803
    ],
    "0.7": [
        0.9469162995594713
    ],
    "0.6": [
        0.9664548919949174
    ],
    "0.5": [
        0.9757048590281944
    ],
    "0.4": [
        0.979090242112986
    ],
    "0.3": [
        0.9798624754420432
    ],
    "0.2": [
        0.9844961240310077
    ],
    "0.1": [
        0.9857594936708861
    ]
}