{
    "inf": [
        0.7940409056476727
    ],
    "2": [
        0.8674312492292514
    ],
    "1.6": [
        0.9025125628140703
    ],
    "1.5": [
        0.9212233549582948
    ],
    "1.4": [
        0.9401993355481728
    ],
    "1.3": [
        0.9437869822485208
    ],
    "1.2": [
        0.936046511627907
    ],
    "1.1": [
        0.94
    ],
    "0.9": [
        1.0
    ],
    "0.8": [
        1.0
    ],
    "0.7": [
        null
    ],
    "0.6": [
        null
    ],
    "0.5": [
        null
    ],
    "0.4": [
        null
    ],
    "0.3": [
        null
    ],
    "0.2": [
        null
    ],
    "0.1": [
        null
    ]
}