{
    "inf": [
        0.7862132817102937
    ],
    "2": [
        0.8478335429290043
    ],
    "1.6": [
        0.9016994335221593
    ],
    "1.5": [
        0.8963414634146342
    ],
    "1.4": [
        0.9144230769230769
    ],
    "1.3": [
        0.9341894060995185
    ],
    "1.2": [
        0.9445843828715366
    ],
    "1.1": [
        0.945
    ],
    "0.9": [
        0.9642857142857143
    ],
    "0.8": [
        1.0
    ],
    "0.7": [
        1.0
    ],
    "0.6": [
        null
    ],
    "0.5": [
        null
    ],
    "0.4": [
        null
    ],
    "0.3": [
        null
    ],
    "0.2": [
        null
    ],
    "0.1": [
        null
    ]
}