{
    "inf": [
        0.7884016496927868
    ],
    "2": [
        0.8590979412114721
    ],
    "1.6": [
        0.8977011494252873
    ],
    "1.5": [
        0.8908382066276803
    ],
    "1.4": [
        0.9041850220264317
    ],
    "1.3": [
        0.9210526315789473
    ],
    "1.2": [
        0.9389312977099237
    ],
    "1.1": [
        0.9387755102040817
    ],
    "0.9": [
        1.0
    ],
    "0.8": [
        1.0
    ],
    "0.7": [
        1.0
    ],
    "0.6": [
        null
    ],
    "0.5": [
        null
    ],
    "0.4": [
        null
    ],
    "0.3": [
        null
    ],
    "0.2": [
        null
    ],
    "0.1": [
        null
    ]
}