{
    "inf": [
        0.7903375136772999
    ],
    "2": [
        0.8346925972396487
    ],
    "1.6": [
        0.8921438082556591
    ],
    "1.5": [
        0.8980176211453744
    ],
    "1.4": [
        0.9054367431074465
    ],
    "1.3": [
        0.9080459770114943
    ],
    "1.2": [
        0.9097909790979097
    ],
    "1.1": [
        0.9112676056338028
    ],
    "0.9": [
        0.9440267335004177
    ],
    "0.8": [
        0.9589189189189189
    ],
    "0.7": [
        0.9708879184861717
    ],
    "0.6": [
        0.973384030418251
    ],
    "0.5": [
        0.9783783783783784
    ],
    "0.4": [
        0.9711934156378601
    ],
    "0.3": [
        0.9637681159420289
    ],
    "0.2": [
        0.9696969696969697
    ],
    "0.1": [
        0.9090909090909091
    ]
}