{
    "inf": [
        0.7857924417136605
    ],
    "2": [
        0.8707983193277311
    ],
    "1.6": [
        0.8685015290519877
    ],
    "1.5": [
        0.9023668639053254
    ],
    "1.4": [
        0.9120879120879121
    ],
    "1.3": [
        0.9375
    ],
    "1.2": [
        0.9
    ],
    "1.1": [
        0.8888888888888888
    ],
    "0.9": [
        1.0
    ],
    "0.8": [
        null
    ],
    "0.7": [
        null
    ],
    "0.6": [
        null
    ],
    "0.5": [
        null
    ],
    "0.4": [
        null
    ],
    "0.3": [
        null
    ],
    "0.2": [
        null
    ],
    "0.1": [
        null
    ]
}