{
    "inf": [
        0.7910950256712398
    ],
    "2": [
        0.8581081081081081
    ],
    "1.6": [
        0.8456221198156681
    ],
    "1.5": [
        0.8805309734513275
    ],
    "1.4": [
        0.9125
    ],
    "1.3": [
        0.8285714285714286
    ],
    "1.2": [
        1.0
    ],
    "1.1": [
        1.0
    ],
    "0.9": [
        null
    ],
    "0.8": [
        null
    ],
    "0.7": [
        null
    ],
    "0.6": [
        null
    ],
    "0.5": [
        null
    ],
    "0.4": [
        null
    ],
    "0.3": [
        null
    ],
    "0.2": [
        null
    ],
    "0.1": [
        null
    ]
}