{
    "inf": [
        0.7985859776113122
    ],
    "2": [
        0.8713842975206612
    ],
    "1.6": [
        0.8863874345549738
    ],
    "1.5": [
        0.9063636363636364
    ],
    "1.4": [
        0.9206349206349206
    ],
    "1.3": [
        0.9342105263157895
    ],
    "1.2": [
        0.943089430894309
    ],
    "1.1": [
        0.8974358974358975
    ],
    "0.9": [
        1.0
    ],
    "0.8": [
        1.0
    ],
    "0.7": [
        null
    ],
    "0.6": [
        null
    ],
    "0.5": [
        null
    ],
    "0.4": [
        null
    ],
    "0.3": [
        null
    ],
    "0.2": [
        null
    ],
    "0.1": [
        null
    ]
}