{
    "inf": [
        0.7832674017338608
    ],
    "2": [
        0.8680565080235907
    ],
    "1.6": [
        0.8449612403100775
    ],
    "1.5": [
        0.8665689149560117
    ],
    "1.4": [
        0.9069148936170213
    ],
    "1.3": [
        0.9158415841584159
    ],
    "1.2": [
        0.9402985074626866
    ],
    "1.1": [
        0.9285714285714286
    ],
    "0.9": [
        1.0
    ],
    "0.8": [
        null
    ],
    "0.7": [
        null
    ],
    "0.6": [
        null
    ],
    "0.5": [
        null
    ],
    "0.4": [
        null
    ],
    "0.3": [
        null
    ],
    "0.2": [
        null
    ],
    "0.1": [
        null
    ]
}