{
    "inf": [
        0.7992593216059254
    ],
    "2": [
        0.8330479452054794
    ],
    "1.6": [
        0.8869252658379512
    ],
    "1.5": [
        0.8951166303070985
    ],
    "1.4": [
        0.9029878971255674
    ],
    "1.3": [
        0.9067180145485665
    ],
    "1.2": [
        0.9116933527413876
    ],
    "1.1": [
        0.9193188163037409
    ],
    "0.9": [
        0.9463785514205683
    ],
    "0.8": [
        0.961480740370185
    ],
    "0.7": [
        0.9697749196141479
    ],
    "0.6": [
        0.9757155247181266
    ],
    "0.5": [
        0.9748571428571429
    ],
    "0.4": [
        0.9769230769230769
    ],
    "0.3": [
        0.9695431472081218
    ],
    "0.2": [
        0.9637305699481865
    ],
    "0.1": [
        0.9545454545454546
    ]
}