{
    "inf": [
        0.7911791936705664
    ],
    "2": [
        0.8033756742648338
    ],
    "1.6": [
        0.8491692909110653
    ],
    "1.5": [
        0.8580147397512667
    ],
    "1.4": [
        0.8664535169699951
    ],
    "1.3": [
        0.8775052742616034
    ],
    "1.2": [
        0.8876195916035985
    ],
    "1.1": [
        0.8953650596806697
    ],
    "0.9": [
        0.9103224575462698
    ],
    "0.8": [
        0.9193791765466696
    ],
    "0.7": [
        0.9485331960885229
    ],
    "0.6": [
        0.9679704342469972
    ],
    "0.5": [
        0.9750661125802795
    ],
    "0.4": [
        0.9772164437840515
    ],
    "0.3": [
        0.9797979797979798
    ],
    "0.2": [
        0.9832214765100671
    ],
    "0.1": [
        0.9887323943661972
    ]
}