{
    "inf": [
        0.7963134416294925
    ],
    "2": [
        0.8664463214591749
    ],
    "1.6": [
        0.8986154533273782
    ],
    "1.5": [
        0.9009819967266776
    ],
    "1.4": [
        0.9122302158273381
    ],
    "1.3": [
        0.9315789473684211
    ],
    "1.2": [
        0.9267015706806283
    ],
    "1.1": [
        0.9354838709677419
    ],
    "0.9": [
        1.0
    ],
    "0.8": [
        1.0
    ],
    "0.7": [
        null
    ],
    "0.6": [
        null
    ],
    "0.5": [
        null
    ],
    "0.4": [
        null
    ],
    "0.3": [
        null
    ],
    "0.2": [
        null
    ],
    "0.1": [
        null
    ]
}