{
    "inf": [
        0.7954717616362259
    ],
    "2": [
        0.864421632448673
    ],
    "1.6": [
        0.8866702644360497
    ],
    "1.5": [
        0.8909952606635071
    ],
    "1.4": [
        0.9018302828618968
    ],
    "1.3": [
        0.9273743016759777
    ],
    "1.2": [
        0.9375
    ],
    "1.1": [
        0.9375
    ],
    "0.9": [
        1.0
    ],
    "0.8": [
        1.0
    ],
    "0.7": [
        null
    ],
    "0.6": [
        null
    ],
    "0.5": [
        null
    ],
    "0.4": [
        null
    ],
    "0.3": [
        null
    ],
    "0.2": [
        null
    ],
    "0.1": [
        null
    ]
}