{
    "inf": [
        0.7884016496927868
    ],
    "2": [
        0.798443579766537
    ],
    "1.6": [
        0.8437701050825649
    ],
    "1.5": [
        0.8524758110415481
    ],
    "1.4": [
        0.8607073643410853
    ],
    "1.3": [
        0.870394395433316
    ],
    "1.2": [
        0.8811188811188811
    ],
    "1.1": [
        0.8908263836239575
    ],
    "0.9": [
        0.9073529411764706
    ],
    "0.8": [
        0.9181406828465652
    ],
    "0.7": [
        0.9451620765293688
    ],
    "0.6": [
        0.9672937771345875
    ],
    "0.5": [
        0.9741890477851413
    ],
    "0.4": [
        0.9780123131046614
    ],
    "0.3": [
        0.9800249687890137
    ],
    "0.2": [
        0.981243830207305
    ],
    "0.1": [
        0.9818913480885312
    ]
}