{
    "inf": [
        0.7856241057150072
    ],
    "2": [
        0.7909565813136936
    ],
    "1.6": [
        0.8334869431643626
    ],
    "1.5": [
        0.8457261229829918
    ],
    "1.4": [
        0.8547324627296892
    ],
    "1.3": [
        0.8653538461538461
    ],
    "1.2": [
        0.8755772529357435
    ],
    "1.1": [
        0.8872716894977168
    ],
    "0.9": [
        0.9047125841532885
    ],
    "0.8": [
        0.9155931551624688
    ],
    "0.7": [
        0.944141689373297
    ],
    "0.6": [
        0.9634015069967707
    ],
    "0.5": [
        0.9721421709894332
    ],
    "0.4": [
        0.9772
    ],
    "0.3": [
        0.9755264655663062
    ],
    "0.2": [
        0.983177570093458
    ],
    "0.1": [
        0.9902912621359223
    ]
}