{
    "inf": [
        0.7081895463344836
    ],
    "2": [
        0.797343616109683
    ],
    "1.6": [
        0.7419651056014692
    ],
    "1.5": [
        0.7955271565495208
    ],
    "1.4": [
        0.6661585365853658
    ],
    "1.3": [
        0.7828418230563002
    ],
    "1.2": [
        0.9105691056910569
    ],
    "1.1": [
        0.865546218487395
    ],
    "0.9": [
        0.9375
    ],
    "0.8": [
        1.0
    ],
    "0.7": [
        1.0
    ],
    "0.6": [
        1.0
    ],
    "0.5": [
        1.0
    ],
    "0.4": [
        1.0
    ],
    "0.3": [
        null
    ],
    "0.2": [
        1.0
    ],
    "0.1": [
        null
    ]
}