{
    "inf": [
        0.7834357377325141
    ],
    "2": [
        0.8696372675382066
    ],
    "1.6": [
        0.8709239130434783
    ],
    "1.5": [
        0.8927789934354485
    ],
    "1.4": [
        0.9061371841155235
    ],
    "1.3": [
        0.9444444444444444
    ],
    "1.2": [
        0.9122807017543859
    ],
    "1.1": [
        0.9565217391304348
    ],
    "0.9": [
        1.0
    ],
    "0.8": [
        1.0
    ],
    "0.7": [
        null
    ],
    "0.6": [
        null
    ],
    "0.5": [
        null
    ],
    "0.4": [
        null
    ],
    "0.3": [
        null
    ],
    "0.2": [
        null
    ],
    "0.1": [
        null
    ]
}