{
    "inf": [
        0.7777123137783015
    ],
    "2": [
        0.856101054824847
    ],
    "1.6": [
        0.8743386243386243
    ],
    "1.5": [
        0.8961352657004831
    ],
    "1.4": [
        0.9282511210762332
    ],
    "1.3": [
        0.9354838709677419
    ],
    "1.2": [
        0.9210526315789473
    ],
    "1.1": [
        0.88
    ],
    "0.9": [
        1.0
    ],
    "0.8": [
        null
    ],
    "0.7": [
        null
    ],
    "0.6": [
        null
    ],
    "0.5": [
        null
    ],
    "0.4": [
        null
    ],
    "0.3": [
        null
    ],
    "0.2": [
        null
    ],
    "0.1": [
        null
    ]
}