{
    "inf": [
        0.7758606177931151
    ],
    "2": [
        0.809850863422292
    ],
    "1.6": [
        0.8787778695293146
    ],
    "1.5": [
        0.8858267716535433
    ],
    "1.4": [
        0.8918103448275863
    ],
    "1.3": [
        0.897040537179806
    ],
    "1.2": [
        0.9015304649148137
    ],
    "1.1": [
        0.9011954992967651
    ],
    "0.9": [
        0.9255447941888619
    ],
    "0.8": [
        0.9373474369406021
    ],
    "0.7": [
        0.9585152838427947
    ],
    "0.6": [
        0.9607558139534884
    ],
    "0.5": [
        0.9626556016597511
    ],
    "0.4": [
        0.9601226993865031
    ],
    "0.3": [
        0.9644670050761421
    ],
    "0.2": [
        0.9659090909090909
    ],
    "0.1": [
        0.9230769230769231
    ]
}