{
    "inf": [
        0.7868024577055803
    ],
    "2": [
        0.8777604976671851
    ],
    "1.6": [
        0.8679245283018868
    ],
    "1.5": [
        0.9012738853503185
    ],
    "1.4": [
        0.9080459770114943
    ],
    "1.3": [
        0.9210526315789473
    ],
    "1.2": [
        0.8846153846153846
    ],
    "1.1": [
        0.875
    ],
    "0.9": [
        1.0
    ],
    "0.8": [
        null
    ],
    "0.7": [
        null
    ],
    "0.6": [
        null
    ],
    "0.5": [
        null
    ],
    "0.4": [
        null
    ],
    "0.3": [
        null
    ],
    "0.2": [
        null
    ],
    "0.1": [
        null
    ]
}