{
    "inf": [
        0.7962292736301658
    ],
    "2": [
        0.7999320074791773
    ],
    "1.6": [
        0.8297104980992299
    ],
    "1.5": [
        0.8376583571720474
    ],
    "1.4": [
        0.8459136427263917
    ],
    "1.3": [
        0.8535730438715513
    ],
    "1.2": [
        0.8630087645575699
    ],
    "1.1": [
        0.8723051409618574
    ],
    "0.9": [
        0.8887577456476837
    ],
    "0.8": [
        0.8990079687754107
    ],
    "0.7": [
        0.9282261063592413
    ],
    "0.6": [
        0.9567847882454624
    ],
    "0.5": [
        0.9660302504339202
    ],
    "0.4": [
        0.9727192725139338
    ],
    "0.3": [
        0.9762996941896025
    ],
    "0.2": [
        0.9770114942528736
    ],
    "0.1": [
        0.9839195979899498
    ]
}