{
    "inf": [
        0.7894116656847067
    ],
    "2": [
        0.8700564971751412
    ],
    "1.6": [
        0.8078668683812406
    ],
    "1.5": [
        0.8011527377521613
    ],
    "1.4": [
        0.8482758620689655
    ],
    "1.3": [
        0.8035714285714286
    ],
    "1.2": [
        0.8235294117647058
    ],
    "1.1": [
        0.75
    ],
    "0.9": [
        null
    ],
    "0.8": [
        null
    ],
    "0.7": [
        null
    ],
    "0.6": [
        null
    ],
    "0.5": [
        null
    ],
    "0.4": [
        null
    ],
    "0.3": [
        null
    ],
    "0.2": [
        null
    ],
    "0.1": [
        null
    ]
}