{
    "inf": [
        0.7932833936537329
    ],
    "2": [
        0.8816347295234865
    ],
    "1.6": [
        0.8681318681318682
    ],
    "1.5": [
        0.8804878048780488
    ],
    "1.4": [
        0.9078947368421053
    ],
    "1.3": [
        0.9514563106796117
    ],
    "1.2": [
        0.9090909090909091
    ],
    "1.1": [
        0.9285714285714286
    ],
    "0.9": [
        1.0
    ],
    "0.8": [
        1.0
    ],
    "0.7": [
        null
    ],
    "0.6": [
        null
    ],
    "0.5": [
        null
    ],
    "0.4": [
        null
    ],
    "0.3": [
        null
    ],
    "0.2": [
        null
    ],
    "0.1": [
        null
    ]
}