{
    "inf": [
        0.7931150576550795
    ],
    "2": [
        0.8200708608637365
    ],
    "1.6": [
        0.8838007159904535
    ],
    "1.5": [
        0.8917662682602921
    ],
    "1.4": [
        0.8978675645342312
    ],
    "1.3": [
        0.904289034439045
    ],
    "1.2": [
        0.9112864658058345
    ],
    "1.1": [
        0.9132806108535587
    ],
    "0.9": [
        0.9272365805168986
    ],
    "0.8": [
        0.9438614900314796
    ],
    "0.7": [
        0.9640921409214093
    ],
    "0.6": [
        0.9734748010610079
    ],
    "0.5": [
        0.9770642201834863
    ],
    "0.4": [
        0.9764890282131662
    ],
    "0.3": [
        0.976303317535545
    ],
    "0.2": [
        0.9758454106280193
    ],
    "0.1": [
        0.9701492537313433
    ]
}