{
    "inf": [
        0.792525881659793
    ],
    "2": [
        0.876994185179663
    ],
    "1.6": [
        0.8971098265895954
    ],
    "1.5": [
        0.9199134199134199
    ],
    "1.4": [
        0.9385245901639344
    ],
    "1.3": [
        0.9509803921568627
    ],
    "1.2": [
        0.9714285714285714
    ],
    "1.1": [
        0.9
    ],
    "0.9": [
        1.0
    ],
    "0.8": [
        null
    ],
    "0.7": [
        null
    ],
    "0.6": [
        null
    ],
    "0.5": [
        null
    ],
    "0.4": [
        null
    ],
    "0.3": [
        null
    ],
    "0.2": [
        null
    ],
    "0.1": [
        null
    ]
}