{
    "inf": [
        0.780994865752041
    ],
    "2": [
        0.8473909131803868
    ],
    "1.6": [
        0.9030520646319569
    ],
    "1.5": [
        0.9102005231037489
    ],
    "1.4": [
        0.9151234567901234
    ],
    "1.3": [
        0.9326424870466321
    ],
    "1.2": [
        0.9452954048140044
    ],
    "1.1": [
        0.95
    ],
    "0.9": [
        0.918918918918919
    ],
    "0.8": [
        0.9166666666666666
    ],
    "0.7": [
        1.0
    ],
    "0.6": [
        null
    ],
    "0.5": [
        null
    ],
    "0.4": [
        null
    ],
    "0.3": [
        null
    ],
    "0.2": [
        null
    ],
    "0.1": [
        null
    ]
}