{
    "inf": [
        0.7922733776618129
    ],
    "2": [
        0.8747218222280403
    ],
    "1.6": [
        0.8795843520782396
    ],
    "1.5": [
        0.8959913326110509
    ],
    "1.4": [
        0.9043321299638989
    ],
    "1.3": [
        0.9125
    ],
    "1.2": [
        0.9364161849710982
    ],
    "1.1": [
        0.9253731343283582
    ],
    "0.9": [
        1.0
    ],
    "0.8": [
        1.0
    ],
    "0.7": [
        null
    ],
    "0.6": [
        null
    ],
    "0.5": [
        null
    ],
    "0.4": [
        null
    ],
    "0.3": [
        null
    ],
    "0.2": [
        null
    ],
    "0.1": [
        null
    ]
}