{
    "inf": [
        0.7837724097298208
    ],
    "2": [
        0.7961266684114107
    ],
    "1.6": [
        0.8480132450331126
    ],
    "1.5": [
        0.8605831660960925
    ],
    "1.4": [
        0.8707233935109203
    ],
    "1.3": [
        0.8782348134023427
    ],
    "1.2": [
        0.8876304023845007
    ],
    "1.1": [
        0.895114006514658
    ],
    "0.9": [
        0.9094575519257915
    ],
    "0.8": [
        0.9219443795279271
    ],
    "0.7": [
        0.9545454545454546
    ],
    "0.6": [
        0.9710599721059973
    ],
    "0.5": [
        0.9735269000853971
    ],
    "0.4": [
        0.9776470588235294
    ],
    "0.3": [
        0.9801724137931035
    ],
    "0.2": [
        0.9818181818181818
    ],
    "0.1": [
        0.9892086330935251
    ]
}