{
    "inf": [
        0.7873074657015403
    ],
    "2": [
        0.7910676307954062
    ],
    "1.6": [
        0.8275081224771094
    ],
    "1.5": [
        0.8377362430823849
    ],
    "1.4": [
        0.851514815225835
    ],
    "1.3": [
        0.8593969144460029
    ],
    "1.2": [
        0.8717852684144819
    ],
    "1.1": [
        0.8826127693749164
    ],
    "0.9": [
        0.9011563440519563
    ],
    "0.8": [
        0.910015786704087
    ],
    "0.7": [
        0.9390342052313884
    ],
    "0.6": [
        0.961026837806301
    ],
    "0.5": [
        0.9733081693178754
    ],
    "0.4": [
        0.9766688269604666
    ],
    "0.3": [
        0.9797211660329531
    ],
    "0.2": [
        0.9811932555123216
    ],
    "0.1": [
        0.9847133757961783
    ]
}