{
    "inf": [
        0.7894116656847067
    ],
    "2": [
        0.7964396284829721
    ],
    "1.6": [
        0.8407544836116265
    ],
    "1.5": [
        0.8523725834797891
    ],
    "1.4": [
        0.8635039048840191
    ],
    "1.3": [
        0.8741154562383613
    ],
    "1.2": [
        0.8822355289421158
    ],
    "1.1": [
        0.8938065814053744
    ],
    "0.9": [
        0.9073212747631352
    ],
    "0.8": [
        0.9166666666666666
    ],
    "0.7": [
        0.9456132497761862
    ],
    "0.6": [
        0.9664570230607966
    ],
    "0.5": [
        0.9757387247278383
    ],
    "0.4": [
        0.979023646071701
    ],
    "0.3": [
        0.9789915966386554
    ],
    "0.2": [
        0.9827160493827161
    ],
    "0.1": [
        0.9875444839857651
    ]
}