{
    "inf": [
        0.7926100496591196
    ],
    "2": [
        0.8660576580851821
    ],
    "1.6": [
        0.8952380952380953
    ],
    "1.5": [
        0.9067164179104478
    ],
    "1.4": [
        0.9108391608391608
    ],
    "1.3": [
        0.917981072555205
    ],
    "1.2": [
        0.9554140127388535
    ],
    "1.1": [
        0.9193548387096774
    ],
    "0.9": [
        1.0
    ],
    "0.8": [
        1.0
    ],
    "0.7": [
        null
    ],
    "0.6": [
        null
    ],
    "0.5": [
        null
    ],
    "0.4": [
        null
    ],
    "0.3": [
        null
    ],
    "0.2": [
        null
    ],
    "0.1": [
        null
    ]
}