{
    "inf": [
        0.7836882417304941
    ],
    "2": [
        0.8743811881188119
    ],
    "1.6": [
        0.8711656441717791
    ],
    "1.5": [
        0.9003831417624522
    ],
    "1.4": [
        0.9090909090909091
    ],
    "1.3": [
        0.8947368421052632
    ],
    "1.2": [
        1.0
    ],
    "1.1": [
        1.0
    ],
    "0.9": [
        1.0
    ],
    "0.8": [
        null
    ],
    "0.7": [
        null
    ],
    "0.6": [
        null
    ],
    "0.5": [
        null
    ],
    "0.4": [
        null
    ],
    "0.3": [
        null
    ],
    "0.2": [
        null
    ],
    "0.1": [
        null
    ]
}