{
    "inf": [
        0.7923575456611396
    ],
    "2": [
        0.8143295988435129
    ],
    "1.6": [
        0.8774522626209783
    ],
    "1.5": [
        0.8830627783364459
    ],
    "1.4": [
        0.8921537484116899
    ],
    "1.3": [
        0.8981071997169644
    ],
    "1.2": [
        0.9043942992874109
    ],
    "1.1": [
        0.9087664510372518
    ],
    "0.9": [
        0.9155672823218998
    ],
    "0.8": [
        0.930126404494382
    ],
    "0.7": [
        0.9640690620625292
    ],
    "0.6": [
        0.9719101123595506
    ],
    "0.5": [
        0.975107296137339
    ],
    "0.4": [
        0.9822064056939501
    ],
    "0.3": [
        0.9810671256454389
    ],
    "0.2": [
        0.9855595667870036
    ],
    "0.1": [
        0.9809523809523809
    ]
}