{
    "inf": [
        0.794461745644306
    ],
    "2": [
        0.864663585002568
    ],
    "1.6": [
        0.8805284319356692
    ],
    "1.5": [
        0.8874755381604696
    ],
    "1.4": [
        0.8842281879194631
    ],
    "1.3": [
        0.9159420289855073
    ],
    "1.2": [
        0.9095477386934674
    ],
    "1.1": [
        0.918918918918919
    ],
    "0.9": [
        0.9
    ],
    "0.8": [
        1.0
    ],
    "0.7": [
        1.0
    ],
    "0.6": [
        null
    ],
    "0.5": [
        null
    ],
    "0.4": [
        null
    ],
    "0.3": [
        null
    ],
    "0.2": [
        null
    ],
    "0.1": [
        null
    ]
}