{
    "inf": [
        0.7887383216900934
    ],
    "2": [
        0.8741362290227048
    ],
    "1.6": [
        0.8387776606954689
    ],
    "1.5": [
        0.8489583333333334
    ],
    "1.4": [
        0.8952380952380953
    ],
    "1.3": [
        0.90625
    ],
    "1.2": [
        0.9298245614035088
    ],
    "1.1": [
        0.8695652173913043
    ],
    "0.9": [
        1.0
    ],
    "0.8": [
        null
    ],
    "0.7": [
        null
    ],
    "0.6": [
        null
    ],
    "0.5": [
        null
    ],
    "0.4": [
        null
    ],
    "0.3": [
        null
    ],
    "0.2": [
        null
    ],
    "0.1": [
        null
    ]
}