{
    "inf": [
        0.8065819375473445
    ],
    "2": [
        0.8552055993000874
    ],
    "1.6": [
        0.8957466481738326
    ],
    "1.5": [
        0.8978388998035364
    ],
    "1.4": [
        0.8998985458234697
    ],
    "1.3": [
        0.9005775577557755
    ],
    "1.2": [
        0.9082228116710875
    ],
    "1.1": [
        0.913768115942029
    ],
    "0.9": [
        0.9311224489795918
    ],
    "0.8": [
        0.9413735343383585
    ],
    "0.7": [
        0.9453302961275627
    ],
    "0.6": [
        0.9532710280373832
    ],
    "0.5": [
        0.9434782608695652
    ],
    "0.4": [
        0.9384615384615385
    ],
    "0.3": [
        0.9382716049382716
    ],
    "0.2": [
        0.8947368421052632
    ],
    "0.1": [
        0.875
    ]
}