{
    "inf": [
        0.7906741856746066
    ],
    "2": [
        0.8782625261954659
    ],
    "1.6": [
        0.8555900621118012
    ],
    "1.5": [
        0.8763736263736264
    ],
    "1.4": [
        0.9020618556701031
    ],
    "1.3": [
        0.9135802469135802
    ],
    "1.2": [
        0.9117647058823529
    ],
    "1.1": [
        0.9166666666666666
    ],
    "0.9": [
        1.0
    ],
    "0.8": [
        null
    ],
    "0.7": [
        null
    ],
    "0.6": [
        null
    ],
    "0.5": [
        null
    ],
    "0.4": [
        null
    ],
    "0.3": [
        null
    ],
    "0.2": [
        null
    ],
    "0.1": [
        null
    ]
}