{
    "inf": [
        0.794714249642286
    ],
    "2": [
        0.7996416076457036
    ],
    "1.6": [
        0.8374669648302501
    ],
    "1.5": [
        0.8487630981959599
    ],
    "1.4": [
        0.8577305450805622
    ],
    "1.3": [
        0.8654992095342332
    ],
    "1.2": [
        0.876592977893368
    ],
    "1.1": [
        0.8875123187385612
    ],
    "0.9": [
        0.9042642845103658
    ],
    "0.8": [
        0.9144364869958538
    ],
    "0.7": [
        0.942838078291815
    ],
    "0.6": [
        0.966553436111837
    ],
    "0.5": [
        0.9756554307116105
    ],
    "0.4": [
        0.9800460475825019
    ],
    "0.3": [
        0.9783900594273366
    ],
    "0.2": [
        0.982066609735269
    ],
    "0.1": [
        0.9849056603773585
    ]
}