{
    "inf": [
        0.7878966416968268
    ],
    "2": [
        0.7918617519366646
    ],
    "1.6": [
        0.8239170462254094
    ],
    "1.5": [
        0.8337395896810887
    ],
    "1.4": [
        0.844327460249248
    ],
    "1.3": [
        0.852353538774128
    ],
    "1.2": [
        0.8597952868364676
    ],
    "1.1": [
        0.8694609266506754
    ],
    "0.9": [
        0.8908155767817781
    ],
    "0.8": [
        0.9002425222312045
    ],
    "0.7": [
        0.926405325443787
    ],
    "0.6": [
        0.9605433376455369
    ],
    "0.5": [
        0.9688735177865613
    ],
    "0.4": [
        0.9747752971875906
    ],
    "0.3": [
        0.9794668587896254
    ],
    "0.2": [
        0.9796246648793566
    ],
    "0.1": [
        0.9819277108433735
    ]
}