{
    "inf": [
        0.7846140897230873
    ],
    "2": [
        0.7880254777070064
    ],
    "1.6": [
        0.8185181671568162
    ],
    "1.5": [
        0.828591325109431
    ],
    "1.4": [
        0.8408329845123482
    ],
    "1.3": [
        0.8489041399158733
    ],
    "1.2": [
        0.8590163934426229
    ],
    "1.1": [
        0.8704534130543099
    ],
    "0.9": [
        0.8939724037763254
    ],
    "0.8": [
        0.9055725068251165
    ],
    "0.7": [
        0.9323405037690752
    ],
    "0.6": [
        0.9621404399323181
    ],
    "0.5": [
        0.9695937728046704
    ],
    "0.4": [
        0.975561238988349
    ],
    "0.3": [
        0.9794964028776978
    ],
    "0.2": [
        0.982124079915878
    ],
    "0.1": [
        0.9852941176470589
    ]
}