{
    "inf": [
        0.792020873663833
    ],
    "2": [
        0.8384762715471377
    ],
    "1.6": [
        0.8863190905527244
    ],
    "1.5": [
        0.8888888888888888
    ],
    "1.4": [
        0.8936797000535619
    ],
    "1.3": [
        0.8967661691542289
    ],
    "1.2": [
        0.9000745712155108
    ],
    "1.1": [
        0.9051803885291397
    ],
    "0.9": [
        0.9214527027027027
    ],
    "0.8": [
        0.9371362048894063
    ],
    "0.7": [
        0.9493670886075949
    ],
    "0.6": [
        0.9601769911504425
    ],
    "0.5": [
        0.9629629629629629
    ],
    "0.4": [
        0.9720930232558139
    ],
    "0.3": [
        0.952755905511811
    ],
    "0.2": [
        0.9295774647887324
    ],
    "0.1": [
        0.92
    ]
}