{
    "inf": [
        0.794461745644306
    ],
    "2": [
        0.8212402952170996
    ],
    "1.6": [
        0.8822438572090867
    ],
    "1.5": [
        0.8886177444657487
    ],
    "1.4": [
        0.8965244865718799
    ],
    "1.3": [
        0.8990721882778909
    ],
    "1.2": [
        0.9022419186652764
    ],
    "1.1": [
        0.9069205197944998
    ],
    "0.9": [
        0.9266792809839167
    ],
    "0.8": [
        0.940278699402787
    ],
    "0.7": [
        0.9648648648648649
    ],
    "0.6": [
        0.9735894357743097
    ],
    "0.5": [
        0.9774557165861514
    ],
    "0.4": [
        0.9777227722772277
    ],
    "0.3": [
        0.9829059829059829
    ],
    "0.2": [
        0.9752066115702479
    ],
    "0.1": [
        1.0
    ]
}