{
    "inf": [
        0.8075919535392644
    ],
    "2": [
        0.8603819948620575
    ],
    "1.6": [
        0.9010608356787183
    ],
    "1.5": [
        0.9021571648690293
    ],
    "1.4": [
        0.9041137326073805
    ],
    "1.3": [
        0.9071117561683599
    ],
    "1.2": [
        0.9073236889692586
    ],
    "1.1": [
        0.9128329297820823
    ],
    "0.9": [
        0.9427942794279428
    ],
    "0.8": [
        0.9525801952580195
    ],
    "0.7": [
        0.9621621621621622
    ],
    "0.6": [
        0.9656862745098039
    ],
    "0.5": [
        0.9563758389261745
    ],
    "0.4": [
        0.9637305699481865
    ],
    "0.3": [
        0.9495798319327731
    ],
    "0.2": [
        0.9107142857142857
    ],
    "0.1": [
        0.8928571428571429
    ]
}