{
    "inf": [
        0.8021210335830318
    ],
    "2": [
        0.8046941196407389
    ],
    "1.6": [
        0.831428035982009
    ],
    "1.5": [
        0.8399726615895333
    ],
    "1.4": [
        0.8486027228989661
    ],
    "1.3": [
        0.8578193951135508
    ],
    "1.2": [
        0.8650694993784609
    ],
    "1.1": [
        0.8727099690697121
    ],
    "0.9": [
        0.894263523640823
    ],
    "0.8": [
        0.9032162442567067
    ],
    "0.7": [
        0.93104608139926
    ],
    "0.6": [
        0.9583895203236371
    ],
    "0.5": [
        0.9670449585333916
    ],
    "0.4": [
        0.9731032732808932
    ],
    "0.3": [
        0.97796817625459
    ],
    "0.2": [
        0.9814094249891915
    ],
    "0.1": [
        0.984313725490196
    ]
}