{
    "inf": [
        0.7936200656510395
    ],
    "2": [
        0.8452986022871665
    ],
    "1.6": [
        0.8981517892253245
    ],
    "1.5": [
        0.8991907514450868
    ],
    "1.4": [
        0.9030681509638881
    ],
    "1.3": [
        0.9047921294827039
    ],
    "1.2": [
        0.9055793991416309
    ],
    "1.1": [
        0.9059356136820925
    ],
    "0.9": [
        0.9225352112676056
    ],
    "0.8": [
        0.944640753828033
    ],
    "0.7": [
        0.9592476489028213
    ],
    "0.6": [
        0.9717391304347827
    ],
    "0.5": [
        0.9723076923076923
    ],
    "0.4": [
        0.9587155963302753
    ],
    "0.3": [
        0.9618320610687023
    ],
    "0.2": [
        0.9696969696969697
    ],
    "0.1": [
        0.92
    ]
}