{
    "inf": [
        0.7851190977190472
    ],
    "2": [
        0.851073817627039
    ],
    "1.6": [
        0.8920754716981132
    ],
    "1.5": [
        0.88875
    ],
    "1.4": [
        0.9097664543524416
    ],
    "1.3": [
        0.9237918215613383
    ],
    "1.2": [
        0.9290123456790124
    ],
    "1.1": [
        0.9411764705882353
    ],
    "0.9": [
        0.9545454545454546
    ],
    "0.8": [
        1.0
    ],
    "0.7": [
        1.0
    ],
    "0.6": [
        null
    ],
    "0.5": [
        null
    ],
    "0.4": [
        null
    ],
    "0.3": [
        null
    ],
    "0.2": [
        null
    ],
    "0.1": [
        null
    ]
}