{
    "inf": [
        0.7913475296692197
    ],
    "2": [
        0.8728016979987872
    ],
    "1.6": [
        0.8789868667917449
    ],
    "1.5": [
        0.8775862068965518
    ],
    "1.4": [
        0.9084967320261438
    ],
    "1.3": [
        0.9338235294117647
    ],
    "1.2": [
        0.8983050847457628
    ],
    "1.1": [
        0.8095238095238095
    ],
    "0.9": [
        1.0
    ],
    "0.8": [
        null
    ],
    "0.7": [
        null
    ],
    "0.6": [
        null
    ],
    "0.5": [
        null
    ],
    "0.4": [
        null
    ],
    "0.3": [
        null
    ],
    "0.2": [
        null
    ],
    "0.1": [
        null
    ]
}