{
    "inf": [
        0.7815840417473277
    ],
    "2": [
        0.8357351825766606
    ],
    "1.6": [
        0.9012987012987013
    ],
    "1.5": [
        0.9139882299683114
    ],
    "1.4": [
        0.9296116504854369
    ],
    "1.3": [
        0.953551912568306
    ],
    "1.2": [
        0.9443155452436195
    ],
    "1.1": [
        0.944206008583691
    ],
    "0.9": [
        0.967741935483871
    ],
    "0.8": [
        1.0
    ],
    "0.7": [
        1.0
    ],
    "0.6": [
        null
    ],
    "0.5": [
        null
    ],
    "0.4": [
        null
    ],
    "0.3": [
        null
    ],
    "0.2": [
        null
    ],
    "0.1": [
        null
    ]
}