{
    "inf": [
        0.8059927615520579
    ],
    "2": [
        0.8348457350272233
    ],
    "1.6": [
        0.8861111111111111
    ],
    "1.5": [
        0.894636678200692
    ],
    "1.4": [
        0.9030421982335624
    ],
    "1.3": [
        0.9094952190349122
    ],
    "1.2": [
        0.9148016276703967
    ],
    "1.1": [
        0.9196245233206218
    ],
    "0.9": [
        0.9448391140827413
    ],
    "0.8": [
        0.9551351351351351
    ],
    "0.7": [
        0.963130173062453
    ],
    "0.6": [
        0.9679358717434869
    ],
    "0.5": [
        0.9659239842726082
    ],
    "0.4": [
        0.9698681732580038
    ],
    "0.3": [
        0.962536023054755
    ],
    "0.2": [
        0.9593023255813954
    ],
    "0.1": [
        0.9365079365079365
    ]
}