{
    "inf": [
        0.7921050416631596
    ],
    "2": [
        0.8104503516945282
    ],
    "1.6": [
        0.8649289099526066
    ],
    "1.5": [
        0.8740054968899176
    ],
    "1.4": [
        0.8817170111287759
    ],
    "1.3": [
        0.8862758862758863
    ],
    "1.2": [
        0.8939542163960086
    ],
    "1.1": [
        0.898506151142355
    ],
    "0.9": [
        0.9155089311029203
    ],
    "0.8": [
        0.935723951285521
    ],
    "0.7": [
        0.9623360135421075
    ],
    "0.6": [
        0.9728997289972899
    ],
    "0.5": [
        0.9755011135857461
    ],
    "0.4": [
        0.9782608695652174
    ],
    "0.3": [
        0.9771241830065359
    ],
    "0.2": [
        0.9700598802395209
    ],
    "0.1": [
        0.9743589743589743
    ]
}