{
    "inf": [
        0.7982493056140055
    ],
    "2": [
        0.8786151572725354
    ],
    "1.6": [
        0.8598574821852731
    ],
    "1.5": [
        0.8899082568807339
    ],
    "1.4": [
        0.8860759493670886
    ],
    "1.3": [
        0.8888888888888888
    ],
    "1.2": [
        0.9230769230769231
    ],
    "1.1": [
        1.0
    ],
    "0.9": [
        null
    ],
    "0.8": [
        null
    ],
    "0.7": [
        null
    ],
    "0.6": [
        null
    ],
    "0.5": [
        null
    ],
    "0.4": [
        null
    ],
    "0.3": [
        null
    ],
    "0.2": [
        null
    ],
    "0.1": [
        null
    ]
}