{
    "inf": [
        0.7863816177089471
    ],
    "2": [
        0.8630259623992838
    ],
    "1.6": [
        0.9006243496357961
    ],
    "1.5": [
        0.9126034958601656
    ],
    "1.4": [
        0.9429892141756548
    ],
    "1.3": [
        0.9414634146341463
    ],
    "1.2": [
        0.9473684210526315
    ],
    "1.1": [
        0.9576271186440678
    ],
    "0.9": [
        0.9285714285714286
    ],
    "0.8": [
        1.0
    ],
    "0.7": [
        1.0
    ],
    "0.6": [
        null
    ],
    "0.5": [
        null
    ],
    "0.4": [
        null
    ],
    "0.3": [
        null
    ],
    "0.2": [
        null
    ],
    "0.1": [
        null
    ]
}