{
    "inf": [
        0.7963134416294925
    ],
    "2": [
        0.8806349206349207
    ],
    "1.6": [
        0.8999073215940686
    ],
    "1.5": [
        0.9107413010590015
    ],
    "1.4": [
        0.9202898550724637
    ],
    "1.3": [
        0.9431818181818182
    ],
    "1.2": [
        0.935064935064935
    ],
    "1.1": [
        0.9538461538461539
    ],
    "0.9": [
        0.9
    ],
    "0.8": [
        1.0
    ],
    "0.7": [
        1.0
    ],
    "0.6": [
        null
    ],
    "0.5": [
        null
    ],
    "0.4": [
        null
    ],
    "0.3": [
        null
    ],
    "0.2": [
        null
    ],
    "0.1": [
        null
    ]
}