{
    "inf": [
        0.7921050416631596
    ],
    "2": [
        0.8778139810426541
    ],
    "1.6": [
        0.8672787979966611
    ],
    "1.5": [
        0.884393063583815
    ],
    "1.4": [
        0.9168831168831169
    ],
    "1.3": [
        0.9107142857142857
    ],
    "1.2": [
        0.9393939393939394
    ],
    "1.1": [
        0.9130434782608695
    ],
    "0.9": [
        1.0
    ],
    "0.8": [
        1.0
    ],
    "0.7": [
        1.0
    ],
    "0.6": [
        null
    ],
    "0.5": [
        null
    ],
    "0.4": [
        null
    ],
    "0.3": [
        null
    ],
    "0.2": [
        null
    ],
    "0.1": [
        null
    ]
}