{
    "inf": [
        0.7985018096119855
    ],
    "2": [
        0.8465346534653465
    ],
    "1.6": [
        0.8953061224489796
    ],
    "1.5": [
        0.8985231062410671
    ],
    "1.4": [
        0.9048678720445062
    ],
    "1.3": [
        0.907037643207856
    ],
    "1.2": [
        0.908086785009862
    ],
    "1.1": [
        0.9110552763819095
    ],
    "0.9": [
        0.9447513812154696
    ],
    "0.8": [
        0.956949569495695
    ],
    "0.7": [
        0.9724025974025974
    ],
    "0.6": [
        0.9699570815450643
    ],
    "0.5": [
        0.9640718562874252
    ],
    "0.4": [
        0.9647577092511013
    ],
    "0.3": [
        0.9777777777777777
    ],
    "0.2": [
        0.9523809523809523
    ],
    "0.1": [
        0.9259259259259259
    ]
}