{
    "inf": [
        0.7841090817271273
    ],
    "2": [
        0.8736633663366337
    ],
    "1.6": [
        0.9070294784580499
    ],
    "1.5": [
        0.9365079365079365
    ],
    "1.4": [
        0.9261744966442953
    ],
    "1.3": [
        0.9821428571428571
    ],
    "1.2": [
        0.9629629629629629
    ],
    "1.1": [
        0.8888888888888888
    ],
    "0.9": [
        1.0
    ],
    "0.8": [
        null
    ],
    "0.7": [
        null
    ],
    "0.6": [
        null
    ],
    "0.5": [
        null
    ],
    "0.4": [
        null
    ],
    "0.3": [
        null
    ],
    "0.2": [
        null
    ],
    "0.1": [
        null
    ]
}