{
    "inf": [
        0.7835199057318407
    ],
    "2": [
        0.7928927895370849
    ],
    "1.6": [
        0.8351328903654485
    ],
    "1.5": [
        0.8461283552413564
    ],
    "1.4": [
        0.8563070442312193
    ],
    "1.3": [
        0.8673826173826173
    ],
    "1.2": [
        0.8781208053691275
    ],
    "1.1": [
        0.8871995366348103
    ],
    "0.9": [
        0.9046617595513494
    ],
    "0.8": [
        0.9163229228049499
    ],
    "0.7": [
        0.9447015270708006
    ],
    "0.6": [
        0.9657329344574381
    ],
    "0.5": [
        0.9736927573887626
    ],
    "0.4": [
        0.9776058631921825
    ],
    "0.3": [
        0.9811209439528024
    ],
    "0.2": [
        0.982695810564663
    ],
    "0.1": [
        0.9868131868131869
    ]
}