{
    "inf": [
        0.6151839070785288
    ],
    "2": [
        0.7743830787309048
    ],
    "1.6": [
        0.9116629990569003
    ],
    "1.5": [
        0.9005795809184128
    ],
    "1.4": [
        0.9226044226044227
    ],
    "1.3": [
        0.9585454545454546
    ],
    "1.2": [
        0.9560693641618497
    ],
    "1.1": [
        0.9548022598870056
    ],
    "0.9": [
        0.9793510324483776
    ],
    "0.8": [
        0.9859154929577465
    ],
    "0.7": [
        0.992
    ],
    "0.6": [
        0.9803921568627451
    ],
    "0.5": [
        0.9411764705882353
    ],
    "0.4": [
        1.0
    ],
    "0.3": [
        0.96
    ],
    "0.2": [
        null
    ],
    "0.1": [
        null
    ]
}