{
    "inf": [
        0.7832674017338608
    ],
    "2": [
        0.852910052910053
    ],
    "1.6": [
        0.9013184178985217
    ],
    "1.5": [
        0.902706656912948
    ],
    "1.4": [
        0.9123252858958069
    ],
    "1.3": [
        0.9225512528473804
    ],
    "1.2": [
        0.9343629343629344
    ],
    "1.1": [
        0.9444444444444444
    ],
    "0.9": [
        0.9
    ],
    "0.8": [
        1.0
    ],
    "0.7": [
        null
    ],
    "0.6": [
        null
    ],
    "0.5": [
        null
    ],
    "0.4": [
        null
    ],
    "0.3": [
        null
    ],
    "0.2": [
        null
    ],
    "0.1": [
        null
    ]
}