{
    "inf": [
        0.7908425216732599
    ],
    "2": [
        0.8561872909698997
    ],
    "1.6": [
        0.8965776607747273
    ],
    "1.5": [
        0.8948387096774194
    ],
    "1.4": [
        0.9119565217391304
    ],
    "1.3": [
        0.9405405405405406
    ],
    "1.2": [
        0.9447513812154696
    ],
    "1.1": [
        0.9390862944162437
    ],
    "0.9": [
        0.967741935483871
    ],
    "0.8": [
        1.0
    ],
    "0.7": [
        1.0
    ],
    "0.6": [
        null
    ],
    "0.5": [
        null
    ],
    "0.4": [
        null
    ],
    "0.3": [
        null
    ],
    "0.2": [
        null
    ],
    "0.1": [
        null
    ]
}