{
    "inf": [
        0.7992593216059254
    ],
    "2": [
        0.8043959788720395
    ],
    "1.6": [
        0.8397379485675174
    ],
    "1.5": [
        0.8516687268232386
    ],
    "1.4": [
        0.8613472858077175
    ],
    "1.3": [
        0.8695451928612551
    ],
    "1.2": [
        0.8776873557633912
    ],
    "1.1": [
        0.887331256490135
    ],
    "0.9": [
        0.9069270674397315
    ],
    "0.8": [
        0.9162735849056604
    ],
    "0.7": [
        0.9471830985915493
    ],
    "0.6": [
        0.9651396648044692
    ],
    "0.5": [
        0.9711191335740073
    ],
    "0.4": [
        0.9786650411459921
    ],
    "0.3": [
        0.9804297774366846
    ],
    "0.2": [
        0.98
    ],
    "0.1": [
        0.9848484848484849
    ]
}