{
    "inf": [
        0.7902533456779732
    ],
    "2": [
        0.7952547580438679
    ],
    "1.6": [
        0.8322045891034064
    ],
    "1.5": [
        0.8450220169691762
    ],
    "1.4": [
        0.8552691605839416
    ],
    "1.3": [
        0.864760058167717
    ],
    "1.2": [
        0.8776922072836444
    ],
    "1.1": [
        0.8895004233700254
    ],
    "0.9": [
        0.9073444406664399
    ],
    "0.8": [
        0.9190883190883191
    ],
    "0.7": [
        0.9469578783151326
    ],
    "0.6": [
        0.9651342975206612
    ],
    "0.5": [
        0.9758812615955473
    ],
    "0.4": [
        0.9781591263650546
    ],
    "0.3": [
        0.9782253674469243
    ],
    "0.2": [
        0.9827288428324698
    ],
    "0.1": [
        0.9841269841269841
    ]
}