{
    "inf": [
        0.7823415537412676
    ],
    "2": [
        0.8505773941444068
    ],
    "1.6": [
        0.9013067400275103
    ],
    "1.5": [
        0.9048152295632699
    ],
    "1.4": [
        0.9173789173789174
    ],
    "1.3": [
        0.9332220367278798
    ],
    "1.2": [
        0.9292035398230089
    ],
    "1.1": [
        0.9515151515151515
    ],
    "0.9": [
        0.8461538461538461
    ],
    "0.8": [
        1.0
    ],
    "0.7": [
        1.0
    ],
    "0.6": [
        null
    ],
    "0.5": [
        null
    ],
    "0.4": [
        null
    ],
    "0.3": [
        null
    ],
    "0.2": [
        null
    ],
    "0.1": [
        null
    ]
}