{
    "inf": [
        0.778301489773588
    ],
    "2": [
        0.8303520565113365
    ],
    "1.6": [
        0.8801115241635687
    ],
    "1.5": [
        0.8826923076923077
    ],
    "1.4": [
        0.8876882776686313
    ],
    "1.3": [
        0.8963391136801542
    ],
    "1.2": [
        0.9107485604606526
    ],
    "1.1": [
        0.9217447081462476
    ],
    "0.9": [
        0.9469613259668508
    ],
    "0.8": [
        0.9544159544159544
    ],
    "0.7": [
        0.9663120567375887
    ],
    "0.6": [
        0.9678217821782178
    ],
    "0.5": [
        0.973384030418251
    ],
    "0.4": [
        0.9644970414201184
    ],
    "0.3": [
        0.9523809523809523
    ],
    "0.2": [
        0.9245283018867925
    ],
    "0.1": [
        0.9130434782608695
    ]
}