{
    "inf": [
        0.7862132817102937
    ],
    "2": [
        0.7898230088495575
    ],
    "1.6": [
        0.8258885220431151
    ],
    "1.5": [
        0.8389474761953517
    ],
    "1.4": [
        0.8491942508710801
    ],
    "1.3": [
        0.861671469740634
    ],
    "1.2": [
        0.8735236220472441
    ],
    "1.1": [
        0.885593778832213
    ],
    "0.9": [
        0.9060591827148896
    ],
    "0.8": [
        0.9164632019532613
    ],
    "0.7": [
        0.9477627050010123
    ],
    "0.6": [
        0.9679682020107552
    ],
    "0.5": [
        0.9755292823755842
    ],
    "0.4": [
        0.9794197031039136
    ],
    "0.3": [
        0.9801236749116607
    ],
    "0.2": [
        0.9819754866618601
    ],
    "0.1": [
        0.9851632047477745
    ]
}