{
    "inf": [
        0.792525881659793
    ],
    "2": [
        0.8038875390489414
    ],
    "1.6": [
        0.8517245084345116
    ],
    "1.5": [
        0.8624399176012818
    ],
    "1.4": [
        0.8734099804305284
    ],
    "1.3": [
        0.8830829523187459
    ],
    "1.2": [
        0.8926657263751763
    ],
    "1.1": [
        0.899203431372549
    ],
    "0.9": [
        0.9131714495952906
    ],
    "0.8": [
        0.923204305526806
    ],
    "0.7": [
        0.9486928903005131
    ],
    "0.6": [
        0.9668874172185431
    ],
    "0.5": [
        0.9747440273037543
    ],
    "0.4": [
        0.9768339768339769
    ],
    "0.3": [
        0.9794188861985472
    ],
    "0.2": [
        0.9830667920978363
    ],
    "0.1": [
        0.9806451612903225
    ]
}