{
    "inf": [
        0.7846140897230873
    ],
    "2": [
        0.8717281272595806
    ],
    "1.6": [
        0.8687315634218289
    ],
    "1.5": [
        0.8908554572271387
    ],
    "1.4": [
        0.9021739130434783
    ],
    "1.3": [
        0.9493670886075949
    ],
    "1.2": [
        0.9032258064516129
    ],
    "1.1": [
        0.8571428571428571
    ],
    "0.9": [
        1.0
    ],
    "0.8": [
        null
    ],
    "0.7": [
        null
    ],
    "0.6": [
        null
    ],
    "0.5": [
        null
    ],
    "0.4": [
        null
    ],
    "0.3": [
        null
    ],
    "0.2": [
        null
    ],
    "0.1": [
        null
    ]
}