{
    "inf": [
        0.7995118256039054
    ],
    "2": [
        0.8609031936127745
    ],
    "1.6": [
        0.9128081779915814
    ],
    "1.5": [
        0.9182530795072789
    ],
    "1.4": [
        0.9262253663466398
    ],
    "1.3": [
        0.9291228070175439
    ],
    "1.2": [
        0.9420423183072677
    ],
    "1.1": [
        0.9467312348668281
    ],
    "0.9": [
        0.9557344064386318
    ],
    "0.8": [
        0.9584415584415584
    ],
    "0.7": [
        0.9522184300341296
    ],
    "0.6": [
        0.954954954954955
    ],
    "0.5": [
        0.9533333333333334
    ],
    "0.4": [
        0.9456521739130435
    ],
    "0.3": [
        0.9245283018867925
    ],
    "0.2": [
        0.88
    ],
    "0.1": [
        0.7777777777777778
    ]
}