{
    "inf": [
        0.7854557697163539
    ],
    "2": [
        0.8357142857142857
    ],
    "1.6": [
        0.8644487214737421
    ],
    "1.5": [
        0.8643398090220612
    ],
    "1.4": [
        0.8574938574938575
    ],
    "1.3": [
        0.8469174503657262
    ],
    "1.2": [
        0.8450134770889488
    ],
    "1.1": [
        0.8466312056737588
    ],
    "0.9": [
        0.8840336134453781
    ],
    "0.8": [
        0.9271356783919598
    ],
    "0.7": [
        0.9475524475524476
    ],
    "0.6": [
        0.968421052631579
    ],
    "0.5": [
        0.9504132231404959
    ],
    "0.4": [
        0.9259259259259259
    ],
    "0.3": [
        0.8958333333333334
    ],
    "0.2": [
        0.896551724137931
    ],
    "0.1": [
        0.75
    ]
}