{
    "inf": [
        0.7891591616867267
    ],
    "2": [
        0.8427652382510086
    ],
    "1.6": [
        0.897841289145637
    ],
    "1.5": [
        0.8945065629557608
    ],
    "1.4": [
        0.8998257839721254
    ],
    "1.3": [
        0.9116719242902208
    ],
    "1.2": [
        0.9258160237388724
    ],
    "1.1": [
        0.9432624113475178
    ],
    "0.9": [
        0.9090909090909091
    ],
    "0.8": [
        1.0
    ],
    "0.7": [
        null
    ],
    "0.6": [
        null
    ],
    "0.5": [
        null
    ],
    "0.4": [
        null
    ],
    "0.3": [
        null
    ],
    "0.2": [
        null
    ],
    "0.1": [
        null
    ]
}