{
    "inf": [
        0.7891591616867267
    ],
    "2": [
        0.8916238710819905
    ],
    "1.6": [
        0.93026706231454
    ],
    "1.5": [
        0.9421686746987952
    ],
    "1.4": [
        0.9467213114754098
    ],
    "1.3": [
        0.956140350877193
    ],
    "1.2": [
        0.9767441860465116
    ],
    "1.1": [
        0.9473684210526315
    ],
    "0.9": [
        1.0
    ],
    "0.8": [
        1.0
    ],
    "0.7": [
        null
    ],
    "0.6": [
        null
    ],
    "0.5": [
        null
    ],
    "0.4": [
        null
    ],
    "0.3": [
        null
    ],
    "0.2": [
        null
    ],
    "0.1": [
        null
    ]
}