{
    "inf": [
        0.7900850096793199
    ],
    "2": [
        0.7960113470300009
    ],
    "1.6": [
        0.8433136829041266
    ],
    "1.5": [
        0.8545634702190906
    ],
    "1.4": [
        0.8647065713951037
    ],
    "1.3": [
        0.8749843574020774
    ],
    "1.2": [
        0.8858331097397371
    ],
    "1.1": [
        0.8948358165774628
    ],
    "0.9": [
        0.9121419785626428
    ],
    "0.8": [
        0.9217236608025301
    ],
    "0.7": [
        0.9487357921595917
    ],
    "0.6": [
        0.9691593886462883
    ],
    "0.5": [
        0.9757045675413022
    ],
    "0.4": [
        0.9773359840954274
    ],
    "0.3": [
        0.9789706696181516
    ],
    "0.2": [
        0.9839142091152815
    ],
    "0.1": [
        0.9810924369747899
    ]
}