{
    "inf": [
        0.7804898577560812
    ],
    "2": [
        0.7899948338212502
    ],
    "1.6": [
        0.8381283591527031
    ],
    "1.5": [
        0.847718588446842
    ],
    "1.4": [
        0.8583711487938859
    ],
    "1.3": [
        0.8695095402740428
    ],
    "1.2": [
        0.8799612778315585
    ],
    "1.1": [
        0.889754343918514
    ],
    "0.9": [
        0.9030501089324618
    ],
    "0.8": [
        0.9139344262295082
    ],
    "0.7": [
        0.9480741101901512
    ],
    "0.6": [
        0.9688967136150235
    ],
    "0.5": [
        0.9752953813104189
    ],
    "0.4": [
        0.9771986970684039
    ],
    "0.3": [
        0.9805890227576974
    ],
    "0.2": [
        0.982124079915878
    ],
    "0.1": [
        0.986013986013986
    ]
}