{
    "inf": [
        0.7958926016328592
    ],
    "2": [
        0.803454231433506
    ],
    "1.6": [
        0.8446256796319531
    ],
    "1.5": [
        0.8545474810521623
    ],
    "1.4": [
        0.8631591364869647
    ],
    "1.3": [
        0.8719619143071912
    ],
    "1.2": [
        0.8822656776803776
    ],
    "1.1": [
        0.892296511627907
    ],
    "0.9": [
        0.911687859257969
    ],
    "0.8": [
        0.9223414634146342
    ],
    "0.7": [
        0.9493181818181818
    ],
    "0.6": [
        0.9672219236969372
    ],
    "0.5": [
        0.9740134744947064
    ],
    "0.4": [
        0.9775855289028706
    ],
    "0.3": [
        0.9791208791208791
    ],
    "0.2": [
        0.9815140845070423
    ],
    "0.1": [
        0.9839285714285714
    ]
}