{
    "inf": [
        0.7919367056645064
    ],
    "2": [
        0.8218476438815422
    ],
    "1.6": [
        0.8790070921985815
    ],
    "1.5": [
        0.888290286800824
    ],
    "1.4": [
        0.8953158268275373
    ],
    "1.3": [
        0.9006359300476947
    ],
    "1.2": [
        0.9050747621205256
    ],
    "1.1": [
        0.9082663902565431
    ],
    "0.9": [
        0.9241654571843251
    ],
    "0.8": [
        0.9410926365795724
    ],
    "0.7": [
        0.9564356435643564
    ],
    "0.6": [
        0.9644128113879004
    ],
    "0.5": [
        0.9731621936989499
    ],
    "0.4": [
        0.9733124018838305
    ],
    "0.3": [
        0.9716312056737588
    ],
    "0.2": [
        0.9764150943396226
    ],
    "0.1": [
        0.9841269841269841
    ]
}