{
    "inf": [
        0.7894958336840333
    ],
    "2": [
        0.8714285714285714
    ],
    "1.6": [
        0.8827800829875518
    ],
    "1.5": [
        0.9049180327868852
    ],
    "1.4": [
        0.9298701298701298
    ],
    "1.3": [
        0.9411764705882353
    ],
    "1.2": [
        0.9411764705882353
    ],
    "1.1": [
        0.8823529411764706
    ],
    "0.9": [
        1.0
    ],
    "0.8": [
        1.0
    ],
    "0.7": [
        null
    ],
    "0.6": [
        null
    ],
    "0.5": [
        null
    ],
    "0.4": [
        null
    ],
    "0.3": [
        null
    ],
    "0.2": [
        null
    ],
    "0.1": [
        null
    ]
}