{
    "inf": [
        0.7922733776618129
    ],
    "2": [
        0.7945170599219148
    ],
    "1.6": [
        0.8209899867749858
    ],
    "1.5": [
        0.8290708008294658
    ],
    "1.4": [
        0.8399625156184923
    ],
    "1.3": [
        0.849702052527036
    ],
    "1.2": [
        0.8575934579439253
    ],
    "1.1": [
        0.8687445672420216
    ],
    "0.9": [
        0.8886317616430431
    ],
    "0.8": [
        0.899919935948759
    ],
    "0.7": [
        0.929113455487692
    ],
    "0.6": [
        0.9563916203505771
    ],
    "0.5": [
        0.9666666666666667
    ],
    "0.4": [
        0.9751461988304093
    ],
    "0.3": [
        0.9778860569715142
    ],
    "0.2": [
        0.9793932455638237
    ],
    "0.1": [
        0.9824175824175824
    ]
}