{
    "inf": [
        0.7974917936200656
    ],
    "2": [
        0.8556712830491016
    ],
    "1.6": [
        0.9019281123542013
    ],
    "1.5": [
        0.9059756442934013
    ],
    "1.4": [
        0.9082880434782609
    ],
    "1.3": [
        0.9069468267581475
    ],
    "1.2": [
        0.9092996555683123
    ],
    "1.1": [
        0.9200913242009132
    ],
    "0.9": [
        0.9430379746835443
    ],
    "0.8": [
        0.9541139240506329
    ],
    "0.7": [
        0.9627329192546584
    ],
    "0.6": [
        0.9576271186440678
    ],
    "0.5": [
        0.9581749049429658
    ],
    "0.4": [
        0.9634146341463414
    ],
    "0.3": [
        0.946236559139785
    ],
    "0.2": [
        0.8974358974358975
    ],
    "0.1": [
        0.875
    ]
}