{
    "inf": [
        0.7833515697331874
    ],
    "2": [
        0.7896900154135982
    ],
    "1.6": [
        0.831284015319492
    ],
    "1.5": [
        0.8406721974048075
    ],
    "1.4": [
        0.8530506371940905
    ],
    "1.3": [
        0.8630218925708817
    ],
    "1.2": [
        0.8737702823559473
    ],
    "1.1": [
        0.8843938562808558
    ],
    "0.9": [
        0.9031834591401379
    ],
    "0.8": [
        0.9143484626647145
    ],
    "0.7": [
        0.9366900361164223
    ],
    "0.6": [
        0.9586138120169534
    ],
    "0.5": [
        0.970396684428656
    ],
    "0.4": [
        0.9778181818181818
    ],
    "0.3": [
        0.9768472906403941
    ],
    "0.2": [
        0.9787902592301649
    ],
    "0.1": [
        0.9841521394611727
    ]
}