{
    "inf": [
        0.7979968016160256
    ],
    "2": [
        0.8809376927822332
    ],
    "1.6": [
        0.8930348258706468
    ],
    "1.5": [
        0.919431279620853
    ],
    "1.4": [
        0.926829268292683
    ],
    "1.3": [
        0.9354838709677419
    ],
    "1.2": [
        0.9
    ],
    "1.1": [
        1.0
    ],
    "0.9": [
        null
    ],
    "0.8": [
        null
    ],
    "0.7": [
        null
    ],
    "0.6": [
        null
    ],
    "0.5": [
        null
    ],
    "0.4": [
        null
    ],
    "0.3": [
        null
    ],
    "0.2": [
        null
    ],
    "0.1": [
        null
    ]
}