{
    "inf": [
        0.7950509216395927
    ],
    "2": [
        0.8631961259079903
    ],
    "1.6": [
        0.9021129797326434
    ],
    "1.5": [
        0.9039334341906202
    ],
    "1.4": [
        0.9213197969543148
    ],
    "1.3": [
        0.9391304347826087
    ],
    "1.2": [
        0.9484126984126984
    ],
    "1.1": [
        0.9590163934426229
    ],
    "0.9": [
        0.9333333333333333
    ],
    "0.8": [
        1.0
    ],
    "0.7": [
        1.0
    ],
    "0.6": [
        null
    ],
    "0.5": [
        null
    ],
    "0.4": [
        null
    ],
    "0.3": [
        null
    ],
    "0.2": [
        null
    ],
    "0.1": [
        null
    ]
}