{
    "inf": [
        0.7967342816261257
    ],
    "2": [
        0.8763537906137184
    ],
    "1.6": [
        0.8767741935483871
    ],
    "1.5": [
        0.8857782754759238
    ],
    "1.4": [
        0.8888888888888888
    ],
    "1.3": [
        0.9074074074074074
    ],
    "1.2": [
        0.9142857142857143
    ],
    "1.1": [
        0.8666666666666667
    ],
    "0.9": [
        1.0
    ],
    "0.8": [
        1.0
    ],
    "0.7": [
        null
    ],
    "0.6": [
        null
    ],
    "0.5": [
        null
    ],
    "0.4": [
        null
    ],
    "0.3": [
        null
    ],
    "0.2": [
        null
    ],
    "0.1": [
        null
    ]
}