{
    "inf": [
        0.7901691776786466
    ],
    "2": [
        0.8667718342176969
    ],
    "1.6": [
        0.867704280155642
    ],
    "1.5": [
        0.8812392426850258
    ],
    "1.4": [
        0.9142011834319527
    ],
    "1.3": [
        0.9336734693877551
    ],
    "1.2": [
        0.9418604651162791
    ],
    "1.1": [
        0.967741935483871
    ],
    "0.9": [
        1.0
    ],
    "0.8": [
        1.0
    ],
    "0.7": [
        null
    ],
    "0.6": [
        null
    ],
    "0.5": [
        null
    ],
    "0.4": [
        null
    ],
    "0.3": [
        null
    ],
    "0.2": [
        null
    ],
    "0.1": [
        null
    ]
}