{
    "inf": [
        0.7958926016328592
    ],
    "2": [
        0.8803357996585088
    ],
    "1.6": [
        0.8595213319458896
    ],
    "1.5": [
        0.8672032193158954
    ],
    "1.4": [
        0.8935185185185185
    ],
    "1.3": [
        0.8493150684931506
    ],
    "1.2": [
        0.8095238095238095
    ],
    "1.1": [
        0.7777777777777778
    ],
    "0.9": [
        null
    ],
    "0.8": [
        null
    ],
    "0.7": [
        null
    ],
    "0.6": [
        null
    ],
    "0.5": [
        null
    ],
    "0.4": [
        null
    ],
    "0.3": [
        null
    ],
    "0.2": [
        null
    ],
    "0.1": [
        null
    ]
}