{
    "inf": [
        0.7570911539432708
    ],
    "2": [
        0.7530218293342955
    ],
    "1.6": [
        0.765637371338084
    ],
    "1.5": [
        0.8169582772543742
    ],
    "1.4": [
        0.7296450939457203
    ],
    "1.3": [
        0.6774193548387096
    ],
    "1.2": [
        0.7984189723320159
    ],
    "1.1": [
        0.7233009708737864
    ],
    "0.9": [
        0.9047619047619048
    ],
    "0.8": [
        1.0
    ],
    "0.7": [
        1.0
    ],
    "0.6": [
        1.0
    ],
    "0.5": [
        null
    ],
    "0.4": [
        null
    ],
    "0.3": [
        null
    ],
    "0.2": [
        null
    ],
    "0.1": [
        null
    ]
}