{
    "inf": [
        0.7865499537076004
    ],
    "2": [
        0.7933990570081441
    ],
    "1.6": [
        0.8375650045885592
    ],
    "1.5": [
        0.8463620614984841
    ],
    "1.4": [
        0.8571100917431193
    ],
    "1.3": [
        0.865778316172017
    ],
    "1.2": [
        0.8776278224759927
    ],
    "1.1": [
        0.8868056527214215
    ],
    "0.9": [
        0.9048661390806533
    ],
    "0.8": [
        0.9130678631519911
    ],
    "0.7": [
        0.9422992540587977
    ],
    "0.6": [
        0.9622348680807036
    ],
    "0.5": [
        0.9711070559610706
    ],
    "0.4": [
        0.9756918474195961
    ],
    "0.3": [
        0.9801929913661758
    ],
    "0.2": [
        0.978125
    ],
    "0.1": [
        0.9826498422712934
    ]
}