{
    "inf": [
        0.78958000168336
    ],
    "2": [
        0.8661527680448493
    ],
    "1.6": [
        0.9055555555555556
    ],
    "1.5": [
        0.9234972677595629
    ],
    "1.4": [
        0.9264705882352942
    ],
    "1.3": [
        0.9230769230769231
    ],
    "1.2": [
        1.0
    ],
    "1.1": [
        1.0
    ],
    "0.9": [
        null
    ],
    "0.8": [
        null
    ],
    "0.7": [
        null
    ],
    "0.6": [
        null
    ],
    "0.5": [
        null
    ],
    "0.4": [
        null
    ],
    "0.3": [
        null
    ],
    "0.2": [
        null
    ],
    "0.1": [
        null
    ]
}