{
    "inf": [
        0.7819207137446343
    ],
    "2": [
        0.8333539680574471
    ],
    "1.6": [
        0.8731828023507578
    ],
    "1.5": [
        0.8692651238327244
    ],
    "1.4": [
        0.8655913978494624
    ],
    "1.3": [
        0.8667601683029453
    ],
    "1.2": [
        0.8825161887141536
    ],
    "1.1": [
        0.8836915297092288
    ],
    "0.9": [
        0.9201101928374655
    ],
    "0.8": [
        0.927710843373494
    ],
    "0.7": [
        0.9419354838709677
    ],
    "0.6": [
        0.92
    ],
    "0.5": [
        0.8970588235294118
    ],
    "0.4": [
        0.9024390243902439
    ],
    "0.3": [
        0.8571428571428571
    ],
    "0.2": [
        0.8125
    ],
    "0.1": [
        0.6666666666666666
    ]
}