{
    "inf": [
        0.78882248968942
    ],
    "2": [
        0.795117773019272
    ],
    "1.6": [
        0.8354223988586569
    ],
    "1.5": [
        0.8473547267996531
    ],
    "1.4": [
        0.8573063279551436
    ],
    "1.3": [
        0.8672577119261599
    ],
    "1.2": [
        0.8775032509752926
    ],
    "1.1": [
        0.8887803516606196
    ],
    "0.9": [
        0.9050569323509712
    ],
    "0.8": [
        0.9152605924259467
    ],
    "0.7": [
        0.9469513537310148
    ],
    "0.6": [
        0.9661798616448886
    ],
    "0.5": [
        0.9750759878419453
    ],
    "0.4": [
        0.9784065524944154
    ],
    "0.3": [
        0.9794794794794794
    ],
    "0.2": [
        0.9819466248037677
    ],
    "0.1": [
        0.9864636209813875
    ]
}