{
    "inf": [
        0.7934517296523862
    ],
    "2": [
        0.8763662426088514
    ],
    "1.6": [
        0.8680555555555556
    ],
    "1.5": [
        0.8841607565011821
    ],
    "1.4": [
        0.8986784140969163
    ],
    "1.3": [
        0.927710843373494
    ],
    "1.2": [
        0.8787878787878788
    ],
    "1.1": [
        0.9090909090909091
    ],
    "0.9": [
        1.0
    ],
    "0.8": [
        null
    ],
    "0.7": [
        null
    ],
    "0.6": [
        null
    ],
    "0.5": [
        null
    ],
    "0.4": [
        null
    ],
    "0.3": [
        null
    ],
    "0.2": [
        null
    ],
    "0.1": [
        null
    ]
}