{
    "inf": [
        0.7955559296355526
    ],
    "2": [
        0.800870976005465
    ],
    "1.6": [
        0.8329577740766141
    ],
    "1.5": [
        0.8441894127377998
    ],
    "1.4": [
        0.8515369522563767
    ],
    "1.3": [
        0.8596915285451197
    ],
    "1.2": [
        0.8691679863564381
    ],
    "1.1": [
        0.8797920727745289
    ],
    "0.9": [
        0.8981212769207271
    ],
    "0.8": [
        0.9075857408346004
    ],
    "0.7": [
        0.9368153364632238
    ],
    "0.6": [
        0.9623853211009175
    ],
    "0.5": [
        0.9705492172990183
    ],
    "0.4": [
        0.9771428571428571
    ],
    "0.3": [
        0.979454926624738
    ],
    "0.2": [
        0.9795003203074952
    ],
    "0.1": [
        0.9850187265917603
    ]
}