{
    "inf": [
        0.7929467216564262
    ],
    "2": [
        0.8785559807020462
    ],
    "1.6": [
        0.8431793770139635
    ],
    "1.5": [
        0.8499025341130604
    ],
    "1.4": [
        0.8970588235294118
    ],
    "1.3": [
        0.9126984126984127
    ],
    "1.2": [
        0.9215686274509803
    ],
    "1.1": [
        0.9047619047619048
    ],
    "0.9": [
        1.0
    ],
    "0.8": [
        null
    ],
    "0.7": [
        null
    ],
    "0.6": [
        null
    ],
    "0.5": [
        null
    ],
    "0.4": [
        null
    ],
    "0.3": [
        null
    ],
    "0.2": [
        null
    ],
    "0.1": [
        null
    ]
}