{
    "inf": [
        0.7852874337177005
    ],
    "2": [
        0.822263342423062
    ],
    "1.6": [
        0.8935215946843854
    ],
    "1.5": [
        0.9033788914198937
    ],
    "1.4": [
        0.9101952277657267
    ],
    "1.3": [
        0.9148723084626941
    ],
    "1.2": [
        0.9207124389543234
    ],
    "1.1": [
        0.9308956725930896
    ],
    "0.9": [
        0.9536279323513366
    ],
    "0.8": [
        0.9662356321839081
    ],
    "0.7": [
        0.9689557855126999
    ],
    "0.6": [
        0.9744835965978129
    ],
    "0.5": [
        0.9752883031301482
    ],
    "0.4": [
        0.9674185463659147
    ],
    "0.3": [
        0.9652173913043478
    ],
    "0.2": [
        0.9694656488549618
    ],
    "0.1": [
        0.9473684210526315
    ]
}