{
    "inf": [
        0.78958000168336
    ],
    "2": [
        0.799672300793377
    ],
    "1.6": [
        0.8523676880222841
    ],
    "1.5": [
        0.8638132295719845
    ],
    "1.4": [
        0.87527352297593
    ],
    "1.3": [
        0.8868022952529995
    ],
    "1.2": [
        0.8946629213483146
    ],
    "1.1": [
        0.901219512195122
    ],
    "0.9": [
        0.9166821302653554
    ],
    "0.8": [
        0.9285414920368819
    ],
    "0.7": [
        0.9513633014001474
    ],
    "0.6": [
        0.96780801872988
    ],
    "0.5": [
        0.9758064516129032
    ],
    "0.4": [
        0.9785905441570026
    ],
    "0.3": [
        0.9769820971867008
    ],
    "0.2": [
        0.9806910569105691
    ],
    "0.1": [
        0.9857142857142858
    ]
}