{
    "inf": [
        0.7951350896389193
    ],
    "2": [
        0.8776003870343493
    ],
    "1.6": [
        0.8899082568807339
    ],
    "1.5": [
        0.923728813559322
    ],
    "1.4": [
        0.9372822299651568
    ],
    "1.3": [
        0.9444444444444444
    ],
    "1.2": [
        0.9473684210526315
    ],
    "1.1": [
        0.8695652173913043
    ],
    "0.9": [
        1.0
    ],
    "0.8": [
        1.0
    ],
    "0.7": [
        null
    ],
    "0.6": [
        null
    ],
    "0.5": [
        null
    ],
    "0.4": [
        null
    ],
    "0.3": [
        null
    ],
    "0.2": [
        null
    ],
    "0.1": [
        null
    ]
}