{
    "inf": [
        0.786129113710967
    ],
    "2": [
        0.7895229186155285
    ],
    "1.6": [
        0.8223462611875662
    ],
    "1.5": [
        0.8336876202044742
    ],
    "1.4": [
        0.8427242595958516
    ],
    "1.3": [
        0.8501529051987767
    ],
    "1.2": [
        0.8589529046139135
    ],
    "1.1": [
        0.8724574645004477
    ],
    "0.9": [
        0.8914542728635683
    ],
    "0.8": [
        0.9032150033489619
    ],
    "0.7": [
        0.9328200192492782
    ],
    "0.6": [
        0.9591244136698682
    ],
    "0.5": [
        0.9678589942975635
    ],
    "0.4": [
        0.9745815251084935
    ],
    "0.3": [
        0.9773171685569026
    ],
    "0.2": [
        0.9790419161676647
    ],
    "0.1": [
        0.9849710982658959
    ]
}