{
    "inf": [
        0.7938725696490194
    ],
    "2": [
        0.8582427536231884
    ],
    "1.6": [
        0.9107997265892003
    ],
    "1.5": [
        0.9064124783362218
    ],
    "1.4": [
        0.922440537745605
    ],
    "1.3": [
        0.94
    ],
    "1.2": [
        0.9508196721311475
    ],
    "1.1": [
        0.9358974358974359
    ],
    "0.9": [
        0.9545454545454546
    ],
    "0.8": [
        1.0
    ],
    "0.7": [
        1.0
    ],
    "0.6": [
        null
    ],
    "0.5": [
        null
    ],
    "0.4": [
        null
    ],
    "0.3": [
        null
    ],
    "0.2": [
        null
    ],
    "0.1": [
        null
    ]
}