{
    "inf": [
        0.7752714417978285
    ],
    "2": [
        0.8451926414439431
    ],
    "1.6": [
        0.8896911351784998
    ],
    "1.5": [
        0.8777540867093105
    ],
    "1.4": [
        0.8951219512195122
    ],
    "1.3": [
        0.9284294234592445
    ],
    "1.2": [
        0.9309090909090909
    ],
    "1.1": [
        0.9528301886792453
    ],
    "0.9": [
        1.0
    ],
    "0.8": [
        1.0
    ],
    "0.7": [
        1.0
    ],
    "0.6": [
        null
    ],
    "0.5": [
        null
    ],
    "0.4": [
        null
    ],
    "0.3": [
        null
    ],
    "0.2": [
        null
    ],
    "0.1": [
        null
    ]
}