{
    "inf": [
        0.7882333136941335
    ],
    "2": [
        0.8449192061598525
    ],
    "1.6": [
        0.9034618632141852
    ],
    "1.5": [
        0.90848026868178
    ],
    "1.4": [
        0.914179104477612
    ],
    "1.3": [
        0.9274193548387096
    ],
    "1.2": [
        0.9304556354916067
    ],
    "1.1": [
        0.9338842975206612
    ],
    "0.9": [
        0.925
    ],
    "0.8": [
        0.9166666666666666
    ],
    "0.7": [
        1.0
    ],
    "0.6": [
        null
    ],
    "0.5": [
        null
    ],
    "0.4": [
        null
    ],
    "0.3": [
        null
    ],
    "0.2": [
        null
    ],
    "0.1": [
        null
    ]
}