{
    "inf": [
        0.7865499537076004
    ],
    "2": [
        0.8535615282632276
    ],
    "1.6": [
        0.8910802330793366
    ],
    "1.5": [
        0.9035573122529644
    ],
    "1.4": [
        0.9076704545454546
    ],
    "1.3": [
        0.9325
    ],
    "1.2": [
        0.9329896907216495
    ],
    "1.1": [
        0.9130434782608695
    ],
    "0.9": [
        1.0
    ],
    "0.8": [
        1.0
    ],
    "0.7": [
        null
    ],
    "0.6": [
        null
    ],
    "0.5": [
        null
    ],
    "0.4": [
        null
    ],
    "0.3": [
        null
    ],
    "0.2": [
        null
    ],
    "0.1": [
        null
    ]
}