{
    "inf": [
        0.7969867856241057
    ],
    "2": [
        0.849857302394838
    ],
    "1.6": [
        0.8806550097141271
    ],
    "1.5": [
        0.8872764090448869
    ],
    "1.4": [
        0.8792595708876736
    ],
    "1.3": [
        0.8726977248104009
    ],
    "1.2": [
        0.8704883227176221
    ],
    "1.1": [
        0.8774740810556079
    ],
    "0.9": [
        0.9070208728652751
    ],
    "0.8": [
        0.936046511627907
    ],
    "0.7": [
        0.9576271186440678
    ],
    "0.6": [
        0.9487179487179487
    ],
    "0.5": [
        0.9423076923076923
    ],
    "0.4": [
        0.9090909090909091
    ],
    "0.3": [
        0.9047619047619048
    ],
    "0.2": [
        0.8888888888888888
    ],
    "0.1": [
        0.8333333333333334
    ]
}