{
    "inf": [
        0.8017843615857251
    ],
    "2": [
        0.8074232081911262
    ],
    "1.6": [
        0.8470706059088633
    ],
    "1.5": [
        0.8589730015881418
    ],
    "1.4": [
        0.8673618118623164
    ],
    "1.3": [
        0.8784813139728636
    ],
    "1.2": [
        0.8885924796747967
    ],
    "1.1": [
        0.8995215311004785
    ],
    "0.9": [
        0.9121413519208948
    ],
    "0.8": [
        0.9212896253602305
    ],
    "0.7": [
        0.9446409989594172
    ],
    "0.6": [
        0.9672885873515871
    ],
    "0.5": [
        0.9770576426727846
    ],
    "0.4": [
        0.9806362378976486
    ],
    "0.3": [
        0.979253112033195
    ],
    "0.2": [
        0.9852724594992637
    ],
    "0.1": [
        0.9828660436137072
    ]
}