{
    "inf": [
        0.7876441376988469
    ],
    "2": [
        0.7930622009569378
    ],
    "1.6": [
        0.8290624364449868
    ],
    "1.5": [
        0.8384067357512953
    ],
    "1.4": [
        0.8499255355710849
    ],
    "1.3": [
        0.8578538480213644
    ],
    "1.2": [
        0.8682230869001297
    ],
    "1.1": [
        0.8792886150399104
    ],
    "0.9": [
        0.8950803212851406
    ],
    "0.8": [
        0.9071294559099438
    ],
    "0.7": [
        0.9375
    ],
    "0.6": [
        0.9649755343806335
    ],
    "0.5": [
        0.9745866503368035
    ],
    "0.4": [
        0.978310502283105
    ],
    "0.3": [
        0.9772245762711864
    ],
    "0.2": [
        0.978981406628941
    ],
    "0.1": [
        0.9855305466237942
    ]
}