{
    "inf": [
        0.7855399377156805
    ],
    "2": [
        0.793509303331891
    ],
    "1.6": [
        0.8395915678524374
    ],
    "1.5": [
        0.8525513196480938
    ],
    "1.4": [
        0.8623655913978494
    ],
    "1.3": [
        0.872099372099372
    ],
    "1.2": [
        0.8816515128931286
    ],
    "1.1": [
        0.8880523731587562
    ],
    "0.9": [
        0.9043460601137286
    ],
    "0.8": [
        0.9170743070114139
    ],
    "0.7": [
        0.950238965420298
    ],
    "0.6": [
        0.9679180887372013
    ],
    "0.5": [
        0.9744572158365262
    ],
    "0.4": [
        0.9779965257672264
    ],
    "0.3": [
        0.9815899581589959
    ],
    "0.2": [
        0.984
    ],
    "0.1": [
        0.972972972972973
    ]
}