{
    "inf": [
        0.7862132817102937
    ],
    "2": [
        0.7960463293564399
    ],
    "1.6": [
        0.852151149556112
    ],
    "1.5": [
        0.8638089406001225
    ],
    "1.4": [
        0.8785543449375498
    ],
    "1.3": [
        0.8881835233011109
    ],
    "1.2": [
        0.8977987421383647
    ],
    "1.1": [
        0.90539836833883
    ],
    "0.9": [
        0.91792656587473
    ],
    "0.8": [
        0.9356695869837297
    ],
    "0.7": [
        0.960431654676259
    ],
    "0.6": [
        0.9730021598272138
    ],
    "0.5": [
        0.9765660207300586
    ],
    "0.4": [
        0.978776529338327
    ],
    "0.3": [
        0.9797047970479705
    ],
    "0.2": [
        0.9787835926449788
    ],
    "0.1": [
        0.9889705882352942
    ]
}