{
    "inf": [
        0.7941250736469994
    ],
    "2": [
        0.8004966178611183
    ],
    "1.6": [
        0.8390757591248339
    ],
    "1.5": [
        0.8499782891880157
    ],
    "1.4": [
        0.8587343516710693
    ],
    "1.3": [
        0.868680716287002
    ],
    "1.2": [
        0.8795212073900599
    ],
    "1.1": [
        0.8894655631925936
    ],
    "0.9": [
        0.9078572625230357
    ],
    "0.8": [
        0.9206141172065156
    ],
    "0.7": [
        0.9467222100416576
    ],
    "0.6": [
        0.9655875605404027
    ],
    "0.5": [
        0.9743821579264618
    ],
    "0.4": [
        0.978510559466469
    ],
    "0.3": [
        0.9784244856999498
    ],
    "0.2": [
        0.9829721362229102
    ],
    "0.1": [
        0.9824561403508771
    ]
}