{
    "inf": [
        0.7853716017170271
    ],
    "2": [
        0.8758821724455355
    ],
    "1.6": [
        0.9093959731543624
    ],
    "1.5": [
        0.9340866290018832
    ],
    "1.4": [
        0.9352750809061489
    ],
    "1.3": [
        0.9615384615384616
    ],
    "1.2": [
        0.921875
    ],
    "1.1": [
        0.9565217391304348
    ],
    "0.9": [
        1.0
    ],
    "0.8": [
        1.0
    ],
    "0.7": [
        null
    ],
    "0.6": [
        null
    ],
    "0.5": [
        null
    ],
    "0.4": [
        null
    ],
    "0.3": [
        null
    ],
    "0.2": [
        null
    ],
    "0.1": [
        null
    ]
}