{
    "inf": [
        0.7958084336335325
    ],
    "2": [
        0.8217485617278129
    ],
    "1.6": [
        0.8832397280520248
    ],
    "1.5": [
        0.8897663705166173
    ],
    "1.4": [
        0.8978951255539144
    ],
    "1.3": [
        0.9039630949884672
    ],
    "1.2": [
        0.9105769230769231
    ],
    "1.1": [
        0.9131877246336744
    ],
    "0.9": [
        0.9336016096579477
    ],
    "0.8": [
        0.9497237569060774
    ],
    "0.7": [
        0.9669485011529593
    ],
    "0.6": [
        0.9724208375893769
    ],
    "0.5": [
        0.9731903485254692
    ],
    "0.4": [
        0.975177304964539
    ],
    "0.3": [
        0.9714285714285714
    ],
    "0.2": [
        0.9811320754716981
    ],
    "0.1": [
        0.9552238805970149
    ]
}