{
    "inf": [
        0.7844457537244339
    ],
    "2": [
        0.8533950617283951
    ],
    "1.6": [
        0.8934274043817304
    ],
    "1.5": [
        0.8863636363636364
    ],
    "1.4": [
        0.9004329004329005
    ],
    "1.3": [
        0.922509225092251
    ],
    "1.2": [
        0.9422492401215805
    ],
    "1.1": [
        0.9485714285714286
    ],
    "0.9": [
        0.9545454545454546
    ],
    "0.8": [
        1.0
    ],
    "0.7": [
        1.0
    ],
    "0.6": [
        null
    ],
    "0.5": [
        null
    ],
    "0.4": [
        null
    ],
    "0.3": [
        null
    ],
    "0.2": [
        null
    ],
    "0.1": [
        null
    ]
}