{
    "inf": [
        0.794461745644306
    ],
    "2": [
        0.7994867408041061
    ],
    "1.6": [
        0.838660110633067
    ],
    "1.5": [
        0.8502679645630538
    ],
    "1.4": [
        0.8601626016260162
    ],
    "1.3": [
        0.8708080683083776
    ],
    "1.2": [
        0.8822432396429999
    ],
    "1.1": [
        0.8924963924963925
    ],
    "0.9": [
        0.9105902777777778
    ],
    "0.8": [
        0.9219236760124611
    ],
    "0.7": [
        0.9490402193784278
    ],
    "0.6": [
        0.9704301075268817
    ],
    "0.5": [
        0.9770773638968482
    ],
    "0.4": [
        0.9779527559055118
    ],
    "0.3": [
        0.9818481848184818
    ],
    "0.2": [
        0.9821428571428571
    ],
    "0.1": [
        0.9855334538878843
    ]
}