{
    "inf": [
        0.7851190977190472
    ],
    "2": [
        0.7885432602413734
    ],
    "1.6": [
        0.8171670515781371
    ],
    "1.5": [
        0.8265522463402322
    ],
    "1.4": [
        0.8377770639254738
    ],
    "1.3": [
        0.8478729438457175
    ],
    "1.2": [
        0.8560615162801875
    ],
    "1.1": [
        0.8657003591585428
    ],
    "0.9": [
        0.8837980406932932
    ],
    "0.8": [
        0.8960908787170063
    ],
    "0.7": [
        0.9259757738896366
    ],
    "0.6": [
        0.9572264745610085
    ],
    "0.5": [
        0.9683577405857741
    ],
    "0.4": [
        0.9748743718592965
    ],
    "0.3": [
        0.9759236197592362
    ],
    "0.2": [
        0.9781795511221946
    ],
    "0.1": [
        0.9846698113207547
    ]
}