{
    "inf": [
        0.7921892096624863
    ],
    "2": [
        0.7981801012962486
    ],
    "1.6": [
        0.8419395465994962
    ],
    "1.5": [
        0.8541268950028074
    ],
    "1.4": [
        0.8626563430613461
    ],
    "1.3": [
        0.872270187912646
    ],
    "1.2": [
        0.8830224904004388
    ],
    "1.1": [
        0.8924172725923728
    ],
    "0.9": [
        0.9098389982110913
    ],
    "0.8": [
        0.9197924980047885
    ],
    "0.7": [
        0.946340315368322
    ],
    "0.6": [
        0.9660689655172414
    ],
    "0.5": [
        0.9740217033870437
    ],
    "0.4": [
        0.9763779527559056
    ],
    "0.3": [
        0.9782224838140082
    ],
    "0.2": [
        0.9833024118738405
    ],
    "0.1": [
        0.9884526558891455
    ]
}