{
    "inf": [
        0.7911791936705664
    ],
    "2": [
        0.794863071951012
    ],
    "1.6": [
        0.8271882640586797
    ],
    "1.5": [
        0.8391196528208308
    ],
    "1.4": [
        0.8488321327221131
    ],
    "1.3": [
        0.8561730525831319
    ],
    "1.2": [
        0.8662186927306048
    ],
    "1.1": [
        0.8770277341705913
    ],
    "0.9": [
        0.8979185797367616
    ],
    "0.8": [
        0.9075272479564033
    ],
    "0.7": [
        0.9390554575739761
    ],
    "0.6": [
        0.9636941229861584
    ],
    "0.5": [
        0.9713760504201681
    ],
    "0.4": [
        0.9777219956071541
    ],
    "0.3": [
        0.9781553398058253
    ],
    "0.2": [
        0.9798361688720857
    ],
    "0.1": [
        0.9858247422680413
    ]
}