{
    "inf": [
        0.7894116656847067
    ],
    "2": [
        0.8561224489795919
    ],
    "1.6": [
        0.9085609082540657
    ],
    "1.5": [
        0.9154343807763401
    ],
    "1.4": [
        0.9256198347107438
    ],
    "1.3": [
        0.9436038514442916
    ],
    "1.2": [
        0.9445676274944568
    ],
    "1.1": [
        0.95
    ],
    "0.9": [
        0.9736842105263158
    ],
    "0.8": [
        1.0
    ],
    "0.7": [
        1.0
    ],
    "0.6": [
        null
    ],
    "0.5": [
        null
    ],
    "0.4": [
        null
    ],
    "0.3": [
        null
    ],
    "0.2": [
        null
    ],
    "0.1": [
        null
    ]
}