{
    "inf": [
        0.7835199057318407
    ],
    "2": [
        0.8061021845098393
    ],
    "1.6": [
        0.8641538072350113
    ],
    "1.5": [
        0.8766915216790941
    ],
    "1.4": [
        0.8860103626943006
    ],
    "1.3": [
        0.8933019185459441
    ],
    "1.2": [
        0.9003931847968545
    ],
    "1.1": [
        0.9055567293471372
    ],
    "0.9": [
        0.9174797881237803
    ],
    "0.8": [
        0.9342061094326956
    ],
    "0.7": [
        0.9555273189326556
    ],
    "0.6": [
        0.9675952245594087
    ],
    "0.5": [
        0.9710031347962382
    ],
    "0.4": [
        0.9762162162162162
    ],
    "0.3": [
        0.9794952681388013
    ],
    "0.2": [
        0.9814241486068112
    ],
    "0.1": [
        0.9823008849557522
    ]
}