{
    "inf": [
        0.786886625704907
    ],
    "2": [
        0.7929262653078701
    ],
    "1.6": [
        0.8353450010058339
    ],
    "1.5": [
        0.8466787503998294
    ],
    "1.4": [
        0.8580002264749179
    ],
    "1.3": [
        0.8706348253930157
    ],
    "1.2": [
        0.8796982868831501
    ],
    "1.1": [
        0.8902085347327717
    ],
    "0.9": [
        0.9067237969676994
    ],
    "0.8": [
        0.9162688211531399
    ],
    "0.7": [
        0.9418777943368107
    ],
    "0.6": [
        0.9631855747558227
    ],
    "0.5": [
        0.9741148467717942
    ],
    "0.4": [
        0.9782766111513396
    ],
    "0.3": [
        0.9778543307086615
    ],
    "0.2": [
        0.9839357429718876
    ],
    "0.1": [
        0.9874776386404294
    ]
}