{
    "inf": [
        0.7922733776618129
    ],
    "2": [
        0.7962789109840402
    ],
    "1.6": [
        0.8314392034597204
    ],
    "1.5": [
        0.8421503533947312
    ],
    "1.4": [
        0.8552526519904187
    ],
    "1.3": [
        0.8633720930232558
    ],
    "1.2": [
        0.8717616580310881
    ],
    "1.1": [
        0.880228667038483
    ],
    "0.9": [
        0.9024390243902439
    ],
    "0.8": [
        0.9143501126972201
    ],
    "0.7": [
        0.9461775043936731
    ],
    "0.6": [
        0.9628300435785696
    ],
    "0.5": [
        0.9717496962332929
    ],
    "0.4": [
        0.9779604034366829
    ],
    "0.3": [
        0.975177304964539
    ],
    "0.2": [
        0.977327935222672
    ],
    "0.1": [
        0.9838129496402878
    ]
}