{
    "inf": [
        0.7894116656847067
    ],
    "2": [
        0.8556487760027583
    ],
    "1.6": [
        0.9064039408866995
    ],
    "1.5": [
        0.9074418604651163
    ],
    "1.4": [
        0.9244979919678715
    ],
    "1.3": [
        0.9486166007905138
    ],
    "1.2": [
        0.9522727272727273
    ],
    "1.1": [
        0.9551569506726457
    ],
    "0.9": [
        0.96
    ],
    "0.8": [
        1.0
    ],
    "0.7": [
        1.0
    ],
    "0.6": [
        null
    ],
    "0.5": [
        null
    ],
    "0.4": [
        null
    ],
    "0.3": [
        null
    ],
    "0.2": [
        null
    ],
    "0.1": [
        null
    ]
}