{
    "inf": [
        0.7909266896725865
    ],
    "2": [
        0.8159375567253585
    ],
    "1.6": [
        0.8759609120521172
    ],
    "1.5": [
        0.8844128113879004
    ],
    "1.4": [
        0.8914169151106229
    ],
    "1.3": [
        0.8965217391304348
    ],
    "1.2": [
        0.901171875
    ],
    "1.1": [
        0.9050366097182161
    ],
    "0.9": [
        0.9184334511189635
    ],
    "0.8": [
        0.9414562751555068
    ],
    "0.7": [
        0.965534219596258
    ],
    "0.6": [
        0.9700272479564033
    ],
    "0.5": [
        0.971093044263776
    ],
    "0.4": [
        0.9738480697384807
    ],
    "0.3": [
        0.9756521739130435
    ],
    "0.2": [
        0.9698795180722891
    ],
    "0.1": [
        0.9736842105263158
    ]
}