{
    "inf": [
        0.7901691776786466
    ],
    "2": [
        0.8617047713717694
    ],
    "1.6": [
        0.918005540166205
    ],
    "1.5": [
        0.92806484295846
    ],
    "1.4": [
        0.9550949913644214
    ],
    "1.3": [
        0.96415770609319
    ],
    "1.2": [
        0.9461538461538461
    ],
    "1.1": [
        0.9555555555555556
    ],
    "0.9": [
        1.0
    ],
    "0.8": [
        1.0
    ],
    "0.7": [
        null
    ],
    "0.6": [
        null
    ],
    "0.5": [
        null
    ],
    "0.4": [
        null
    ],
    "0.3": [
        null
    ],
    "0.2": [
        null
    ],
    "0.1": [
        null
    ]
}