{
    "inf": [
        0.7899166736806666
    ],
    "2": [
        0.8628230616302187
    ],
    "1.6": [
        0.9076163610719323
    ],
    "1.5": [
        0.9008363201911589
    ],
    "1.4": [
        0.9155227032734953
    ],
    "1.3": [
        0.9328743545611016
    ],
    "1.2": [
        0.9351032448377581
    ],
    "1.1": [
        0.9565217391304348
    ],
    "0.9": [
        0.9444444444444444
    ],
    "0.8": [
        1.0
    ],
    "0.7": [
        1.0
    ],
    "0.6": [
        null
    ],
    "0.5": [
        null
    ],
    "0.4": [
        null
    ],
    "0.3": [
        null
    ],
    "0.2": [
        null
    ],
    "0.1": [
        null
    ]
}