{
    "inf": [
        0.7932833936537329
    ],
    "2": [
        0.8111181301326595
    ],
    "1.6": [
        0.8725314183123878
    ],
    "1.5": [
        0.8836097835254428
    ],
    "1.4": [
        0.8926979246733282
    ],
    "1.3": [
        0.9006475800954329
    ],
    "1.2": [
        0.9062559421943335
    ],
    "1.1": [
        0.9132381155403965
    ],
    "0.9": [
        0.9283342556723851
    ],
    "0.8": [
        0.953960731211916
    ],
    "0.7": [
        0.9716632443531827
    ],
    "0.6": [
        0.9742533470648815
    ],
    "0.5": [
        0.9775753328661527
    ],
    "0.4": [
        0.9763079960513327
    ],
    "0.3": [
        0.9764868603042877
    ],
    "0.2": [
        0.9776785714285714
    ],
    "0.1": [
        0.9817073170731707
    ]
}