{
    "inf": [
        0.7908425216732599
    ],
    "2": [
        0.8763306610592719
    ],
    "1.6": [
        0.9014084507042254
    ],
    "1.5": [
        0.9045138888888888
    ],
    "1.4": [
        0.9087301587301587
    ],
    "1.3": [
        0.8941176470588236
    ],
    "1.2": [
        0.7931034482758621
    ],
    "1.1": [
        0.875
    ],
    "0.9": [
        null
    ],
    "0.8": [
        null
    ],
    "0.7": [
        null
    ],
    "0.6": [
        null
    ],
    "0.5": [
        null
    ],
    "0.4": [
        null
    ],
    "0.3": [
        null
    ],
    "0.2": [
        null
    ],
    "0.1": [
        null
    ]
}