{
    "inf": [
        0.7875599696995202
    ],
    "2": [
        0.8469854006463836
    ],
    "1.6": [
        0.8963054951878299
    ],
    "1.5": [
        0.8919449901768173
    ],
    "1.4": [
        0.909973521624007
    ],
    "1.3": [
        0.9225908372827805
    ],
    "1.2": [
        0.9292035398230089
    ],
    "1.1": [
        0.9605263157894737
    ],
    "0.9": [
        1.0
    ],
    "0.8": [
        1.0
    ],
    "0.7": [
        null
    ],
    "0.6": [
        null
    ],
    "0.5": [
        null
    ],
    "0.4": [
        null
    ],
    "0.3": [
        null
    ],
    "0.2": [
        null
    ],
    "0.1": [
        null
    ]
}