{
    "inf": [
        0.7958926016328592
    ],
    "2": [
        0.8168541364296081
    ],
    "1.6": [
        0.8715803452855245
    ],
    "1.5": [
        0.881004847950639
    ],
    "1.4": [
        0.8881428103504749
    ],
    "1.3": [
        0.8983019901405879
    ],
    "1.2": [
        0.902852418354692
    ],
    "1.1": [
        0.9081439393939394
    ],
    "0.9": [
        0.9231018818948734
    ],
    "0.8": [
        0.9392059553349876
    ],
    "0.7": [
        0.9604190919674039
    ],
    "0.6": [
        0.9689984101748808
    ],
    "0.5": [
        0.9736564805057956
    ],
    "0.4": [
        0.9768451519536903
    ],
    "0.3": [
        0.9843400447427293
    ],
    "0.2": [
        0.9812206572769953
    ],
    "0.1": [
        0.9848484848484849
    ]
}