{
    "inf": [
        0.7951350896389193
    ],
    "2": [
        0.8774834437086093
    ],
    "1.6": [
        0.8882863340563991
    ],
    "1.5": [
        0.9067796610169492
    ],
    "1.4": [
        0.9227642276422764
    ],
    "1.3": [
        0.9325842696629213
    ],
    "1.2": [
        0.8620689655172413
    ],
    "1.1": [
        1.0
    ],
    "0.9": [
        1.0
    ],
    "0.8": [
        null
    ],
    "0.7": [
        null
    ],
    "0.6": [
        null
    ],
    "0.5": [
        null
    ],
    "0.4": [
        null
    ],
    "0.3": [
        null
    ],
    "0.2": [
        null
    ],
    "0.1": [
        null
    ]
}