{
    "inf": [
        0.7852032657183738
    ],
    "2": [
        0.8662837296286401
    ],
    "1.6": [
        0.8923357664233577
    ],
    "1.5": [
        0.9058823529411765
    ],
    "1.4": [
        0.9203539823008849
    ],
    "1.3": [
        0.9329896907216495
    ],
    "1.2": [
        0.9583333333333334
    ],
    "1.1": [
        0.96875
    ],
    "0.9": [
        1.0
    ],
    "0.8": [
        1.0
    ],
    "0.7": [
        null
    ],
    "0.6": [
        null
    ],
    "0.5": [
        null
    ],
    "0.4": [
        null
    ],
    "0.3": [
        null
    ],
    "0.2": [
        null
    ],
    "0.1": [
        null
    ]
}