{
    "inf": [
        0.794714249642286
    ],
    "2": [
        0.8634329260916899
    ],
    "1.6": [
        0.9027962716378163
    ],
    "1.5": [
        0.9115113547376664
    ],
    "1.4": [
        0.9189907038512616
    ],
    "1.3": [
        0.9308035714285714
    ],
    "1.2": [
        0.9386281588447654
    ],
    "1.1": [
        0.9571428571428572
    ],
    "0.9": [
        0.9473684210526315
    ],
    "0.8": [
        1.0
    ],
    "0.7": [
        1.0
    ],
    "0.6": [
        null
    ],
    "0.5": [
        null
    ],
    "0.4": [
        null
    ],
    "0.3": [
        null
    ],
    "0.2": [
        null
    ],
    "0.1": [
        null
    ]
}