{
    "inf": [
        0.7878124736975002
    ],
    "2": [
        0.7931359123587812
    ],
    "1.6": [
        0.8360722256035708
    ],
    "1.5": [
        0.8469608479342419
    ],
    "1.4": [
        0.8602026715799171
    ],
    "1.3": [
        0.8716531564726111
    ],
    "1.2": [
        0.8794959306904699
    ],
    "1.1": [
        0.8907849829351536
    ],
    "0.9": [
        0.9080970276733857
    ],
    "0.8": [
        0.9173664122137405
    ],
    "0.7": [
        0.9427024588314911
    ],
    "0.6": [
        0.9633535460058001
    ],
    "0.5": [
        0.9739351557533376
    ],
    "0.4": [
        0.9765656565656565
    ],
    "0.3": [
        0.9791078486730661
    ],
    "0.2": [
        0.9830357142857142
    ],
    "0.1": [
        0.9842209072978304
    ]
}