{
    "inf": [
        0.7836882417304941
    ],
    "2": [
        0.8570574877494921
    ],
    "1.6": [
        0.9087870105062082
    ],
    "1.5": [
        0.9163636363636364
    ],
    "1.4": [
        0.9424242424242424
    ],
    "1.3": [
        0.9354066985645934
    ],
    "1.2": [
        0.9446808510638298
    ],
    "1.1": [
        0.9456521739130435
    ],
    "0.9": [
        1.0
    ],
    "0.8": [
        1.0
    ],
    "0.7": [
        null
    ],
    "0.6": [
        null
    ],
    "0.5": [
        null
    ],
    "0.4": [
        null
    ],
    "0.3": [
        null
    ],
    "0.2": [
        null
    ],
    "0.1": [
        null
    ]
}