{
    "inf": [
        0.7987543136099655
    ],
    "2": [
        0.8419507789568751
    ],
    "1.6": [
        0.8647912885662432
    ],
    "1.5": [
        0.8656595629889399
    ],
    "1.4": [
        0.8669871794871795
    ],
    "1.3": [
        0.8616938616938616
    ],
    "1.2": [
        0.8481831757093081
    ],
    "1.1": [
        0.8479381443298969
    ],
    "0.9": [
        0.8911335578002245
    ],
    "0.8": [
        0.9315476190476191
    ],
    "0.7": [
        0.9571984435797666
    ],
    "0.6": [
        0.9621621621621622
    ],
    "0.5": [
        0.9586776859504132
    ],
    "0.4": [
        0.9629629629629629
    ],
    "0.3": [
        0.9381443298969072
    ],
    "0.2": [
        0.8863636363636364
    ],
    "0.1": [
        0.8636363636363636
    ]
}