{
    "inf": [
        0.7942092416463261
    ],
    "2": [
        0.8799311433079903
    ],
    "1.6": [
        0.9004566210045662
    ],
    "1.5": [
        0.9112781954887218
    ],
    "1.4": [
        0.9391100702576113
    ],
    "1.3": [
        0.9502262443438914
    ],
    "1.2": [
        0.9473684210526315
    ],
    "1.1": [
        0.9629629629629629
    ],
    "0.9": [
        1.0
    ],
    "0.8": [
        1.0
    ],
    "0.7": [
        1.0
    ],
    "0.6": [
        null
    ],
    "0.5": [
        null
    ],
    "0.4": [
        null
    ],
    "0.3": [
        null
    ],
    "0.2": [
        null
    ],
    "0.1": [
        null
    ]
}