{
    "inf": [
        0.7906741856746066
    ],
    "2": [
        0.8551990021544392
    ],
    "1.6": [
        0.9166138237159163
    ],
    "1.5": [
        0.9192128430864837
    ],
    "1.4": [
        0.9325432999088423
    ],
    "1.3": [
        0.9483568075117371
    ],
    "1.2": [
        0.9614325068870524
    ],
    "1.1": [
        0.967741935483871
    ],
    "0.9": [
        0.9285714285714286
    ],
    "0.8": [
        1.0
    ],
    "0.7": [
        1.0
    ],
    "0.6": [
        null
    ],
    "0.5": [
        null
    ],
    "0.4": [
        null
    ],
    "0.3": [
        null
    ],
    "0.2": [
        null
    ],
    "0.1": [
        null
    ]
}