{
    "inf": [
        0.7934517296523862
    ],
    "2": [
        0.8012037833190025
    ],
    "1.6": [
        0.8484783540505787
    ],
    "1.5": [
        0.8599587439834976
    ],
    "1.4": [
        0.8707299090685672
    ],
    "1.3": [
        0.8817941952506596
    ],
    "1.2": [
        0.8915472779369628
    ],
    "1.1": [
        0.900919146284468
    ],
    "0.9": [
        0.9166666666666666
    ],
    "0.8": [
        0.9256698357821953
    ],
    "0.7": [
        0.9492697924673328
    ],
    "0.6": [
        0.9688367787719839
    ],
    "0.5": [
        0.9746978851963746
    ],
    "0.4": [
        0.9787128712871287
    ],
    "0.3": [
        0.9792114695340501
    ],
    "0.2": [
        0.9847058823529412
    ],
    "0.1": [
        0.9833333333333333
    ]
}