{
    "inf": [
        0.8091911455264709
    ],
    "2": [
        0.8625706384513647
    ],
    "1.6": [
        0.8997018162103552
    ],
    "1.5": [
        0.9011896893588897
    ],
    "1.4": [
        0.8996696944673823
    ],
    "1.3": [
        0.8994237820848612
    ],
    "1.2": [
        0.9097902097902097
    ],
    "1.1": [
        0.9290444654683065
    ],
    "0.9": [
        0.9346733668341709
    ],
    "0.8": [
        0.9495614035087719
    ],
    "0.7": [
        0.9533527696793003
    ],
    "0.6": [
        0.95
    ],
    "0.5": [
        0.9562841530054644
    ],
    "0.4": [
        0.9433962264150944
    ],
    "0.3": [
        0.9016393442622951
    ],
    "0.2": [
        0.8529411764705882
    ],
    "0.1": [
        0.7777777777777778
    ]
}