{
    "inf": [
        0.7883174816934602
    ],
    "2": [
        0.8651740681510641
    ],
    "1.6": [
        0.9021134593993326
    ],
    "1.5": [
        0.9095074455899198
    ],
    "1.4": [
        0.9280205655526992
    ],
    "1.3": [
        0.9345238095238095
    ],
    "1.2": [
        0.8723404255319149
    ],
    "1.1": [
        0.9230769230769231
    ],
    "0.9": [
        null
    ],
    "0.8": [
        null
    ],
    "0.7": [
        null
    ],
    "0.6": [
        null
    ],
    "0.5": [
        null
    ],
    "0.4": [
        null
    ],
    "0.3": [
        null
    ],
    "0.2": [
        null
    ],
    "0.1": [
        null
    ]
}